ince_id,dano_uso_suelo,registros,superficie_dano
777029904,8,1,0.03
777042837,7,1,0.02
777042837,8,1,0.05
777042837,10,1,0.03
777046569,7,1,1.5
777046569,8,1,1.1
777054054,7,1,0.01
777106919,6,1,3.98
777106919,7,1,5.0
777159307,6,1,0.005
777159307,7,1,0.005
777163355,7,1,0.5
777163355,8,1,5.5
777217333,6,1,0.032
777217333,8,1,0.098
777224132,7,1,0.005
777224132,8,1,0.005
777227985,1,1,0.0
777227985,2,1,0.0
777227985,3,1,0.0
777227985,4,1,0.0
777227985,5,1,0.0
777227985,6,1,0.0
777227985,7,1,0.0
777227985,8,1,0.0
777227985,9,1,0.0
777227985,10,1,0.7
777277928,8,1,8.35
777278741,7,1,0.13
777278741,8,1,0.13
777325818,7,1,0.27
777325818,8,1,2.0
777328783,7,1,0.01
777341661,7,1,0.5
777341661,8,1,1.0
777383343,6,1,0.1
777383343,7,1,0.05
777383343,8,1,0.02
777394823,9,1,0.001
777401548,10,1,0.003
777464629,7,1,0.005
777464629,10,1,0.005
777513421,1,1,0.15
777513421,2,1,0.0
777513421,3,1,0.0
777513421,4,1,0.0
777513421,5,1,0.0
777513421,6,1,0.0
777513421,7,1,0.0
777513421,8,1,0.0
777513421,9,1,0.0
777513421,10,1,0.0
777522605,6,1,6.18
777569245,6,1,0.1
777579309,8,1,0.2
777589985,8,1,0.0
777683828,7,1,0.65
777683828,8,1,0.06
777710624,4,1,0.01
777712859,1,1,0.0
777712859,2,1,0.0
777712859,3,1,0.0
777712859,4,1,0.0
777712859,5,1,0.0
777712859,6,1,0.0
777712859,7,1,0.0
777712859,8,1,0.0
777712859,9,1,0.0
777712859,10,1,0.01
777736889,1,1,0.0
777736889,2,1,0.0
777736889,3,1,0.0
777736889,4,1,0.0
777736889,5,1,0.0
777736889,6,1,0.0
777736889,7,1,1.6
777736889,8,1,0.0
777736889,9,1,0.0
777736889,10,1,0.0
777737520,1,1,0.0
777737520,2,1,0.0
777737520,3,1,0.0
777737520,4,1,0.0
777737520,5,1,0.0
777737520,6,1,0.0
777737520,7,1,1.1
777737520,8,1,0.0
777737520,9,1,0.0
777737520,10,1,0.0
777737789,1,1,0.0
777737789,2,1,0.0
777737789,3,1,0.0
777737789,4,1,0.0
777737789,5,1,0.0
777737789,6,1,0.0
777737789,7,1,0.5
777737789,8,1,0.0
777737789,9,1,0.0
777737789,10,1,0.0
777749201,1,1,0.0
777749201,2,1,0.0
777749201,3,1,0.0
777749201,4,1,0.0
777749201,5,1,0.0
777749201,6,1,0.0
777749201,7,1,0.01
777749201,8,1,0.0
777749201,9,1,0.0
777749201,10,1,0.0
777749390,1,1,0.0
777749390,2,1,0.0
777749390,3,1,0.0
777749390,4,1,0.0
777749390,5,1,0.0
777749390,6,1,0.0
777749390,7,1,0.28
777749390,8,1,0.0
777749390,9,1,0.0
777749390,10,1,0.0
777752053,1,1,0.0
777752053,2,1,0.0
777752053,3,1,0.0
777752053,4,1,0.0
777752053,5,1,0.0
777752053,6,1,0.0
777752053,7,1,0.14
777752053,8,1,0.0
777752053,9,1,0.0
777752053,10,1,0.0
777792805,8,1,0.005
777792805,10,1,0.005
777794962,6,1,0.2
777794962,7,1,0.2
777794962,10,1,13.5
777815348,1,1,0.0
777815348,2,1,0.0
777815348,3,1,0.0
777815348,4,1,0.0
777815348,5,1,0.0
777815348,6,1,0.0
777815348,7,1,0.0
777815348,8,1,0.0
777815348,9,1,0.0
777815348,10,1,0.01
777815830,1,1,0.0
777815830,2,1,0.0
777815830,3,1,0.0
777815830,4,1,0.0
777815830,5,1,0.0
777815830,6,1,0.0
777815830,7,1,0.0
777815830,8,1,0.0
777815830,9,1,0.0
777815830,10,1,0.04
777832319,1,1,0.0
777832319,2,1,0.0
777832319,3,1,0.0
777832319,4,1,0.0
777832319,5,1,0.0
777832319,6,1,0.0
777832319,7,1,0.0
777832319,8,1,0.0
777832319,9,1,0.0
777832319,10,1,0.07
777842503,7,1,0.05
777842503,10,1,0.1
777849249,7,1,0.2
777849678,8,1,1.5
777893617,1,1,0.0
777893617,2,1,0.0
777893617,3,1,0.0
777893617,4,1,0.0
777893617,5,1,0.0
777893617,6,1,0.0
777893617,7,1,0.034
777893617,8,1,0.0
777893617,9,1,0.0
777893617,10,1,0.0
777895185,7,1,0.12
777895185,8,1,0.28
777898540,7,1,0.1
777898540,8,1,4.0
777928340,7,1,0.02
777929397,7,1,0.01
777929397,8,1,0.01
777934669,7,1,0.1
777936653,7,1,0.3
777936653,8,1,1.7
777937998,8,1,0.05
777960792,7,1,0.01
777975123,7,1,0.02
777985037,6,1,0.16
777985037,7,1,2.95
777989779,8,1,0.1
777994595,7,1,0.07
777997560,6,1,1.58
777997560,7,1,3.15
777997560,9,1,6.31
778009448,7,1,30.0
778009448,8,1,21.41
778023200,1,1,0.0
778023200,2,1,0.0
778023200,3,1,0.0
778023200,4,1,0.0
778023200,5,1,0.0
778023200,6,1,0.0
778023200,7,1,0.4
778023200,8,1,0.0
778023200,9,1,0.0
778023200,10,1,0.0
778281891,1,1,0.0
778281891,2,1,0.0
778281891,3,1,0.0
778281891,4,1,0.0
778281891,5,1,0.0
778281891,6,1,0.0
778281891,7,1,1.7
778281891,8,1,0.0
778281891,9,1,0.0
778281891,10,1,0.0
778282240,1,1,0.0
778282240,2,1,0.0
778282240,3,1,0.0
778282240,4,1,0.0
778282240,5,1,0.0
778282240,6,1,0.0
778282240,7,1,1.0
778282240,8,1,0.0
778282240,9,1,0.0
778282240,10,1,0.0
778304028,7,1,1.3
778304028,8,1,0.2
778312184,7,1,0.005
778312184,8,1,0.005
778323219,8,1,0.1
778327692,7,1,0.01
778337384,7,1,4.07
778357029,6,1,0.02
778357029,7,1,0.03
778362108,7,1,0.005
778362108,8,1,0.005
778389154,8,1,1.7
778467128,6,1,2.17
778467128,7,1,2.17
778467128,8,1,1.08
778472153,4,1,0.005
778472153,8,1,0.005
778476326,8,1,0.43
778511172,6,1,0.04
778511172,7,1,0.02
778511172,10,1,0.02
778537618,6,1,0.5
778537618,7,1,1.5
778537618,8,1,0.5
778617546,1,1,0.0
778617546,2,1,0.0
778617546,3,1,0.0
778617546,4,1,0.0
778617546,5,1,0.0
778617546,6,1,0.0
778617546,7,1,0.01
778617546,8,1,0.0
778617546,9,1,0.0
778617546,10,1,0.0
778634642,8,1,0.005
778691899,6,1,0.1
778691899,7,1,0.7
778691899,8,1,0.2
778777864,1,1,0.0
778777864,2,1,0.0
778777864,3,1,0.0
778777864,4,1,0.0
778777864,5,1,0.0
778777864,6,1,0.0
778777864,7,1,0.012
778777864,8,1,0.0
778777864,9,1,0.0
778777864,10,1,0.0
778843629,7,1,0.2
778862568,6,1,17.5
778862568,7,1,10.0
778862568,8,1,7.5
778908214,7,1,0.1
778926563,10,1,0.01
778929969,6,1,0.05
778929969,7,1,0.1
778944574,2,1,0.05
778944574,4,1,0.05
778944574,10,1,0.5
779001124,7,1,0.1
779003018,6,1,0.3
779003018,7,1,0.3
779004887,10,1,0.01
779022271,10,1,0.01
779022390,10,1,3.0
779023075,8,1,0.01
779085303,4,1,0.2
779085303,6,1,0.1
779085303,7,1,0.1
779085303,8,1,0.85
779087574,8,1,0.2
779097116,7,1,0.05
779097116,8,1,0.1
779103362,8,1,0.11
779117549,6,1,1.2
779117549,7,1,1.8
779117549,8,1,9.0
779152683,8,1,0.73
779186955,7,1,0.0
779186955,8,1,0.0
779209761,7,1,0.101
779218515,1,1,0.0
779218515,2,1,0.0
779218515,3,1,0.0
779218515,4,1,0.0
779218515,5,1,0.0
779218515,6,1,0.0
779218515,7,1,0.0
779218515,8,1,0.0
779218515,9,1,0.0
779218515,10,1,0.26
779275455,10,1,0.018
779275912,6,1,0.5
779275912,7,1,2.0
779275912,8,1,5.0
779279008,10,1,0.8
779300400,1,1,0.0
779300400,2,1,0.0
779300400,3,1,0.0
779300400,4,1,0.0
779300400,5,1,0.0
779300400,6,1,0.0
779300400,7,1,0.58
779300400,8,1,0.0
779300400,9,1,0.0
779300400,10,1,0.0
779315945,8,1,0.1
779372423,7,1,1.0
779377113,1,1,0.4
779377113,2,1,0.0
779377113,3,1,0.0
779377113,4,1,0.0
779377113,5,1,0.0
779377113,6,1,0.0
779377113,7,1,0.55
779377113,8,1,0.0
779377113,9,1,0.0
779377113,10,1,0.1
779384350,8,1,0.01
779391720,6,1,0.25
779391720,7,1,0.25
779392018,8,1,0.01
779392517,8,1,0.01
779471523,4,1,2.5
779471523,7,1,2.0
779471523,8,1,3.0
779471523,10,1,0.5
779479684,8,1,5.2
779560501,10,1,0.1
779563342,7,1,0.04
779583822,7,1,0.4
779626600,1,1,0.0
779626600,2,1,0.0
779626600,3,1,0.0
779626600,4,1,0.0
779626600,5,1,0.0
779626600,6,1,0.0
779626600,7,1,0.25
779626600,8,1,0.0
779626600,9,1,0.0
779626600,10,1,0.0
779633475,1,1,0.0
779633475,2,1,0.0
779633475,3,1,0.0
779633475,4,1,0.0
779633475,5,1,0.0
779633475,6,1,0.0
779633475,7,1,0.27
779633475,8,1,0.0
779633475,9,1,0.0
779633475,10,1,0.0
779633837,1,1,0.0
779633837,2,1,0.0
779633837,3,1,0.0
779633837,4,1,0.0
779633837,5,1,0.0
779633837,6,1,0.0
779633837,7,1,0.27
779633837,8,1,0.0
779633837,9,1,0.0
779633837,10,1,0.0
779662624,1,1,0.0
779662624,2,1,0.0
779662624,3,1,0.0
779662624,4,1,0.0
779662624,5,1,0.0
779662624,6,1,0.0
779662624,7,1,0.01
779662624,8,1,0.0
779662624,9,1,0.0
779662624,10,1,0.0
779663781,4,1,0.02
779680918,6,1,0.1
779680918,10,1,0.4
779687895,8,1,0.01
779700931,7,1,0.01
779701104,8,1,0.01
779759798,1,1,0.0
779759798,2,1,0.0
779759798,3,1,0.0
779759798,4,1,0.0
779759798,5,1,0.0
779759798,6,1,0.0
779759798,7,1,0.0005
779759798,8,1,0.0
779759798,9,1,0.0
779759798,10,1,0.0
779761375,1,1,0.0
779761375,2,1,0.0
779761375,3,1,0.0
779761375,4,1,0.0
779761375,5,1,0.0
779761375,6,1,0.0
779761375,7,1,0.37
779761375,8,1,0.0
779761375,9,1,0.0
779761375,10,1,0.0
779767830,8,1,0.15
779772842,1,1,0.0
779772842,2,1,0.0
779772842,3,1,0.0
779772842,4,1,0.0
779772842,5,1,0.0
779772842,6,1,0.0
779772842,7,1,0.01
779772842,8,1,0.0
779772842,9,1,0.0
779772842,10,1,0.0
779777867,6,1,6.88
779777867,7,1,3.44
779777867,8,1,5.16
779822303,4,1,0.05
779861984,7,1,0.0
779861984,8,1,0.0
779862887,7,1,0.01
779862887,8,1,0.03
779862887,10,1,0.03
779901735,1,1,0.0
779901735,2,1,0.0
779901735,3,1,0.0
779901735,4,1,0.0
779901735,5,1,0.0
779901735,6,1,0.0
779901735,7,1,0.08
779901735,8,1,0.0
779901735,9,1,0.0
779901735,10,1,0.0
779950887,8,1,0.8
780055812,10,1,0.01
780136588,10,1,0.001
780171082,8,1,0.03
780250548,8,1,0.2
780280709,1,1,0.0
780280709,2,1,0.0
780280709,3,1,0.0
780280709,4,1,4.6
780280709,5,1,0.0
780280709,6,1,0.0
780280709,7,1,0.0
780280709,8,1,0.0
780280709,9,1,0.0
780280709,10,1,0.0
780281204,7,1,0.5
780281585,7,1,0.1
780281585,8,1,0.05
780284240,7,1,0.07
780284240,8,1,0.1
780286190,8,1,0.3
780315325,7,1,0.5
780405434,1,1,0.0
780405434,2,1,0.0
780405434,3,1,0.0
780405434,4,1,0.0
780405434,5,1,0.01
780405434,6,1,0.0
780405434,7,1,0.3813
780405434,8,1,0.0
780405434,9,1,0.0
780405434,10,1,0.0
780405797,1,1,0.0
780405797,2,1,0.0
780405797,3,1,0.0
780405797,4,1,0.0
780405797,5,1,0.0
780405797,6,1,0.0
780405797,7,1,0.045
780405797,8,1,0.0
780405797,9,1,0.0
780405797,10,1,0.0
780407291,7,1,0.1
780407291,8,1,0.4
780465664,1,1,0.0
780465664,2,1,0.0
780465664,3,1,0.0
780465664,4,1,0.0
780465664,5,1,0.0
780465664,6,1,0.0
780465664,7,1,0.0045
780465664,8,1,0.0
780465664,9,1,0.0
780465664,10,1,0.0
780482292,7,1,0.02
780487987,7,1,0.016
780487987,8,1,0.004
780500065,6,1,1.0
780500065,7,1,2.0
780503721,6,1,0.05
780503721,7,1,0.18
780507299,6,1,0.1
780545025,8,1,0.03
780545025,10,1,0.01
780549281,8,1,0.2
780574699,4,1,0.6
780574699,10,1,0.6
780620275,1,1,0.0
780620275,2,1,0.0
780620275,3,1,0.0
780620275,4,1,0.0
780620275,5,1,0.0
780620275,6,1,0.0
780620275,7,1,0.1
780620275,8,1,0.0
780620275,9,1,0.0
780620275,10,1,0.0
780644984,1,1,0.0
780644984,2,1,0.0
780644984,3,1,0.0
780644984,4,1,0.0
780644984,5,1,0.0
780644984,6,1,0.0
780644984,7,1,0.01
780644984,8,1,0.0
780644984,9,1,0.0
780644984,10,1,0.0
780651790,1,1,0.0
780651790,2,1,0.0
780651790,3,1,0.0
780651790,4,1,0.0
780651790,5,1,0.0
780651790,6,1,0.0
780651790,7,1,0.0
780651790,8,1,0.0
780651790,9,1,0.0
780651790,10,1,0.144
780658474,7,1,0.025
780658474,8,1,0.025
780692951,8,1,1.6
780747561,1,1,0.0
780747561,2,1,0.0
780747561,3,1,0.0
780747561,4,1,0.0
780747561,5,1,0.0
780747561,6,1,0.0
780747561,7,1,0.49
780747561,8,1,0.0
780747561,9,1,0.0
780747561,10,1,0.0
780753299,10,1,0.05
780754148,8,1,0.02
780757481,1,1,0.0
780757481,2,1,0.0
780757481,3,1,0.0
780757481,4,1,0.0
780757481,5,1,0.0
780757481,6,1,0.0
780757481,7,1,0.0
780757481,8,1,0.0
780757481,9,1,0.0
780757481,10,1,3.12
780757881,1,1,0.0
780757881,2,1,0.0
780757881,3,1,0.0
780757881,4,1,0.0
780757881,5,1,0.0
780757881,6,1,0.0
780757881,7,1,0.22
780757881,8,1,0.0
780757881,9,1,0.0
780757881,10,1,0.0
780829485,7,1,0.01
780829485,10,1,0.02
780879072,1,1,0.0
780879072,2,1,0.0
780879072,3,1,0.0
780879072,4,1,0.0
780879072,5,1,0.0
780879072,6,1,0.0
780879072,7,1,0.03
780879072,8,1,0.0
780879072,9,1,0.0
780879072,10,1,0.0
780905678,8,1,0.09
780933205,6,1,0.05
780933205,8,1,0.05
781055550,6,1,1.17
781055550,7,1,1.17
781055550,8,1,0.36
781076496,1,1,0.0
781076496,2,1,0.0
781076496,3,1,0.0
781076496,4,1,0.0
781076496,5,1,0.0
781076496,6,1,0.0
781076496,7,1,0.0
781076496,8,1,0.0
781076496,9,1,0.0
781076496,10,1,0.04
781076601,1,1,0.01
781076601,2,1,0.0
781076601,3,1,0.0
781076601,4,1,0.0
781076601,5,1,0.0
781076601,6,1,0.0
781076601,7,1,0.0
781076601,8,1,0.0
781076601,9,1,0.0
781076601,10,1,0.0
781082413,7,1,2.0
781094566,4,1,0.25
781094566,7,1,2.0
781094566,8,1,0.25
781158524,10,1,0.15
781159819,4,1,0.5
781159819,7,1,1.0
781159819,10,1,0.5
781191700,1,1,0.5
781191700,4,1,1.6
781191700,7,1,0.4
781203554,8,1,0.01
781208552,1,1,0.3
781208552,7,1,0.1
781208552,8,1,0.1
781282766,4,1,0.0025
781282766,7,1,0.0045
781282766,10,1,0.003
781296976,8,1,0.03
781296976,10,1,0.01
781312470,8,1,0.01
781312787,7,1,4.0
781312787,8,1,1.0
781315965,1,1,0.2
781315965,4,1,0.1
781315965,6,1,0.1
781320314,6,1,0.03
781320314,7,1,0.017
781330199,7,1,0.45
781330199,8,1,1.0
781343112,4,1,0.34
781343112,7,1,0.15
781344167,4,1,0.1
781344167,7,1,0.3
781363157,7,1,1.0
781363157,8,1,9.0
781370753,7,1,0.5
781370819,4,1,0.01
781414047,8,1,1.02
781419308,1,1,0.1
781419308,4,1,0.3
781419308,10,1,2.0
781433907,4,1,0.2
781433907,7,1,1.7
781440910,7,1,0.04
781440910,10,1,0.03
781441679,8,1,2.5
781458455,7,1,0.2
781462180,6,1,0.1
781462180,7,1,0.7
781462180,8,1,0.1
781468757,7,1,0.05
781468757,8,1,0.15
781486144,7,1,1.5
781515635,4,1,0.28
781554945,8,1,0.5
781566887,3,1,0.1
781566887,7,1,0.2
781566887,8,1,0.1
781568478,10,1,1.75
781572430,7,1,0.6
781572430,8,1,0.2
781572698,8,1,7.0
781575907,8,1,0.004
781586908,7,1,0.1
781586908,8,1,0.2
781600993,8,1,0.35
781604949,4,1,0.15
781604949,6,1,0.15
781619457,6,1,0.15
781619457,7,1,0.05
781619457,8,1,0.3
781688949,7,1,0.01
781701868,8,1,8.0
781704567,7,1,0.015
781704567,8,1,0.015
781711568,7,1,0.0075
781711568,8,1,0.0025
781711696,2,1,0.5
781711696,4,1,0.5
781732283,7,1,0.01
781732283,8,1,0.0484
781740508,7,1,0.1
781740637,6,1,0.4
781740637,7,1,0.3
781755773,6,1,0.06
781768899,7,1,0.06
781768899,8,1,0.04
781821214,4,1,0.09
781821214,6,1,0.01
781825235,1,1,0.0
781825235,2,1,0.0
781825235,3,1,0.0
781825235,4,1,0.0
781825235,5,1,0.0
781825235,6,1,0.0
781825235,7,1,0.7378
781825235,8,1,0.0
781825235,9,1,0.0
781825235,10,1,0.0
781831752,4,1,0.6
781831752,6,1,0.2
781842626,7,1,0.1
781865256,7,1,0.1
781865256,8,1,0.07
781882474,7,1,0.1
781887657,8,1,0.86
781888426,8,1,0.3
781893326,7,1,0.005
781893326,10,1,0.005
781895192,3,1,0.1
781895192,6,1,0.3
781895192,8,1,0.7
781899087,4,1,1.0
781899087,7,1,3.0
781899796,7,1,0.6
781900615,7,1,0.11
781913899,7,1,0.3
781913899,8,1,0.7
781921184,7,1,0.06
781921184,10,1,0.04
781929563,7,1,0.01
781929563,8,1,0.03
781937824,7,1,0.02
781937824,10,1,0.01
781979454,1,1,0.0
781979454,2,1,0.0
781979454,3,1,0.0
781979454,4,1,0.0
781979454,5,1,0.0
781979454,6,1,0.0
781979454,7,1,0.19
781979454,8,1,0.0
781979454,9,1,0.0
781979454,10,1,0.0
782096227,8,1,2.0
782155544,10,1,0.01
782162618,7,1,0.01
782162618,8,1,0.01
782172451,1,1,0.0
782172451,2,1,0.0
782172451,3,1,0.0
782172451,4,1,0.0
782172451,5,1,0.0
782172451,6,1,0.0
782172451,7,1,0.12
782172451,8,1,0.0
782172451,9,1,0.0
782172451,10,1,0.0
782181599,7,1,0.8
782207036,4,1,1.5
782207036,7,1,1.0
782209331,4,1,0.65
782220390,6,1,1.0
782220390,7,1,0.5
782221225,8,1,0.18
782222344,7,1,0.03
782222916,1,1,0.0
782222916,2,1,0.0
782222916,3,1,0.2
782222916,4,1,0.0
782222916,5,1,0.0
782222916,6,1,0.0
782222916,7,1,0.3
782222916,8,1,0.35
782222916,9,1,0.0
782222916,10,1,0.0
782232808,4,1,1.18
782244062,2,1,0.8
782244062,7,1,0.4
782244062,8,1,0.3
782257001,6,1,0.005
782257001,7,1,0.005
782258887,7,1,0.2
782258887,8,1,0.1
782296577,4,1,0.37
782296577,6,1,0.37
782296577,8,1,1.94
782300582,1,1,0.0
782300582,2,1,0.0
782300582,3,1,0.0
782300582,4,1,0.0
782300582,5,1,0.0
782300582,6,1,0.0
782300582,7,1,0.31
782300582,8,1,0.0
782300582,9,1,0.0
782300582,10,1,0.0
782314669,7,1,0.01
782314669,8,1,0.09
782318566,3,1,0.28
782335547,8,1,0.73
782338919,7,1,0.1
782338919,8,1,0.5
782343749,6,1,0.2
782343749,7,1,0.5
782345439,4,1,0.25
782345439,7,1,0.25
782346563,1,1,0.0
782346563,2,1,0.0
782346563,3,1,0.0
782346563,4,1,0.0
782346563,5,1,0.0
782346563,6,1,0.0
782346563,7,1,0.71
782346563,8,1,0.0
782346563,9,1,0.0
782346563,10,1,0.0
782347863,4,1,0.3
782347863,7,1,0.05
782347863,8,1,0.05
782347905,7,1,2.5
782360979,7,1,0.05
782360979,8,1,0.1
782361494,7,1,0.2
782361494,8,1,2.8
782372466,1,1,0.25
782372466,2,1,0.0
782372466,3,1,0.0
782372466,4,1,0.0
782372466,5,1,0.0
782372466,6,1,0.0
782372466,7,1,0.0
782372466,8,1,0.0
782372466,9,1,0.0
782372466,10,1,0.0
782375005,1,1,0.0
782375005,2,1,0.0
782375005,3,1,0.0
782375005,4,1,0.8
782375005,5,1,0.0
782375005,6,1,0.0
782375005,7,1,0.0
782375005,8,1,0.0
782375005,9,1,0.0
782375005,10,1,0.0
782393109,8,1,0.4
782453697,7,1,0.07
782453697,8,1,0.1
782458775,6,1,0.5
782458775,8,1,1.0
782461831,4,1,0.1
782461831,7,1,0.6
782461831,8,1,0.1
782463075,7,1,0.1
782463075,8,1,0.2
782475572,4,1,0.7
782475572,6,1,0.3
782475572,8,1,5.3
782480268,10,1,0.5
782482101,8,1,0.04
782486227,6,1,0.1
782486227,8,1,0.2
782491129,4,1,0.2
782494658,1,1,0.0
782494658,2,1,0.0
782494658,3,1,0.2
782494658,4,1,0.0
782494658,5,1,0.0
782494658,6,1,0.0
782494658,7,1,0.22
782494658,8,1,0.0
782494658,9,1,0.0
782494658,10,1,0.0
782523425,10,1,0.3
782556496,1,1,0.0
782556496,2,1,0.0
782556496,3,1,0.0
782556496,4,1,0.0
782556496,5,1,0.0
782556496,6,1,0.0
782556496,7,1,0.04
782556496,8,1,0.0
782556496,9,1,0.0
782556496,10,1,0.0
782590195,4,1,0.9
782590195,7,1,0.1
782591522,7,1,0.01
782591522,8,1,0.01
782592043,1,1,0.0
782592043,2,1,0.0
782592043,3,1,0.0
782592043,4,1,0.0
782592043,5,1,0.0
782592043,6,1,0.0
782592043,7,1,0.02
782592043,8,1,0.0
782592043,9,1,0.0
782592043,10,1,0.0
782594541,1,1,0.0
782594541,2,1,0.0
782594541,3,1,0.0
782594541,4,1,0.0
782594541,5,1,0.0
782594541,6,1,0.0
782594541,7,1,0.04
782594541,8,1,0.0
782594541,9,1,0.0
782594541,10,1,0.0
782597892,1,1,0.0
782597892,2,1,0.0
782597892,3,1,0.0
782597892,4,1,0.0
782597892,5,1,0.0
782597892,6,1,0.0
782597892,7,1,0.04
782597892,8,1,0.0
782597892,9,1,0.0
782597892,10,1,0.0
782598743,1,1,0.0
782598743,2,1,0.0
782598743,3,1,0.0
782598743,4,1,0.0
782598743,5,1,0.0
782598743,6,1,0.0
782598743,7,1,0.0
782598743,8,1,0.0
782598743,9,1,0.0
782598743,10,1,0.86
782598936,7,1,1.3
782600559,8,1,0.4
782600559,9,1,3.3
782608206,8,1,0.18
782608206,10,1,0.5
782610770,7,1,0.1
782610770,8,1,0.1
782621845,7,1,0.038
782623965,7,1,0.1
782623965,8,1,0.1
782625910,4,1,0.48
782626621,1,1,0.0
782626621,2,1,0.0
782626621,3,1,0.0
782626621,4,1,0.0
782626621,5,1,0.0
782626621,6,1,0.0
782626621,7,1,0.21
782626621,8,1,0.0
782626621,9,1,0.0
782626621,10,1,0.0
782639562,4,1,1.0
782639562,7,1,0.8
782641405,8,1,0.01
782642721,1,1,0.0
782642721,2,1,0.0
782642721,3,1,0.0
782642721,4,1,1.5
782642721,5,1,0.0
782642721,6,1,0.0
782642721,7,1,0.0
782642721,8,1,0.0
782642721,9,1,0.0
782642721,10,1,0.0
782648054,4,1,0.01
782655463,7,1,0.1
782655463,8,1,0.1
782664892,1,1,0.005
782664892,8,1,0.005
782676687,7,1,0.1
782676687,8,1,0.2
782697849,4,1,0.25
782697849,7,1,0.25
782697849,8,1,1.0
782703109,7,1,0.5
782708722,7,1,0.2
782708722,8,1,0.5
782770047,7,1,1.5
782791692,1,1,0.0
782791692,2,1,0.0
782791692,3,1,0.0
782791692,4,1,0.0
782791692,5,1,0.0
782791692,6,1,0.0
782791692,7,1,0.01
782791692,8,1,0.0
782791692,9,1,0.0
782791692,10,1,0.0
782802199,10,1,0.01
782804924,8,1,0.95
782806835,7,1,0.05
782806835,8,1,0.15
782812901,7,1,0.1
782812901,8,1,0.51
782815690,1,1,0.0
782815690,2,1,0.0
782815690,3,1,0.0
782815690,4,1,0.0
782815690,5,1,0.6
782815690,6,1,0.0
782815690,7,1,0.0
782815690,8,1,0.0
782815690,9,1,0.0
782815690,10,1,0.0
782818369,7,1,0.05
782818369,8,1,0.05
782818786,1,1,0.0
782818786,2,1,0.0
782818786,3,1,0.0
782818786,4,1,0.8
782818786,5,1,0.0
782818786,6,1,0.0
782818786,7,1,1.49
782818786,8,1,0.0
782818786,9,1,0.0
782818786,10,1,0.0
782819040,4,1,1.4
782819040,7,1,0.3
782819307,7,1,0.2
782820514,8,1,0.2
782823566,1,1,0.2
782823566,4,1,2.0
782823566,7,1,1.0
782823566,10,1,4.0
782834728,7,1,0.9
782837269,7,1,0.06
782837269,8,1,0.12
782843600,7,1,0.41
782843600,8,1,0.2
782850590,7,1,0.01
782858348,1,1,0.25
782858348,6,1,0.4
782858348,7,1,0.7
782858348,10,1,1.5
782859846,1,1,0.0
782859846,2,1,0.0
782859846,3,1,0.0
782859846,4,1,0.0
782859846,5,1,0.0
782859846,6,1,0.0
782859846,7,1,0.0
782859846,8,1,0.0
782859846,9,1,0.0
782859846,10,1,2.55
782861369,7,1,0.2
782861369,10,1,0.3
782865027,6,1,0.1
782865027,8,1,0.2
782865803,8,1,0.9
782865851,8,1,0.03
782865851,10,1,0.02
782931150,10,1,0.57
782972678,8,1,0.01
782983849,6,1,4.63
782983849,7,1,27.78
782983849,8,1,50.93
782987667,6,1,0.04
782987667,7,1,0.11
782989133,8,1,0.08
782989983,8,1,0.33
782990396,4,1,0.1
782990396,7,1,0.3
782990396,8,1,0.1
782992286,6,1,0.1
782992286,7,1,0.3
782993022,7,1,0.05
782993022,8,1,0.35
782998050,4,1,0.07
782998050,8,1,0.1
783008117,7,1,0.01
783008117,10,1,0.39
783012096,1,1,0.35
783012096,2,1,0.0
783012096,3,1,0.0
783012096,4,1,0.0
783012096,5,1,0.0
783012096,6,1,0.0
783012096,7,1,0.0
783012096,8,1,0.0
783012096,9,1,0.0
783012096,10,1,0.0
783017406,1,1,0.5
783017406,4,1,1.5
783017406,6,1,2.5
783017406,7,1,1.5
783017406,8,1,0.5
783022967,8,1,0.1
783024944,6,1,0.1
783024944,8,1,1.2
783026373,7,1,0.3
783026373,8,1,0.17
783029663,7,1,1.0
783033522,5,1,0.15
783033522,8,1,0.3
783036902,8,1,0.01
783109540,1,1,0.0
783109540,2,1,0.0
783109540,3,1,0.0
783109540,4,1,0.0
783109540,5,1,0.0
783109540,6,1,0.0
783109540,7,1,0.0
783109540,8,1,0.0
783109540,9,1,0.0
783109540,10,1,0.02
783151166,8,1,0.26
783174892,7,1,0.02
783174892,10,1,0.03
783181340,7,1,0.1
783181340,8,1,0.4
783182934,8,1,0.01
783189751,7,1,0.01
783195121,1,1,0.1
783195121,4,1,0.4
783195121,7,1,0.6
783195121,8,1,0.1
783195121,10,1,0.1
783210182,1,1,0.0
783210182,2,1,0.0
783210182,3,1,0.0
783210182,4,1,0.0
783210182,5,1,0.0
783210182,6,1,0.0
783210182,7,1,0.2
783210182,8,1,0.0
783210182,9,1,0.0
783210182,10,1,0.0
783214009,7,1,0.1
783216281,6,1,0.1
783216281,8,1,0.4
783218768,4,1,0.6
783232756,6,1,0.1
783232756,7,1,0.1
783241205,7,1,0.26
783241205,8,1,0.1
783241205,10,1,0.1
783245552,7,1,0.01
783324102,8,1,0.04
783329962,7,1,0.25
783329962,10,1,4.0
783353721,7,1,1.0
783353721,8,1,1.62
783364089,7,1,0.1
783365538,6,1,0.1
783365538,7,1,0.3
783365538,8,1,0.6
783377064,1,1,0.0
783377064,2,1,0.0
783377064,3,1,0.0
783377064,4,1,0.0
783377064,5,1,0.0
783377064,6,1,0.0
783377064,7,1,0.24
783377064,8,1,0.0
783377064,9,1,0.0
783377064,10,1,0.0
783377396,8,1,0.06
783384143,6,1,0.1
783384143,8,1,0.05
783392541,8,1,0.03
783399985,8,1,0.005
783404119,7,1,0.15
783404119,8,1,0.15
783442016,1,1,0.0
783442016,2,1,0.0
783442016,3,1,0.0
783442016,4,1,0.0
783442016,5,1,0.0
783442016,6,1,0.0
783442016,7,1,0.03
783442016,8,1,0.0
783442016,9,1,0.0
783442016,10,1,0.0
783442099,1,1,0.0
783442099,2,1,0.0
783442099,3,1,0.0
783442099,4,1,0.0
783442099,5,1,0.0
783442099,6,1,0.0
783442099,7,1,0.0
783442099,8,1,0.22
783442099,9,1,0.0
783442099,10,1,0.0
783468394,1,1,0.0
783468394,2,1,0.0
783468394,3,1,0.0
783468394,4,1,0.0
783468394,5,1,0.0
783468394,6,1,0.0
783468394,7,1,0.1
783468394,8,1,0.5
783468394,9,1,0.0
783468394,10,1,0.0
783473434,8,1,0.3
783485866,1,1,0.0
783485866,2,1,0.0
783485866,3,1,0.0
783485866,4,1,0.0
783485866,5,1,0.0
783485866,6,1,0.0
783485866,7,1,0.4
783485866,8,1,0.0
783485866,9,1,0.0
783485866,10,1,0.0
783486570,1,1,0.0
783486570,2,1,0.0
783486570,3,1,0.0
783486570,4,1,0.0
783486570,5,1,0.0
783486570,6,1,0.0
783486570,7,1,0.4
783486570,8,1,0.0
783486570,9,1,0.0
783486570,10,1,0.0
783487861,4,1,0.01
783487861,8,1,0.04
783491460,6,1,0.2
783491460,7,1,0.1
783491460,8,1,0.6
783492862,8,1,0.4
783503336,7,1,4.4
783503336,8,1,28.038
783504641,4,1,0.3
783504641,7,1,0.4
783504641,8,1,0.1
783507845,7,1,0.4
783507845,8,1,0.6
783516434,7,1,0.1
783516434,8,1,0.1
783516434,10,1,0.3
783518177,7,1,0.6
783522715,7,1,0.1
783522715,8,1,0.1
783527174,6,1,0.01
783527174,8,1,0.04
783558318,2,1,0.2
783558318,4,1,0.3
783558318,6,1,0.2
783558318,7,1,0.2
783558318,10,1,1.8
783568324,10,1,0.19
783635019,7,1,0.03
783640490,1,1,0.0
783640490,2,1,0.0
783640490,3,1,0.0
783640490,4,1,0.0
783640490,5,1,0.0
783640490,6,1,0.0
783640490,7,1,1.1
783640490,8,1,0.0
783640490,9,1,0.0
783640490,10,1,0.0
783642290,7,1,0.3
783642290,8,1,0.7
783643319,1,1,0.0
783643319,2,1,0.0
783643319,3,1,0.0
783643319,4,1,0.005
783643319,5,1,0.0
783643319,6,1,0.0
783643319,7,1,0.0
783643319,8,1,0.015
783643319,9,1,0.0
783643319,10,1,0.0
783647610,7,1,1.0
783647610,8,1,0.5
783648401,6,1,0.1
783648401,8,1,0.5
783651056,6,1,0.1
783651056,7,1,0.2
783651056,8,1,0.1
783657717,7,1,0.2
783657872,7,1,0.1
783662556,4,1,0.06
783662556,7,1,0.03
783662556,8,1,0.03
783666859,7,1,3.77
783669972,6,1,0.05
783669972,7,1,0.2
783669972,8,1,0.05
783671744,7,1,0.09
783671744,8,1,2.0
783679130,6,1,0.15
783679130,7,1,0.05
783684106,7,1,0.15
783684106,8,1,0.05
783691110,8,1,0.02
783691110,10,1,0.026
783697808,10,1,2.5
783700091,7,1,0.1
783717342,6,1,0.02
783717342,7,1,0.02
783720660,6,1,0.01
783720660,7,1,0.29
783804277,8,1,0.09
783808273,7,1,0.01
783808273,8,1,0.02
783810838,1,1,0.0
783810838,2,1,0.0
783810838,3,1,0.0
783810838,4,1,0.0
783810838,5,1,0.0
783810838,6,1,0.0
783810838,7,1,0.06
783810838,8,1,0.1
783810838,9,1,0.0
783810838,10,1,0.1
783812845,10,1,0.5
783818648,1,1,0.0
783818648,2,1,0.0
783818648,3,1,0.0
783818648,4,1,0.0
783818648,5,1,0.0
783818648,6,1,0.0
783818648,7,1,0.15
783818648,8,1,0.0
783818648,9,1,0.0
783818648,10,1,0.0
783827135,7,1,1.0
783827514,8,1,0.1
783827514,10,1,0.3
783838778,6,1,0.05
783838778,7,1,0.15
783848895,1,1,0.0
783848895,2,1,0.0
783848895,3,1,0.87
783848895,4,1,0.0
783848895,5,1,0.0
783848895,6,1,0.0
783848895,7,1,0.0
783848895,8,1,0.0
783848895,9,1,0.0
783848895,10,1,0.0
783852452,7,1,0.01
783860665,8,1,0.07
783862947,7,1,1.0
783862947,8,1,0.2
783863478,8,1,0.1
783863505,7,1,0.25
783874071,1,1,0.0
783874071,2,1,0.2
783874071,3,1,0.0
783874071,4,1,0.0
783874071,5,1,0.0
783874071,6,1,0.0
783874071,7,1,0.0
783874071,8,1,0.0
783874071,9,1,0.0
783874071,10,1,0.0
783892413,4,1,0.2
783894020,4,1,0.03
783894020,7,1,0.1
783894020,8,1,0.2
783968707,6,1,0.1
783968707,7,1,0.6
783968707,8,1,0.1
783991248,8,1,0.001
783991248,10,1,0.009
783997134,8,1,0.1
783997903,7,1,0.03
783997903,8,1,0.04
784002277,5,1,0.94
784002277,8,1,0.26
784021169,7,1,0.1
784021169,8,1,0.2
784022913,7,1,0.2
784022913,10,1,0.2
784023009,7,1,0.4
784023009,8,1,3.5
784024755,7,1,0.06
784024755,8,1,0.06
784024783,6,1,0.17
784024783,7,1,0.5
784024783,8,1,1.5
784032993,8,1,0.01
784037208,7,1,0.02
784037208,8,1,1.2
784039436,7,1,0.27
784039436,8,1,2.1
784041562,4,1,0.35
784042264,6,1,0.03
784042264,7,1,0.04
784045130,2,1,0.06
784048194,6,1,0.0321
784048194,7,1,0.04
784058036,7,1,0.01
784075449,7,1,0.8
784097995,1,1,0.0
784097995,2,1,0.0
784097995,3,1,0.0
784097995,4,1,0.0
784097995,5,1,0.0
784097995,6,1,0.0
784097995,7,1,0.06
784097995,8,1,0.0
784097995,9,1,0.0
784097995,10,1,0.0
784104143,7,1,0.01
784108536,7,1,0.02
784168408,4,1,0.01
784196992,8,1,0.01
784200989,8,1,0.5
784202004,7,1,1.0
784205649,8,1,0.7
784207646,1,1,0.0
784207646,2,1,0.0
784207646,3,1,0.0
784207646,4,1,0.0
784207646,5,1,0.0
784207646,6,1,0.0
784207646,7,1,0.04
784207646,8,1,0.0
784207646,9,1,0.0
784207646,10,1,0.0
784212444,8,1,0.07
784212444,9,1,0.03
784214469,1,1,0.0
784214469,2,1,0.0
784214469,3,1,0.0
784214469,4,1,0.0
784214469,5,1,0.0
784214469,6,1,0.0
784214469,7,1,0.2
784214469,8,1,0.0
784214469,9,1,0.0
784214469,10,1,0.0
784216572,6,1,3.5
784217964,4,1,0.22
784217964,6,1,0.02
784217964,7,1,0.8
784225203,7,1,0.5
784225203,8,1,1.0
784226647,7,1,0.03
784227283,8,1,0.3
784228550,6,1,0.04
784228550,8,1,0.04
784230558,8,1,1.68
784231728,7,1,0.01
784231728,8,1,0.01
784237661,6,1,0.02
784237661,7,1,0.06
784237661,8,1,0.1
784242364,7,1,0.2
784242364,8,1,0.3
784248666,5,1,0.01
784248666,7,1,0.01
784248666,8,1,0.01
784249569,7,1,1.16
784249569,8,1,3.2
784255501,8,1,0.73
784260124,8,1,0.6
784272780,7,1,0.1
784272780,8,1,0.13
784277102,8,1,0.02
784277102,10,1,0.01
784282618,6,1,0.1
784282618,7,1,0.2
784291798,8,1,0.5
784297664,8,1,0.01
784297664,10,1,0.02
784363230,1,1,0.0
784363230,2,1,0.0
784363230,3,1,0.0
784363230,4,1,0.0
784363230,5,1,0.0
784363230,6,1,0.0
784363230,7,1,0.06
784363230,8,1,0.0
784363230,9,1,0.0
784363230,10,1,0.0
784376476,1,1,0.0
784376476,2,1,0.0
784376476,3,1,0.0
784376476,4,1,0.0
784376476,5,1,0.0
784376476,6,1,0.0
784376476,7,1,4.6
784376476,8,1,0.0
784376476,9,1,0.0
784376476,10,1,0.0
784382287,8,1,0.085
784389066,7,1,0.83
784389066,8,1,1.0
784415045,1,1,0.0
784415045,2,1,0.0
784415045,3,1,0.0
784415045,4,1,1.0
784415045,5,1,0.0
784415045,6,1,0.0
784415045,7,1,0.5
784415045,8,1,0.0
784415045,9,1,0.0
784415045,10,1,0.0
784420647,4,1,1.5
784420647,7,1,0.2
784420647,8,1,0.3
784423234,7,1,0.02
784423234,8,1,0.06
784425466,7,1,0.01
784425814,8,1,0.33
784425814,10,1,0.12
784440921,6,1,0.1
784440921,7,1,0.1
784440921,8,1,0.1
784443116,8,1,0.01
784451347,8,1,0.01
784456838,7,1,0.2
784456838,8,1,0.3
784463088,7,1,0.3
784477936,1,1,0.0
784477936,2,1,0.0
784477936,3,1,0.0
784477936,4,1,0.0
784477936,5,1,0.0
784477936,6,1,0.0
784477936,7,1,0.0002
784477936,8,1,0.0
784477936,9,1,0.0
784477936,10,1,0.0
784478112,10,1,0.001
784506925,5,1,0.27
784506925,6,1,0.05
784506925,7,1,0.05
784506925,8,1,0.1
784596257,7,1,0.15
784596257,8,1,1.0
784597862,2,1,0.2
784597862,8,1,0.1
784599184,7,1,0.2
784599184,8,1,0.8
784620898,8,1,0.15
784625969,8,1,0.14
784634733,4,1,0.6
784635491,8,1,0.3
784642364,7,1,0.01
784642364,8,1,0.06
784651292,7,1,0.33
784651292,8,1,1.0
784651807,6,1,0.05
784651807,8,1,0.25
784656916,8,1,0.03
784659269,4,1,1.1
784659269,7,1,0.7
784659269,8,1,0.5
784675705,7,1,0.02
784680224,8,1,1.0
784685637,8,1,0.01
784707583,5,1,18.2
784707583,6,1,0.5
784707583,7,1,0.5
784707583,8,1,1.0
784722593,6,1,0.03
784726888,4,1,0.01
784726888,6,1,0.03
784726888,7,1,0.01
784770364,6,1,0.018
784770364,7,1,0.009
784770364,8,1,0.003
784790300,7,1,0.01
784814732,7,1,0.7
784814732,8,1,0.1
784817102,7,1,0.12
784817102,8,1,0.07
784820590,6,1,0.05
784820590,7,1,0.05
784820590,8,1,0.2
784826514,8,1,0.08
784841665,8,1,0.01
784856517,7,1,0.1
784856517,8,1,0.02
784857809,8,1,0.01
784859770,1,1,0.0
784859770,2,1,0.0
784859770,3,1,0.0
784859770,4,1,0.0
784859770,5,1,0.0
784859770,6,1,0.0
784859770,7,1,0.08
784859770,8,1,1.0
784859770,9,1,0.0
784859770,10,1,0.0
784867548,7,1,0.3
784867548,10,1,1.0
784868803,7,1,0.01
784869246,8,1,0.2
784873975,7,1,0.1
784873975,8,1,0.2
784875606,6,1,0.0328
784875606,7,1,0.03
784875606,8,1,0.02
784885712,7,1,0.1
784885712,8,1,0.1
784970564,7,1,0.0285
784970564,8,1,0.0285
784989073,6,1,0.15
784989073,7,1,0.15
784992006,7,1,0.01
784992006,8,1,0.01
784992385,8,1,0.02
784992870,7,1,0.3
784996781,4,1,0.02
784996781,7,1,0.05
785000589,8,1,0.1
785005407,7,1,0.1
785005407,8,1,0.08
785006528,8,1,0.05
785011719,10,1,1.0
785013179,8,1,3.78
785017024,7,1,0.1
785017024,8,1,0.5
785019807,6,1,0.02
785019807,8,1,0.08
785020557,7,1,0.1
785022835,10,1,0.6
785022874,7,1,0.7
785022874,8,1,0.2
785026848,7,1,0.7
785026848,8,1,0.1
785027207,6,1,0.03
785027207,7,1,0.04
785045086,7,1,1.0
785048401,7,1,0.02
785059051,7,1,0.02
785062140,10,1,0.6
785073901,6,1,0.1
785073901,7,1,0.1
785073901,8,1,0.3
785105220,10,1,0.01
785111103,1,1,0.0
785111103,2,1,0.0
785111103,3,1,0.0
785111103,4,1,0.0
785111103,5,1,0.0
785111103,6,1,0.0
785111103,7,1,0.2
785111103,8,1,0.0
785111103,9,1,0.0
785111103,10,1,0.0
785155441,7,1,0.1
785155441,8,1,0.2
785166475,8,1,0.2
785168029,6,1,0.21
785168029,7,1,0.13
785169043,7,1,0.14
785169043,8,1,0.04
785173911,1,1,0.0
785173911,2,1,0.0
785173911,3,1,0.0
785173911,4,1,0.0515
785173911,5,1,0.0
785173911,6,1,0.0
785173911,7,1,0.0013
785173911,8,1,0.0
785173911,9,1,0.0
785173911,10,1,0.2026
785179759,6,1,0.5
785179759,8,1,1.5
785187867,6,1,0.49
785187867,7,1,1.95
785193872,8,1,0.4
785195911,7,1,0.1
785195911,8,1,1.3
785196732,4,1,0.004
785196732,7,1,0.012
785199165,7,1,0.2
785199165,8,1,1.4
785206224,7,1,0.03
785206224,8,1,0.01
785207857,8,1,0.4
785209259,4,1,0.03
785209259,7,1,0.02
785209259,8,1,0.06
785216350,7,1,0.03
785216350,8,1,0.3
785219633,8,1,0.2
785224430,8,1,0.67
785240075,7,1,1.25
785240075,8,1,3.75
785297668,1,1,0.0
785297668,2,1,0.0
785297668,3,1,0.0
785297668,4,1,0.0
785297668,5,1,0.0
785297668,6,1,0.0
785297668,7,1,0.0
785297668,8,1,0.0
785297668,9,1,0.0
785297668,10,1,0.01
785300040,1,1,0.0
785300040,2,1,0.0
785300040,3,1,0.0
785300040,4,1,0.0
785300040,5,1,0.0
785300040,6,1,0.0
785300040,7,1,0.0
785300040,8,1,0.01
785300040,9,1,0.0
785300040,10,1,0.0
785318755,1,1,0.0
785318755,2,1,0.0
785318755,3,1,0.0
785318755,4,1,0.0
785318755,5,1,0.0
785318755,6,1,0.0
785318755,7,1,1.0
785318755,8,1,0.0
785318755,9,1,0.0
785318755,10,1,0.0
785338106,10,1,0.8
785347156,8,1,0.2
785350828,6,1,0.2
785350828,8,1,0.3
785361934,8,1,0.01
785363262,4,1,0.05
785374669,8,1,0.3
785377410,8,1,0.2
785383009,7,1,0.3
785383009,8,1,1.2
785393512,7,1,2.0
785393512,8,1,6.0
785397373,4,1,0.02
785397373,8,1,0.08
785399904,7,1,0.1
785399904,8,1,7.0
785401580,5,1,0.05
785401580,7,1,0.05
785413850,7,1,0.01
785429833,1,1,0.0
785429833,2,1,0.02
785429833,3,1,0.0
785429833,4,1,0.0
785429833,5,1,0.0
785429833,6,1,0.0
785429833,7,1,0.0
785429833,8,1,0.0
785429833,9,1,0.0
785429833,10,1,0.0
785429854,7,1,0.002
785429854,8,1,0.008
785429854,10,1,0.002
785444748,6,1,0.3
785444748,8,1,1.2
785521740,7,1,3.0
785521740,8,1,5.0
785522727,1,1,0.0
785522727,2,1,0.0
785522727,3,1,0.14
785522727,4,1,0.0
785522727,5,1,0.0
785522727,6,1,0.0
785522727,7,1,0.0
785522727,8,1,0.0
785522727,9,1,0.0
785522727,10,1,0.0
785527221,7,1,0.01
785527221,8,1,0.01
785531880,8,1,1.6
785542334,1,1,0.0
785542334,2,1,0.0
785542334,3,1,0.0
785542334,4,1,0.0
785542334,5,1,0.0
785542334,6,1,0.0
785542334,7,1,0.88
785542334,8,1,0.0
785542334,9,1,0.0
785542334,10,1,0.0
785543899,8,1,1.5
785554883,6,1,0.7
785554883,7,1,1.0
785554883,8,1,26.0
785569893,8,1,0.0
785570002,7,1,0.01
785572240,1,1,0.0
785572240,2,1,0.0
785572240,3,1,0.0
785572240,4,1,0.0
785572240,5,1,0.0
785572240,6,1,0.0
785572240,7,1,0.05
785572240,8,1,0.0
785572240,9,1,0.0
785572240,10,1,0.0
785576157,6,1,0.2
785576157,8,1,0.8
785578871,7,1,0.4
785578871,8,1,3.0
785583773,7,1,0.05
785583773,8,1,0.05
785583839,1,1,0.0
785583839,2,1,0.0
785583839,3,1,0.0
785583839,4,1,0.0
785583839,5,1,0.0
785583839,6,1,0.0
785583839,7,1,0.0
785583839,8,1,0.018
785583839,9,1,0.0
785583839,10,1,0.0
785590252,1,1,0.0
785590252,2,1,0.0
785590252,3,1,0.0
785590252,4,1,0.1
785590252,5,1,0.0
785590252,6,1,0.0
785590252,7,1,0.1
785590252,8,1,0.2
785590252,9,1,0.0
785590252,10,1,0.0
785595518,7,1,1.3
785595518,8,1,3.0
785596208,8,1,0.01
785597267,7,1,0.075
785597267,8,1,0.075
785601883,4,1,0.05
785601883,7,1,0.15
785604955,8,1,0.1
785606273,7,1,0.02
785606273,8,1,0.01
785607569,7,1,0.01
785610214,8,1,3.2
785619233,8,1,0.04
785622639,4,1,0.3
785622639,6,1,0.5
785622639,7,1,0.5
785622639,8,1,0.2
785627947,6,1,0.1
785627947,8,1,0.2
785698352,1,1,0.0
785698352,2,1,0.0
785698352,3,1,0.0
785698352,4,1,0.0
785698352,5,1,0.0
785698352,6,1,0.0
785698352,7,1,0.46
785698352,8,1,0.0
785698352,9,1,0.0
785698352,10,1,0.0
785719106,8,1,0.01
785729255,6,1,0.4
785729255,7,1,0.2
785729255,8,1,0.4
785731145,7,1,0.1
785731145,8,1,0.2
785731145,10,1,0.9
785745976,1,1,0.6
785745976,4,1,1.5
785745976,7,1,0.9
785755292,4,1,0.4
785755292,7,1,0.2
785772928,1,1,0.0
785772928,2,1,0.0
785772928,3,1,0.0
785772928,4,1,0.0
785772928,5,1,0.0
785772928,6,1,0.0
785772928,7,1,0.6
785772928,8,1,0.0
785772928,9,1,0.0
785772928,10,1,0.0
785773043,1,1,0.0
785773043,2,1,0.0
785773043,3,1,0.0
785773043,4,1,0.0
785773043,5,1,0.0
785773043,6,1,0.0
785773043,7,1,0.03
785773043,8,1,0.0
785773043,9,1,0.0
785773043,10,1,0.0
785775692,7,1,0.1
785782443,4,1,0.1
785782443,7,1,0.1
785782443,8,1,0.1
785789852,8,1,0.001
785790307,10,1,5.0
785796255,7,1,0.01
785797857,7,1,0.22
785797857,8,1,0.3
785799726,6,1,0.05
785799726,7,1,0.05
785799726,8,1,0.1
785799744,3,1,0.16
785799744,4,1,0.5
785799744,7,1,2.5
785799744,8,1,2.0
785800055,1,1,0.1
785800055,8,1,0.1
785809817,8,1,0.8
785811197,6,1,0.5
785811197,7,1,0.06
785812557,6,1,0.005
785812557,8,1,0.005
785819451,7,1,0.2
785825702,1,1,0.07
785825702,2,1,0.0
785825702,3,1,0.0
785825702,4,1,0.0
785825702,5,1,0.0
785825702,6,1,0.0
785825702,7,1,0.01
785825702,8,1,0.12
785825702,9,1,0.0
785825702,10,1,0.0
785825770,3,1,0.05
785825770,10,1,0.1
785839697,1,1,0.0
785839697,2,1,0.12
785839697,3,1,0.0
785839697,4,1,0.0
785839697,5,1,0.0
785839697,6,1,0.0
785839697,7,1,0.0
785839697,8,1,0.0
785839697,9,1,0.0
785839697,10,1,0.0
785841644,7,1,0.1
785841644,8,1,0.05
785841644,10,1,0.05
785843640,8,1,0.1
785851740,4,1,0.2
785851740,7,1,0.6
785851740,8,1,1.2
785866037,1,1,0.0
785866037,2,1,0.0
785866037,3,1,0.0
785866037,4,1,4.8194
785866037,5,1,0.0
785866037,6,1,0.8029
785866037,7,1,2.4101
785866037,8,1,0.0
785866037,9,1,0.0
785866037,10,1,1.1811
785868542,7,1,1.0
785941309,4,1,0.1
785941309,7,1,0.4
785941309,8,1,0.5
785956984,7,1,0.09
785956984,8,1,0.15
785968226,6,1,0.02
785968226,8,1,0.08
785969958,6,1,0.5
785969958,8,1,3.0
785978925,1,1,0.0
785978925,2,1,0.0
785978925,3,1,2.0
785978925,4,1,6.0
785978925,5,1,0.0
785978925,6,1,0.0
785978925,7,1,3.0
785978925,8,1,2.0
785978925,9,1,0.0
785978925,10,1,0.0
785981328,8,1,0.15
785981328,10,1,0.05
785987801,7,1,0.2
785987801,8,1,0.8
785990493,8,1,0.09
785998102,6,1,2.0
785998102,8,1,6.0
786001855,5,1,0.1
786001855,7,1,0.13
786006350,7,1,0.1
786006350,8,1,0.6
786017157,8,1,1.0
786023408,7,1,0.01
786023408,8,1,0.01
786026782,8,1,0.07
786040515,7,1,1.5
786044234,3,1,0.2
786044234,4,1,0.9
786044234,7,1,1.0
786044234,8,1,0.9
786044363,7,1,0.02
786044363,8,1,0.04
786051048,6,1,0.01
786051048,7,1,0.01
786051048,8,1,0.05
786052564,7,1,0.2
786067606,1,1,0.0
786067606,2,1,0.0
786067606,3,1,0.0
786067606,4,1,0.0
786067606,5,1,0.0
786067606,6,1,0.0
786067606,7,1,0.1
786067606,8,1,0.0
786067606,9,1,0.0
786067606,10,1,0.0
786070709,1,1,0.0
786070709,2,1,0.0
786070709,3,1,0.0
786070709,4,1,0.0
786070709,5,1,0.0
786070709,6,1,0.0
786070709,7,1,1.8
786070709,8,1,0.0
786070709,9,1,0.0
786070709,10,1,0.0
786089266,8,1,0.01
786165769,1,1,0.0
786165769,2,1,0.0
786165769,3,1,0.0
786165769,4,1,0.0
786165769,5,1,0.0
786165769,6,1,0.0
786165769,7,1,0.18
786165769,8,1,0.0
786165769,9,1,0.0
786165769,10,1,0.0
786169930,6,1,0.2
786169930,7,1,0.2
786183045,4,1,0.12
786183564,7,1,0.005
786183564,8,1,0.005
786187898,6,1,0.88
786187898,8,1,0.22
786190950,8,1,0.1
786193150,3,1,0.1
786193150,4,1,0.1
786193150,7,1,0.1
786193150,8,1,0.2
786195383,1,1,0.0
786195383,2,1,0.0103
786195383,3,1,0.0
786195383,4,1,0.0
786195383,5,1,0.0
786195383,6,1,0.0
786195383,7,1,0.6258
786195383,8,1,0.0
786195383,9,1,0.0
786195383,10,1,0.7799
786195395,8,1,0.01
786201460,1,1,0.0
786201460,2,1,0.0
786201460,3,1,0.3
786201460,4,1,0.2
786201460,5,1,0.0
786201460,6,1,0.0
786201460,7,1,0.0
786201460,8,1,0.0
786201460,9,1,0.0
786201460,10,1,0.0
786207678,7,1,0.01
786207678,8,1,0.4
786208384,7,1,0.01
786208384,8,1,0.06
786209863,7,1,0.02
786209863,8,1,0.01
786212182,4,1,0.01
786212182,8,1,0.29
786228093,7,1,0.0003
786228093,8,1,0.0007
786230954,4,1,0.03
786230954,8,1,0.07
786232712,7,1,0.03
786232712,8,1,0.02
786233458,7,1,0.025
786233458,8,1,0.025
786249519,7,1,0.1
786249519,8,1,0.2
786251130,6,1,0.01
786251130,7,1,0.1
786251130,8,1,0.6
786254431,8,1,0.9
786254538,8,1,0.5
786261345,7,1,0.01
786265640,8,1,0.01
786335585,7,1,0.3
786335585,8,1,3.4
786340700,1,1,0.1
786343509,7,1,0.01
786343509,8,1,0.01
786345728,1,1,1.0
786347561,6,1,0.01
786347561,8,1,0.1
786348623,1,1,3.0
786348623,2,1,0.0
786348623,3,1,0.0
786348623,4,1,10.0
786348623,5,1,0.0
786348623,6,1,0.0
786348623,7,1,6.0
786348623,8,1,0.0
786348623,9,1,0.0
786348623,10,1,0.0
786351215,1,1,0.0
786351215,2,1,0.0
786351215,3,1,2.0
786351215,4,1,0.3
786351215,5,1,0.0
786351215,6,1,0.0
786351215,7,1,0.0
786351215,8,1,0.0
786351215,9,1,0.0
786351215,10,1,1.0
786357186,8,1,1.0
786358510,8,1,1.9
786361462,1,1,0.7
786361462,4,1,0.7
786361833,4,1,0.1
786361833,7,1,0.1
786361833,8,1,1.3
786362440,8,1,1.7
786363977,6,1,121.967
786363977,7,1,1.468
786363977,8,1,0.508
786364384,4,1,0.0
786364384,7,1,0.0
786364384,8,1,0.0
786364672,4,1,0.2
786364672,7,1,0.5
786364672,8,1,0.5
786371537,7,1,0.18
786371537,8,1,0.4
786371696,1,1,0.0
786371696,2,1,0.0
786371696,3,1,0.0
786371696,4,1,9.3097
786371696,5,1,0.0
786371696,6,1,4.6298
786371696,7,1,6.2736
786371696,8,1,0.0
786371696,9,1,0.0
786371696,10,1,0.7142
786375143,1,1,0.2
786377983,4,1,0.1
786377983,10,1,0.25
786379675,1,1,0.2
786379675,4,1,0.2
786379675,7,1,0.1
786379675,8,1,0.3
786379675,10,1,0.1
786382592,1,1,0.0
786382592,2,1,0.0
786382592,3,1,0.0
786382592,4,1,0.0
786382592,5,1,0.0
786382592,6,1,0.0
786382592,7,1,0.2
786382592,8,1,0.2
786382592,9,1,0.0
786382592,10,1,0.0
786389337,7,1,0.1
786389337,8,1,0.9
786395115,7,1,0.03
786395115,8,1,0.4
786395135,7,1,1.0
786395135,8,1,1.04
786396125,8,1,0.12
786397591,7,1,0.1
786397591,8,1,0.15
786501435,4,1,0.15
786501435,7,1,0.15
786506057,1,1,0.0
786506057,2,1,0.0
786506057,3,1,0.0
786506057,4,1,0.0
786506057,5,1,0.0
786506057,6,1,0.0
786506057,7,1,0.02
786506057,8,1,0.0
786506057,9,1,0.0
786506057,10,1,0.0
786508589,7,1,0.2
786524702,7,1,0.01
786524702,8,1,0.02
786534120,1,1,0.0
786534120,2,1,0.0
786534120,3,1,0.0
786534120,4,1,0.0
786534120,5,1,0.0
786534120,6,1,0.0
786534120,7,1,0.0
786534120,8,1,0.01
786534120,9,1,0.0
786534120,10,1,0.0
786534762,1,1,0.0
786534762,2,1,0.0
786534762,3,1,0.0
786534762,4,1,0.0
786534762,5,1,0.0
786534762,6,1,0.0
786534762,7,1,1.0
786534762,8,1,0.0
786534762,9,1,0.0
786534762,10,1,0.0
786539779,4,1,0.55
786539779,6,1,0.96
786539779,7,1,4.79
786539779,8,1,6.97
786539779,10,1,1.0
786541065,5,1,0.02
786541065,8,1,0.8
786541434,8,1,1.0
786544289,7,1,1.0
786544289,8,1,3.0
786549643,7,1,0.1
786549643,8,1,1.9
786551731,8,1,3.7
786551731,10,1,0.1
786552565,8,1,0.01
786554108,7,1,6.0
786554108,8,1,18.83
786555957,10,1,1.5
786558142,7,1,2.0
786558142,8,1,5.0
786565752,8,1,0.08
786565810,4,1,0.3
786565810,7,1,0.2
786568064,4,1,0.15
786568064,6,1,0.15
786568064,7,1,0.4
786568064,8,1,0.3
786572146,6,1,0.1
786572146,8,1,0.3
786574330,4,1,0.15
786574330,7,1,0.1
786574330,8,1,0.03
786576133,1,1,4.05
786576133,2,1,0.0
786576133,3,1,0.0
786576133,4,1,0.0
786576133,5,1,0.0
786576133,6,1,0.0
786576133,7,1,1.69
786576133,8,1,0.0
786576133,9,1,0.0
786576133,10,1,0.0
786580658,8,1,0.03
786587014,8,1,4.5
786587118,6,1,2.0
786587118,7,1,4.0
786587118,8,1,12.0
786590863,8,1,0.5
786590972,6,1,0.57
786590972,7,1,0.57
786590972,8,1,0.33
786591053,8,1,0.01
786594515,1,1,0.0
786594515,2,1,0.0
786594515,3,1,2.0
786594515,4,1,0.0
786594515,5,1,0.0
786594515,6,1,1.5
786594515,7,1,1.0
786594515,8,1,0.0
786594515,9,1,0.0
786594515,10,1,0.0
786599672,8,1,0.36
786599851,6,1,1.0
786599851,8,1,17.0
786600997,6,1,0.5
786600997,7,1,0.5
786600997,8,1,0.7
786601077,7,1,0.21
786601077,8,1,0.01
786605523,4,1,0.02
786605523,7,1,0.04
786605523,8,1,0.32
786617208,6,1,11.0
786617208,7,1,2.0
786623323,3,1,1.0
786623323,4,1,0.3
786623323,7,1,1.0
786623323,8,1,1.5
786623911,8,1,0.067
786626878,1,1,0.1
786626878,4,1,0.5
786629994,8,1,0.3
786634113,10,1,0.33
786637388,7,1,0.07
786637388,8,1,0.03
786640374,8,1,1.0
786646567,1,1,0.0
786646567,2,1,0.0
786646567,3,1,0.0
786646567,4,1,0.0
786646567,5,1,0.0
786646567,6,1,0.0
786646567,7,1,0.5
786646567,8,1,0.7
786646567,9,1,0.0
786646567,10,1,0.0
786669329,6,1,0.01
786669329,7,1,0.02
786670538,9,1,0.5
786675327,7,1,0.01
786727468,6,1,0.8
786727468,7,1,1.0
786727468,8,1,1.2
786736328,1,1,0.0
786736328,2,1,0.0
786736328,3,1,0.0
786736328,4,1,6.6525
786736328,5,1,0.0
786736328,6,1,0.0566
786736328,7,1,4.5459
786736328,8,1,0.0
786736328,9,1,0.0
786736328,10,1,2.2551
786753819,1,1,0.0
786753819,2,1,0.0
786753819,3,1,0.0
786753819,4,1,0.0
786753819,5,1,0.0
786753819,6,1,0.0
786753819,7,1,0.749
786753819,8,1,0.0
786753819,9,1,0.0
786753819,10,1,0.0
786760634,6,1,0.2
786760634,8,1,0.3
786768720,7,1,0.005
786768720,8,1,0.005
786778887,8,1,3.0
786785765,1,1,1.0
786785765,6,1,1.5
786785765,7,1,0.3
786785765,8,1,0.6
786797191,7,1,0.3
786797191,8,1,0.7
786801645,4,1,0.3
786801645,7,1,0.2
786801645,8,1,1.5
786805143,1,1,0.0
786805143,2,1,0.0
786805143,3,1,0.0
786805143,4,1,0.0
786805143,5,1,0.0
786805143,6,1,0.0
786805143,7,1,0.03
786805143,8,1,0.0
786805143,9,1,0.0
786805143,10,1,0.0
786812413,7,1,0.1
786812884,1,1,0.2
786812884,7,1,0.5
786812884,8,1,0.5
786813008,4,1,0.5
786813008,7,1,0.49
786813008,8,1,3.87
786814700,2,1,0.5
786819390,1,1,0.0
786819390,2,1,0.0
786819390,3,1,1.3012
786819390,4,1,0.0
786819390,5,1,0.0
786819390,6,1,20.1079
786819390,7,1,2.2695
786819390,8,1,0.0
786819390,9,1,0.0
786819390,10,1,19.0968
786822900,1,1,0.0
786822900,2,1,0.0
786822900,3,1,6.0
786822900,4,1,0.15
786822900,5,1,0.0
786822900,6,1,0.0
786822900,7,1,0.0
786822900,8,1,2.0
786822900,9,1,0.0
786822900,10,1,0.0
786835208,4,1,0.6
786835208,7,1,0.4
786836029,7,1,0.08
786836029,8,1,1.1
786840246,8,1,0.6
786842304,8,1,0.01
786844319,6,1,1.0
786844319,7,1,1.0
786844319,8,1,2.0
786851555,8,1,0.03
786854506,8,1,0.15
786854614,4,1,0.5
786854614,7,1,1.0
786861330,2,1,0.1
786861330,4,1,0.1
786861330,8,1,0.1
786862176,7,1,5.0
786865632,1,1,0.0
786865632,2,1,0.0
786865632,3,1,0.0
786865632,4,1,0.1
786865632,5,1,0.0
786865632,6,1,0.0
786865632,7,1,0.5
786865632,8,1,0.1
786865632,9,1,0.0
786865632,10,1,0.0
786870802,7,1,0.7
786870802,8,1,0.3
786873172,7,1,0.15
786874394,8,1,0.01
786875835,8,1,0.0025
786877949,7,1,0.07
786877949,8,1,0.03
786886512,6,1,0.03
786886512,7,1,0.07
786888885,1,1,0.0
786888885,2,1,0.0
786888885,3,1,0.0
786888885,4,1,0.0
786888885,5,1,0.0
786888885,6,1,0.0
786888885,7,1,0.03
786888885,8,1,0.0
786888885,9,1,0.0
786888885,10,1,0.0
786890651,1,1,0.01
786890651,7,1,0.02
786890651,8,1,0.02
786895698,8,1,0.08
786898895,4,1,50.6185
786898895,6,1,36.2241
786898895,7,1,44.8939
786898895,10,1,32.9373
786899600,7,1,3.0
786900741,4,1,0.021
786900741,6,1,6.789
786900741,10,1,71.086
786901247,1,1,0.0
786901247,2,1,0.0
786901247,3,1,0.0
786901247,4,1,0.0
786901247,5,1,0.0
786901247,6,1,0.0
786901247,7,1,0.28
786901247,8,1,0.0
786901247,9,1,0.0
786901247,10,1,0.0
786901571,7,1,0.2
786901571,8,1,0.1
786903799,7,1,0.2
786903799,8,1,0.3
786906070,7,1,0.1
786906070,8,1,0.4
786906933,7,1,0.5
786906933,8,1,0.1
786913211,8,1,0.01
786918674,4,1,0.05
786929618,7,1,0.15
786929618,8,1,0.05
786991073,8,1,0.01
787012400,8,1,0.1
787038634,7,1,0.2
787041834,8,1,0.09
787047296,1,1,0.0
787047296,2,1,0.0
787047296,3,1,0.0
787047296,4,1,0.0
787047296,5,1,0.0
787047296,6,1,0.0
787047296,7,1,0.0
787047296,8,1,0.0
787047296,9,1,0.0
787047296,10,1,0.017
787049455,7,1,0.02
787058231,1,1,0.0
787058231,2,1,0.0
787058231,3,1,0.0
787058231,4,1,0.0
787058231,5,1,0.0
787058231,6,1,0.0
787058231,7,1,0.02
787058231,8,1,0.01
787058231,9,1,0.0
787058231,10,1,0.0
787068455,8,1,0.001
787071625,6,1,0.05
787071625,8,1,4.1
787071625,10,1,0.05
787088855,6,1,0.8
787088855,7,1,0.3
787088855,8,1,0.4
787088983,7,1,0.03
787088983,8,1,0.1
787096915,8,1,0.35
787097883,7,1,0.1
787097883,8,1,0.1
787097883,10,1,0.15
787110216,6,1,0.3
787110216,7,1,0.7
787110216,10,1,1.0
787113486,4,1,0.4
787113486,8,1,0.1
787118117,4,1,0.1
787118117,7,1,0.3
787118117,8,1,0.7
787127740,6,1,0.03
787127740,7,1,0.07
787130063,1,1,0.0
787130063,2,1,0.0
787130063,3,1,0.0
787130063,4,1,0.0
787130063,5,1,0.0
787130063,6,1,0.0
787130063,7,1,0.03
787130063,8,1,0.0
787130063,9,1,0.0
787130063,10,1,0.0
787130836,7,1,0.3
787130836,8,1,0.1
787135563,8,1,0.08
787143836,6,1,0.04
787143836,7,1,0.06
787143836,8,1,0.02
787148827,8,1,0.09
787159420,8,1,0.4
787164699,8,1,0.19
787170580,7,1,0.2
787170580,8,1,0.3
787172632,7,1,0.1
787172632,8,1,3.1
787177633,7,1,0.5
787177633,8,1,2.5
787191425,7,1,0.5
787191425,8,1,0.4
787209958,4,1,0.6
787209958,10,1,0.4
787220399,7,1,0.14
787220399,8,1,0.7
787298512,1,1,0.0
787298512,2,1,0.0
787298512,3,1,0.0
787298512,4,1,0.1
787298512,5,1,0.0
787298512,6,1,0.0
787298512,7,1,0.1
787298512,8,1,0.0
787298512,9,1,0.0
787298512,10,1,0.0
787310592,10,1,0.3
787326285,7,1,0.05
787326285,8,1,0.5
787329284,8,1,1.7
787350098,7,1,0.2
787350098,10,1,1.0
787360485,1,1,0.0
787360485,2,1,0.0
787360485,3,1,0.0
787360485,4,1,0.0
787360485,5,1,0.0
787360485,6,1,0.0
787360485,7,1,0.01
787360485,8,1,0.01
787360485,9,1,0.0
787360485,10,1,0.0
787366589,7,1,0.01
787368109,7,1,0.4
787368109,8,1,0.1
787373812,10,1,0.5
787383687,8,1,0.01
787390921,4,1,0.1
787390921,8,1,0.2
787396180,4,1,0.3
787396180,6,1,0.1
787396180,7,1,0.6
787404447,7,1,0.01
787475630,8,1,0.01
787525361,1,1,0.0
787525361,2,1,0.0
787525361,3,1,0.0
787525361,4,1,0.0
787525361,5,1,0.0
787525361,6,1,0.0
787525361,7,1,34.37
787525361,8,1,0.0
787525361,9,1,0.0
787525361,10,1,0.0
787546197,1,1,0.0
787546197,2,1,0.0
787546197,3,1,0.0
787546197,4,1,0.0
787546197,5,1,0.0
787546197,6,1,0.0
787546197,7,1,0.77
787546197,8,1,0.0
787546197,9,1,0.0
787546197,10,1,0.0
787546490,1,1,0.0
787546490,2,1,0.0
787546490,3,1,0.0
787546490,4,1,0.0
787546490,5,1,0.0
787546490,6,1,0.0
787546490,7,1,0.45
787546490,8,1,0.0
787546490,9,1,0.0
787546490,10,1,0.0
787548653,7,1,0.04
787548653,8,1,0.08
787557205,7,1,0.05
787557205,8,1,0.05
787557284,1,1,0.0
787557284,2,1,0.0
787557284,3,1,0.0
787557284,4,1,0.0
787557284,5,1,0.0
787557284,6,1,0.0
787557284,7,1,0.0
787557284,8,1,0.5
787557284,9,1,0.0
787557284,10,1,0.0
787571125,7,1,0.3
787571125,8,1,0.5
787571587,7,1,0.2
787571587,8,1,0.6
787574448,7,1,0.8
787574448,8,1,0.6
787576295,1,1,3.8907
787576295,2,1,0.0
787576295,3,1,11.12
787576295,4,1,18.0
787576295,5,1,0.0
787576295,6,1,1.9557
787576295,7,1,2.4915
787576295,8,1,4.5
787576295,9,1,0.0
787576295,10,1,5.0417
787580585,1,1,0.0
787580585,2,1,0.0
787580585,3,1,0.0
787580585,4,1,0.0
787580585,5,1,0.0
787580585,6,1,0.0
787580585,7,1,0.015
787580585,8,1,0.0
787580585,9,1,0.0
787580585,10,1,0.0
787581861,7,1,2.0
787581861,8,1,1.0
787583408,4,1,1.2
787583408,7,1,0.3
787583408,8,1,0.5
787585651,7,1,0.2
787585651,8,1,1.8
787599929,7,1,0.15
787599929,8,1,0.05
787600151,8,1,0.7
787601850,1,1,1.0
787601850,4,1,0.7
787601850,7,1,0.2
787601850,8,1,0.3
787603874,7,1,0.01
787603874,8,1,0.12
787605988,6,1,0.2
787605988,8,1,0.4
787608527,6,1,0.3
787608527,8,1,0.8
787609102,8,1,1.0
787612954,6,1,0.3
787612954,7,1,0.2
787612954,8,1,0.7
787615211,7,1,0.03
787615211,8,1,0.01
787616737,4,1,0.1
787616737,8,1,1.6
787617899,8,1,0.01
787618715,3,1,0.01
787621114,4,1,0.2
787621114,7,1,0.4
787623966,3,1,0.1
787623966,7,1,0.2
787623966,8,1,1.4
787638020,7,1,0.2
787638020,8,1,0.1
787642035,8,1,0.5
787646228,4,1,0.5
787646228,6,1,6.5
787646228,7,1,6.0
787646228,8,1,11.0
787648430,1,1,0.0
787648430,2,1,0.0
787648430,3,1,0.0
787648430,4,1,0.0
787648430,5,1,0.0
787648430,6,1,0.0
787648430,7,1,0.0005
787648430,8,1,0.0
787648430,9,1,0.0
787648430,10,1,0.0
787651709,1,1,1.0
787651709,7,1,2.0
787651709,8,1,3.2
787653688,7,1,0.01
787657523,8,1,1.6
787663514,1,1,0.0
787663514,2,1,0.0
787663514,3,1,0.0
787663514,4,1,0.7
787663514,5,1,0.0
787663514,6,1,0.0
787663514,7,1,0.0
787663514,8,1,0.0
787663514,9,1,0.0
787663514,10,1,0.0
787671213,4,1,0.4
787671213,8,1,0.6
787678609,7,1,0.4
787678984,4,1,0.11
787678984,7,1,0.11
787678984,8,1,0.11
787680734,6,1,0.5
787680734,8,1,0.2
787687738,7,1,0.05
787687738,8,1,0.35
787706856,1,1,0.0
787706856,2,1,0.0
787706856,3,1,0.0
787706856,4,1,0.0
787706856,5,1,0.0
787706856,6,1,0.0
787706856,7,1,0.3
787706856,8,1,0.1
787706856,9,1,0.0
787706856,10,1,0.0
787714345,7,1,0.03
787717168,1,1,0.08
787717168,2,1,0.0
787717168,3,1,0.0
787717168,4,1,0.0
787717168,5,1,0.0
787717168,6,1,0.0
787717168,7,1,0.0
787717168,8,1,0.0
787717168,9,1,0.0
787717168,10,1,0.0
787718894,7,1,0.02
787718894,8,1,0.03
787723748,7,1,0.01
787731877,3,1,0.021
787731877,8,1,0.002
787738952,1,1,0.0
787738952,2,1,0.0
787738952,3,1,0.0
787738952,4,1,0.0
787738952,5,1,0.0
787738952,6,1,0.0
787738952,7,1,0.0
787738952,8,1,0.0
787738952,9,1,0.0
787738952,10,1,0.5
787794156,7,1,0.03
787830741,4,1,0.1
787830741,8,1,0.1
787832943,4,1,0.8
787832943,7,1,0.4
787840970,6,1,1.57
787840970,8,1,14.09
787843004,7,1,0.03
787843004,8,1,0.1
787843516,1,1,0.0
787843516,2,1,0.0
787843516,3,1,0.0
787843516,4,1,0.0
787843516,5,1,0.0
787843516,6,1,0.0
787843516,7,1,0.0001
787843516,8,1,0.0
787843516,9,1,0.0
787843516,10,1,0.0
787849445,7,1,5.0
787859450,7,1,0.3
787859450,8,1,0.1
787862465,7,1,0.39
787862465,8,1,0.5
787863806,6,1,0.2
787863806,7,1,0.9
787863806,8,1,1.0
787864009,8,1,2.0
787864321,8,1,1.5
787864321,10,1,2.0
787864524,6,1,0.1
787864524,8,1,7.5
787873422,2,1,0.2
787873422,4,1,0.1
787875657,1,1,0.0
787875657,2,1,0.0
787875657,3,1,0.0
787875657,4,1,0.0
787875657,5,1,0.0
787875657,6,1,0.0
787875657,7,1,0.0
787875657,8,1,0.1
787875657,9,1,0.0
787875657,10,1,0.0
787876128,4,1,0.01
787876128,7,1,0.01
787876128,8,1,0.02
787877061,7,1,0.25
787878127,7,1,0.03
787878127,10,1,0.005
787880864,7,1,10.0
787880864,8,1,10.0
787881281,7,1,0.05
787881281,8,1,0.05
787882018,1,1,0.0
787882018,2,1,0.0
787882018,3,1,2.0
787882018,4,1,3.0
787882018,5,1,0.0
787882018,6,1,0.7
787882018,7,1,1.0
787882018,8,1,2.0
787882018,9,1,0.0
787882018,10,1,0.0
787884214,7,1,0.1
787894721,4,1,0.075
787894721,7,1,0.075
787895788,7,1,1.0
787895788,8,1,7.5
787898064,6,1,0.2
787898064,7,1,0.3
787898064,8,1,1.0
787906035,2,1,0.5
787906035,6,1,0.5
787906035,7,1,0.5
787906035,8,1,0.5
787914510,4,1,0.1
787914510,7,1,0.8
787914992,4,1,0.4
787914992,7,1,0.6
787925522,7,1,0.3
787944179,6,1,0.05
787944179,7,1,0.05
787944179,8,1,0.05
787944179,10,1,1.95
787971412,8,1,0.01
787973338,6,1,0.05
787973338,7,1,0.12
787973338,8,1,0.06
787977263,7,1,0.005
787977263,8,1,0.005
787979741,4,1,0.12
787979741,8,1,0.1
788040534,1,1,0.0
788040534,2,1,0.0
788040534,3,1,0.0
788040534,4,1,0.0
788040534,5,1,0.0
788040534,6,1,0.0
788040534,7,1,0.36
788040534,8,1,0.0
788040534,9,1,0.0
788040534,10,1,0.0
788074117,1,1,0.2
788074117,4,1,0.2
788074117,7,1,0.2
788074117,8,1,0.2
788081534,1,1,0.0
788081534,2,1,0.0
788081534,3,1,0.0
788081534,4,1,0.0
788081534,5,1,0.0
788081534,6,1,0.0
788081534,7,1,1.84
788081534,8,1,0.001
788081534,9,1,0.0
788081534,10,1,0.0
788084872,1,1,0.0
788084872,2,1,0.0
788084872,3,1,0.0
788084872,4,1,0.0
788084872,5,1,0.0
788084872,6,1,0.0
788084872,7,1,0.0
788084872,8,1,0.0
788084872,9,1,0.0
788084872,10,1,0.04
788090184,6,1,1.0
788090184,8,1,1.0
788092714,7,1,0.2
788092714,8,1,0.2
788100575,1,1,0.0
788100575,2,1,0.0
788100575,3,1,0.0
788100575,4,1,0.0
788100575,5,1,0.0
788100575,6,1,0.0
788100575,7,1,0.02
788100575,8,1,0.0
788100575,9,1,0.0
788100575,10,1,0.0
788102570,8,1,0.02
788103597,8,1,0.15
788105779,7,1,0.5
788105779,8,1,3.5
788106137,7,1,0.1
788106137,8,1,0.2
788107859,1,1,0.0
788107859,2,1,0.0
788107859,3,1,0.0
788107859,4,1,0.0
788107859,5,1,0.0
788107859,6,1,0.0
788107859,7,1,0.05
788107859,8,1,0.0
788107859,9,1,0.0
788107859,10,1,0.0
788108973,1,1,0.01
788108973,7,1,0.1
788108973,8,1,0.02
788115330,7,1,0.275
788115330,8,1,0.275
788119424,7,1,6.0
788119424,8,1,1.75
788119628,7,1,0.8
788119628,8,1,0.3
788119860,8,1,0.5
788127057,1,1,0.4
788127057,7,1,1.0
788127057,10,1,0.14
788127979,8,1,0.02
788133412,1,1,0.0
788133412,2,1,0.0
788133412,3,1,0.0
788133412,4,1,0.0
788133412,5,1,0.0
788133412,6,1,0.0
788133412,7,1,0.003
788133412,8,1,0.0
788133412,9,1,0.0
788133412,10,1,0.0
788137170,7,1,0.3
788137170,8,1,0.1
788140822,4,1,2.0
788140822,6,1,0.3
788140822,7,1,0.7
788140822,8,1,0.5
788141281,6,1,4.0
788141281,7,1,3.0
788141281,8,1,1.0
788143942,1,1,0.8
788143942,4,1,1.2
788143942,7,1,0.8
788143942,8,1,0.2
788143942,10,1,0.7
788144853,8,1,0.09
788147881,7,1,2.5
788151684,7,1,0.23
788152925,8,1,0.21
788158024,4,1,0.1
788158024,8,1,0.1
788170458,1,1,0.0
788170458,2,1,0.0
788170458,3,1,0.0
788170458,4,1,0.0
788170458,5,1,0.0
788170458,6,1,0.0
788170458,7,1,0.08
788170458,8,1,0.0
788170458,9,1,0.0
788170458,10,1,0.0
788170753,7,1,0.2
788170753,8,1,0.6
788208423,7,1,1.5
788238609,10,1,0.18
788290481,8,1,0.6
788310008,8,1,0.1
788310701,8,1,0.5
788315797,8,1,0.01
788333846,1,1,0.0
788333846,2,1,0.0
788333846,3,1,0.0
788333846,4,1,0.3
788333846,5,1,0.0
788333846,6,1,0.0
788333846,7,1,0.1
788333846,8,1,0.0
788333846,9,1,0.0
788333846,10,1,0.0
788334016,7,1,0.1
788334016,8,1,0.2
788334381,7,1,0.01
788334381,8,1,0.01
788337883,1,1,1.0
788337883,7,1,0.5
788337883,8,1,0.5
788350118,7,1,0.2
788353372,6,1,0.1
788353372,7,1,0.2
788353372,8,1,0.2
788353431,7,1,0.03
788353431,8,1,0.03
788359378,6,1,0.2
788359378,7,1,0.3
788363285,4,1,0.7
788363285,7,1,0.25
788364733,8,1,0.06
788364779,1,1,0.0
788364779,2,1,0.0
788364779,3,1,0.0
788364779,4,1,0.0
788364779,5,1,0.0
788364779,6,1,0.0
788364779,7,1,0.02
788364779,8,1,0.0
788364779,9,1,0.0
788364779,10,1,0.0
788372698,1,1,0.0
788372698,2,1,0.0
788372698,3,1,0.0
788372698,4,1,0.02
788372698,5,1,0.0
788372698,6,1,0.0
788372698,7,1,0.1
788372698,8,1,0.0
788372698,9,1,0.0
788372698,10,1,0.0
788413034,7,1,0.2
788420202,4,1,0.01
788420202,7,1,0.09
788427076,7,1,0.7
788430744,6,1,0.2
788430744,7,1,0.2
788430744,8,1,0.3
788549272,1,1,0.0
788549272,2,1,0.0
788549272,3,1,0.0
788549272,4,1,0.0
788549272,5,1,0.0
788549272,6,1,0.0
788549272,7,1,0.1
788549272,8,1,0.0
788549272,9,1,0.0
788549272,10,1,0.0
788549585,1,1,0.0
788549585,2,1,0.0
788549585,3,1,0.0
788549585,4,1,0.0
788549585,5,1,0.0
788549585,6,1,0.0
788549585,7,1,0.2
788549585,8,1,0.0
788549585,9,1,0.0
788549585,10,1,0.0
788559748,10,1,0.0
788563795,7,1,0.02
788563795,8,1,0.9
788567440,7,1,0.1
788567440,8,1,0.11
788573804,1,1,0.5
788573804,4,1,1.0
788584353,1,1,0.0
788584353,2,1,0.0
788584353,3,1,0.0
788584353,4,1,0.0
788584353,5,1,0.0
788584353,6,1,0.0
788584353,7,1,0.27
788584353,8,1,0.0
788584353,9,1,0.0
788584353,10,1,1.38
788586415,1,1,0.0
788586415,2,1,0.0
788586415,3,1,0.0
788586415,4,1,0.0
788586415,5,1,0.0
788586415,6,1,0.0
788586415,7,1,0.7
788586415,8,1,1.3
788586415,9,1,0.0
788586415,10,1,0.0
788586934,1,1,0.3403
788586934,2,1,0.0
788586934,3,1,0.3152
788586934,4,1,0.0
788586934,5,1,0.0
788586934,6,1,0.6803
788586934,7,1,1.558
788586934,8,1,0.0
788586934,9,1,0.0
788586934,10,1,9.1032
788587881,6,1,0.03
788587881,7,1,0.05
788587881,8,1,0.05
788590237,7,1,0.13
788590237,8,1,0.02
788597678,3,1,0.32
788597678,4,1,3.5
788597678,7,1,0.5
788599208,7,1,0.1
788600673,7,1,0.005
788600673,8,1,0.005
788621983,8,1,0.09
788625214,7,1,0.3
788628805,7,1,0.1
788628805,8,1,1.0
788630625,7,1,0.4
788630625,10,1,0.4
788653245,1,1,0.0
788653245,2,1,0.0
788653245,3,1,0.0
788653245,4,1,0.0
788653245,5,1,0.0
788653245,6,1,0.0
788653245,7,1,1.25
788653245,8,1,0.0
788653245,9,1,0.0
788653245,10,1,0.0
788653484,1,1,0.0
788653484,2,1,0.0
788653484,3,1,0.0
788653484,4,1,0.0
788653484,5,1,0.0
788653484,6,1,0.0
788653484,7,1,2.94
788653484,8,1,0.0
788653484,9,1,0.0
788653484,10,1,0.0
788653605,1,1,0.0
788653605,2,1,0.0
788653605,3,1,0.0
788653605,4,1,0.0
788653605,5,1,0.0
788653605,6,1,0.0
788653605,7,1,1.47
788653605,8,1,0.0
788653605,9,1,0.0
788653605,10,1,0.0
788654396,1,1,0.0
788654396,2,1,0.0
788654396,3,1,0.0
788654396,4,1,0.0
788654396,5,1,0.0
788654396,6,1,0.0
788654396,7,1,0.0
788654396,8,1,0.0
788654396,9,1,0.0
788654396,10,1,0.01
788654446,7,1,0.3
788655708,1,1,0.0
788655708,2,1,0.89
788655708,3,1,0.0
788655708,4,1,0.0
788655708,5,1,0.0
788655708,6,1,0.0
788655708,7,1,0.42
788655708,8,1,0.0
788655708,9,1,0.0
788655708,10,1,0.0
788684382,7,1,0.25
788684382,8,1,0.25
788787618,8,1,0.4
788794440,10,1,0.01
788800318,1,1,0.0
788800318,2,1,0.0
788800318,3,1,0.0
788800318,4,1,0.0
788800318,5,1,0.0
788800318,6,1,0.0
788800318,7,1,0.0
788800318,8,1,1.0
788800318,9,1,0.0
788800318,10,1,0.0
788803608,8,1,0.5
788803608,9,1,0.1
788813921,7,1,0.03
788813921,8,1,0.05
788819156,2,1,0.01
788819156,7,1,0.01
788823456,7,1,0.01
788823456,8,1,0.07
788836451,1,1,0.0
788836451,2,1,0.0
788836451,3,1,0.0
788836451,4,1,0.0
788836451,5,1,0.0
788836451,6,1,0.0
788836451,7,1,0.2
788836451,8,1,0.0
788836451,9,1,0.0
788836451,10,1,0.0
788837325,8,1,0.01
788839220,6,1,0.01
788841993,3,1,1.0
788841993,7,1,0.3
788841993,8,1,0.8
788853550,6,1,0.01
788853550,7,1,0.14
788873430,1,1,0.0
788873430,2,1,0.0
788873430,3,1,0.0
788873430,4,1,0.0
788873430,5,1,0.0
788873430,6,1,0.0
788873430,7,1,0.0
788873430,8,1,0.0
788873430,9,1,0.0
788873430,10,1,0.01
788873515,8,1,0.04
788902192,6,1,0.01
788902192,7,1,0.01
788902192,8,1,0.01
788914197,8,1,0.01
788930454,7,1,0.25
788930454,8,1,0.25
788969231,2,1,0.11
788969231,10,1,0.3
788971583,6,1,0.3
788971583,7,1,0.5
789012725,7,1,0.005
789012725,8,1,0.005
789015122,8,1,0.1
789015717,7,1,0.15
789015717,8,1,2.0
789016249,8,1,0.1
789034517,1,1,0.0
789034517,2,1,0.0
789034517,3,1,0.0
789034517,4,1,0.0
789034517,5,1,0.0
789034517,6,1,0.0
789034517,7,1,0.04
789034517,8,1,0.0
789034517,9,1,0.0
789034517,10,1,0.0
789035450,1,1,0.0
789035450,2,1,0.0
789035450,3,1,0.0
789035450,4,1,0.0
789035450,5,1,0.0
789035450,6,1,0.0
789035450,7,1,0.01
789035450,8,1,0.0
789035450,9,1,0.0
789035450,10,1,0.0
789040649,8,1,1.0
789041230,7,1,0.04
789041230,8,1,0.04
789041327,6,1,8.91
789041327,7,1,14.26
789041327,8,1,71.28
789045218,1,1,0.0
789045218,2,1,0.0
789045218,3,1,0.0
789045218,4,1,0.0
789045218,5,1,0.0
789045218,6,1,0.0
789045218,7,1,0.0001
789045218,8,1,0.0
789045218,9,1,0.0
789045218,10,1,0.0
789048997,4,1,0.01
789061468,7,1,0.01
789061468,8,1,0.04
789067475,8,1,9.4
789069815,1,1,0.0
789069815,2,1,0.0
789069815,3,1,0.0
789069815,4,1,0.0
789069815,5,1,0.0
789069815,6,1,0.0
789069815,7,1,0.06
789069815,8,1,0.0
789069815,9,1,0.0
789069815,10,1,0.0
789071528,4,1,1.0
789071528,7,1,0.66
789071528,8,1,4.0
789072279,5,1,0.4
789072279,7,1,1.0
789072279,8,1,1.4
789073144,8,1,2.3
789074671,10,1,0.01
789076823,6,1,0.1
789077511,1,1,0.0
789077511,2,1,0.0
789077511,3,1,0.0
789077511,4,1,0.0
789077511,5,1,0.0
789077511,6,1,0.0
789077511,7,1,0.06
789077511,8,1,0.0
789077511,9,1,0.0
789077511,10,1,0.0
789078087,7,1,0.02
789078087,8,1,0.02
789082230,3,1,0.8
789082230,4,1,0.1
789082230,6,1,0.2
789082230,10,1,4.0
789094336,3,1,0.2
789094336,7,1,0.1
789094336,8,1,0.5
789096976,6,1,0.01
789096976,7,1,0.06
789096976,8,1,0.01
789098981,4,1,1.5
789098981,7,1,2.0
789098981,8,1,5.0
789102565,7,1,0.2
789107313,6,1,0.1
789107313,7,1,1.0
789108839,6,1,0.1
789108839,7,1,0.3
789108839,8,1,0.4
789110400,7,1,0.3
789110400,8,1,0.2
789113480,8,1,0.01
789116721,7,1,0.1
789116721,8,1,0.02
789122240,8,1,0.03
789147939,6,1,0.001
789147939,8,1,0.009
789152051,8,1,0.06
789152229,8,1,0.01
789281369,4,1,0.24
789281369,7,1,0.36
789281369,8,1,0.6
789288208,10,1,0.02
789293911,8,1,2.2
789310128,6,1,0.02
789310128,7,1,0.02
789310128,8,1,0.04
789310187,8,1,0.0192
789323176,10,1,0.15
789326234,7,1,0.4
789326234,8,1,0.7
789331795,8,1,0.2
789333885,6,1,0.03
789333885,7,1,0.1
789339218,7,1,0.7
789343415,7,1,0.002
789343415,8,1,0.008
789346883,8,1,0.01
789349034,6,1,0.5
789349034,8,1,1.6
789351282,3,1,0.01
789351282,4,1,0.02
789351282,10,1,0.04
789351689,7,1,0.8
789351689,8,1,7.69
789352503,4,1,0.1
789352503,7,1,0.2
789352503,8,1,0.3
789353377,8,1,0.05
789353377,10,1,0.05
789354977,6,1,0.5
789354977,7,1,0.3
789354977,8,1,0.1
789359727,7,1,0.4
789359727,8,1,1.4
789383804,6,1,0.01
789413894,1,1,0.4
789413894,6,1,0.1
789413894,7,1,0.1
789416757,8,1,0.0
789477800,6,1,0.15
789483919,8,1,0.01
789483919,10,1,0.06
789488255,8,1,0.05
789488255,10,1,0.05
789488404,8,1,0.1
789499037,7,1,0.09
789499037,8,1,0.08
789499908,6,1,24.37
789499908,7,1,32.49
789499908,8,1,40.62
789501937,6,1,0.1
789501937,7,1,0.2
789501937,8,1,0.2
789507302,7,1,0.05
789507302,8,1,0.05
789515607,8,1,0.05
789515607,10,1,0.05
789521221,1,1,0.0
789521221,2,1,0.0
789521221,3,1,0.0
789521221,4,1,0.5
789521221,5,1,0.0
789521221,6,1,0.0
789521221,7,1,0.8
789521221,8,1,0.5
789521221,9,1,0.0
789521221,10,1,0.0
789522786,6,1,0.15
789522786,7,1,0.2
789522786,8,1,0.2
789529607,6,1,2.0
789529607,7,1,8.0
789529607,8,1,2.5
789529825,7,1,0.2
789529825,8,1,0.8
789530512,4,1,0.2
789534692,7,1,0.01
789534692,8,1,0.02
789536149,8,1,0.22
789536149,9,1,0.6
789543712,7,1,0.1
789543712,8,1,0.1
789544083,6,1,0.001
789554066,1,1,0.15
789554066,7,1,0.2
789554066,8,1,0.5
789555600,1,1,0.0
789555600,2,1,0.0
789555600,3,1,0.0
789555600,4,1,0.0
789555600,5,1,0.0
789555600,6,1,0.0
789555600,7,1,10.25
789555600,8,1,0.0
789555600,9,1,0.0
789555600,10,1,0.0
789555780,1,1,0.0
789555780,2,1,0.0
789555780,3,1,0.0
789555780,4,1,0.0
789555780,5,1,0.0
789555780,6,1,0.0
789555780,7,1,0.01
789555780,8,1,0.0
789555780,9,1,0.0
789555780,10,1,0.0
789556148,4,1,0.1
789556148,7,1,0.2
789556515,6,1,0.3
789556515,8,1,0.2
789557879,6,1,0.01
789557879,7,1,0.04
789563176,6,1,0.1
789563176,7,1,0.1
789563176,8,1,3.0
789566846,1,1,0.0
789566846,2,1,0.0
789566846,3,1,0.0
789566846,4,1,0.0
789566846,5,1,0.0
789566846,6,1,0.04
789566846,7,1,0.3
789566846,8,1,0.0
789566846,9,1,0.0
789566846,10,1,0.0
789574808,7,1,0.2
789578423,7,1,0.27
789578734,6,1,0.1
789578734,7,1,0.9
789578734,8,1,1.0
789612595,6,1,0.18
789612595,7,1,0.02
789636653,6,1,0.01
789694188,8,1,1.0
789702859,8,1,1.6
789715645,6,1,0.05
789715645,7,1,0.05
789715645,8,1,0.2
789719826,6,1,0.4
789719826,7,1,0.4
789719826,8,1,0.7
789724724,7,1,0.3
789724724,8,1,0.15
789728944,6,1,2.46
789728944,7,1,39.32
789728944,8,1,196.87
789738133,7,1,0.2
789738133,8,1,0.6
789739278,6,1,0.3
789739278,7,1,2.31
789739278,8,1,9.22
789741695,8,1,1.47
789749664,7,1,0.3
789749664,8,1,0.7
789752901,6,1,0.2
789752901,7,1,0.3
789752901,8,1,1.4
789753959,8,1,0.02
789754059,7,1,0.5
789754059,8,1,1.5
789755596,4,1,0.11
789755596,7,1,0.2
789755596,8,1,0.4
789758349,6,1,0.01
789758349,7,1,0.05
789758349,8,1,0.02
789758769,7,1,0.19
789758769,8,1,0.7
789758791,6,1,1.0
789758791,7,1,0.3
789767567,7,1,1.0
789767567,8,1,0.7
789770802,6,1,0.1
789770802,7,1,0.1
789770802,8,1,0.1
789771457,1,1,0.0
789771457,2,1,0.0
789771457,3,1,0.0
789771457,4,1,0.0
789771457,5,1,0.0
789771457,6,1,0.0
789771457,7,1,0.001
789771457,8,1,0.0
789771457,9,1,0.0
789771457,10,1,0.0
789772200,1,1,0.0
789772200,2,1,0.0
789772200,3,1,0.0
789772200,4,1,0.0
789772200,5,1,0.0
789772200,6,1,0.0
789772200,7,1,0.0001
789772200,8,1,0.0
789772200,9,1,0.0
789772200,10,1,0.0
789774529,1,1,0.0
789774529,2,1,0.0
789774529,3,1,0.0
789774529,4,1,0.0
789774529,5,1,0.0
789774529,6,1,0.0
789774529,7,1,0.3
789774529,8,1,0.0
789774529,9,1,0.0
789774529,10,1,0.0
789776626,8,1,0.02
789778506,1,1,0.05
789786985,8,1,5.2
789797061,8,1,1.2
789797873,7,1,1.0
789797873,8,1,0.07
789811888,5,1,0.0
789811888,6,1,0.0
789811888,7,1,0.0
789916595,8,1,0.1
789932164,5,1,1.5
789932164,6,1,0.2
789932164,7,1,1.0
789932164,8,1,2.0
789937601,1,1,0.0
789937601,2,1,0.0
789937601,3,1,0.0
789937601,4,1,0.0
789937601,5,1,0.0
789937601,6,1,0.0
789937601,7,1,0.01
789937601,8,1,0.0
789937601,9,1,0.0
789937601,10,1,0.0
789944417,4,1,0.01
789944417,6,1,2.19
789944417,7,1,0.2
789944417,8,1,3.04
789949079,10,1,0.0
789951479,1,1,0.0
789951479,2,1,0.0
789951479,3,1,0.0
789951479,4,1,0.0
789951479,5,1,0.0
789951479,6,1,0.0
789951479,7,1,0.02
789951479,8,1,0.0
789951479,9,1,0.0
789951479,10,1,0.0
789952784,7,1,0.2
789952784,8,1,0.1
789955095,4,1,1.0
789955095,7,1,1.7
789955095,8,1,1.0
789956685,7,1,0.05
789956685,8,1,0.05
789960233,8,1,0.4
789961418,1,1,0.088
789961418,2,1,0.0
789961418,3,1,0.0
789961418,4,1,0.0
789961418,5,1,0.0
789961418,6,1,0.0
789961418,7,1,0.0
789961418,8,1,0.0
789961418,9,1,0.0
789961418,10,1,0.0
789981298,6,1,0.4
789981298,8,1,1.2
789984578,4,1,0.1
789984578,7,1,0.3
789984578,8,1,0.2
789986186,8,1,2.0
789986186,10,1,0.5
789986883,7,1,0.7
789986883,8,1,1.0
789989435,7,1,0.5
789989435,8,1,1.5
789991696,8,1,7.0
789993420,8,1,0.01
789998021,6,1,0.3
789998021,7,1,0.2
789998021,8,1,2.0
790003109,7,1,1.63
790003109,8,1,0.82
790004687,1,1,0.0
790004687,2,1,0.0
790004687,3,1,0.0
790004687,4,1,0.0
790004687,5,1,0.0
790004687,6,1,0.0
790004687,7,1,0.0
790004687,8,1,0.01
790004687,9,1,0.0
790004687,10,1,0.0
790028628,7,1,1.5
790028628,8,1,3.5
790029945,8,1,0.62
790039459,6,1,1.5
790039459,8,1,2.0
790043872,10,1,0.01
790050451,7,1,0.2
790077926,10,1,0.005
790078213,7,1,0.02
790078213,8,1,0.02
790093005,6,1,1.0
790093005,8,1,6.0
790152576,2,1,0.05
790152576,10,1,0.02
790163831,7,1,0.2
790163831,8,1,2.3
790194582,1,1,0.0
790194582,2,1,0.0
790194582,3,1,0.0
790194582,4,1,0.0
790194582,5,1,0.0
790194582,6,1,0.0
790194582,7,1,0.0001
790194582,8,1,0.0
790194582,9,1,0.0
790194582,10,1,0.0
790204017,7,1,0.05
790204017,8,1,1.95
790231104,8,1,0.01
790236847,7,1,0.03
790237271,3,1,0.5
790237271,7,1,0.5
790237271,8,1,1.0
790237919,7,1,0.1
790237919,8,1,0.4
790238958,8,1,0.03
790241806,6,1,10.0
790241806,7,1,12.66
790241806,8,1,60.0
790245829,8,1,0.02
790248180,7,1,0.26
790248180,8,1,0.4
790249337,8,1,0.1
790249337,10,1,0.2
790250797,7,1,1.0
790250797,8,1,11.59
790251776,1,1,0.0
790251776,2,1,0.0
790251776,3,1,0.1
790251776,4,1,0.0
790251776,5,1,0.0
790251776,6,1,0.0
790251776,7,1,0.02
790251776,8,1,0.0
790251776,9,1,0.0
790251776,10,1,0.0
790254827,6,1,0.05
790254827,7,1,0.1
790254827,8,1,0.12
790266934,7,1,0.3
790266934,8,1,0.8
790276204,8,1,0.01
790281299,7,1,0.04
790281299,8,1,0.03
790281397,8,1,0.4
790290942,6,1,0.1
790290942,8,1,0.1
790291358,8,1,0.05
790293076,7,1,0.78
790293076,8,1,1.0
790320446,8,1,0.02
790324585,1,1,0.0
790324585,2,1,0.0
790324585,3,1,0.0
790324585,4,1,0.0
790324585,5,1,0.0
790324585,6,1,0.0
790324585,7,1,0.01
790324585,8,1,0.0
790324585,9,1,0.0
790324585,10,1,0.0
790324757,1,1,0.3
790324757,2,1,0.0
790324757,3,1,0.0
790324757,4,1,0.0
790324757,5,1,0.0
790324757,6,1,0.0
790324757,7,1,0.0
790324757,8,1,0.0
790324757,9,1,0.0
790324757,10,1,0.0
790325364,1,1,0.0
790325364,2,1,0.0
790325364,3,1,0.0
790325364,4,1,0.0
790325364,5,1,0.0
790325364,6,1,0.0
790325364,7,1,0.5
790325364,8,1,0.0
790325364,9,1,0.0
790325364,10,1,0.0
790328388,4,1,0.1
790328388,8,1,0.1
790333928,7,1,0.05
790333928,8,1,0.1
790359181,4,1,0.13
790374311,4,1,0.02
790376912,8,1,0.16
790447262,1,1,0.0
790447262,2,1,0.0
790447262,3,1,0.0
790447262,4,1,0.0
790447262,5,1,0.0
790447262,6,1,0.0
790447262,7,1,0.0025
790447262,8,1,0.0
790447262,9,1,0.0
790447262,10,1,0.0
790456031,7,1,0.07
790456031,8,1,0.04
790474790,7,1,0.005
790474790,8,1,0.005
790498380,6,1,0.1
790498380,7,1,0.1
790498380,8,1,0.3
790503709,6,1,0.1
790503709,8,1,0.2
790511883,1,1,0.0
790511883,2,1,0.0
790511883,3,1,0.0
790511883,4,1,0.0
790511883,5,1,0.0
790511883,6,1,0.0
790511883,7,1,0.03
790511883,8,1,0.01
790511883,9,1,0.0
790511883,10,1,0.0
790521889,8,1,0.1
790526873,6,1,0.2
790526873,7,1,0.4
790526873,8,1,0.9
790531540,3,1,0.109
790531540,6,1,1.0
790531540,7,1,11.66
790531540,8,1,3.34
790534943,8,1,0.2
790539840,4,1,15.0
790539840,5,1,5.0
790539840,7,1,6.0
790539840,8,1,20.0
790539840,9,1,15.0
790542574,7,1,0.1
790542574,8,1,0.2
790547927,8,1,0.05
790551416,7,1,1.0
790551416,8,1,1.8
790555084,4,1,0.3
790555084,8,1,1.1
790556202,6,1,0.02
790556202,7,1,0.05
790556202,8,1,0.03
790557349,1,1,0.0
790557349,2,1,0.0
790557349,3,1,0.0
790557349,4,1,0.0
790557349,5,1,0.0
790557349,6,1,0.0
790557349,7,1,0.1
790557349,8,1,0.0
790557349,9,1,0.0
790557349,10,1,0.0
790557359,7,1,0.05
790557359,8,1,0.05
790563146,8,1,0.1
790577000,1,1,0.0
790577000,2,1,0.0
790577000,3,1,0.0
790577000,4,1,0.0
790577000,5,1,0.0
790577000,6,1,0.0
790577000,7,1,0.13
790577000,8,1,0.0
790577000,9,1,0.0
790577000,10,1,0.0
790580814,7,1,0.06
790580814,8,1,0.2
790581862,6,1,0.5
790581862,7,1,4.0
790581862,8,1,1.5
790583888,6,1,0.05
790583888,7,1,0.05
790583888,8,1,0.1
790593676,8,1,0.3
790593676,10,1,0.1
790596708,4,1,0.6
790596708,7,1,0.3
790596708,8,1,0.1
790599455,8,1,0.03
790613869,7,1,0.005
790613869,8,1,0.005
790614148,7,1,0.1
790614148,8,1,1.0
790617411,7,1,0.6
790617411,8,1,3.1
790617411,10,1,0.1
790617797,7,1,0.23
790617797,8,1,0.4
790619411,6,1,0.2
790619411,8,1,0.1
790623818,1,1,0.0
790623818,2,1,0.0
790623818,3,1,0.0
790623818,4,1,0.0
790623818,5,1,0.0
790623818,6,1,0.0
790623818,7,1,0.0001
790623818,8,1,0.0
790623818,9,1,0.0
790623818,10,1,0.0
790624542,2,1,0.1
790624542,7,1,0.6
790624542,8,1,0.4
790650753,7,1,0.04
790650753,8,1,0.1
790734341,7,1,3.0
790734341,8,1,2.5
790778410,6,1,0.01
790778410,8,1,0.02
790787813,8,1,0.4
790794948,1,1,0.0
790794948,2,1,0.0
790794948,3,1,0.0
790794948,4,1,0.0
790794948,5,1,0.0
790794948,6,1,0.0
790794948,7,1,0.08
790794948,8,1,0.0
790794948,9,1,0.0
790794948,10,1,0.0
790797983,8,1,0.3
790800993,1,1,0.25
790800993,2,1,0.0
790800993,3,1,0.0
790800993,4,1,0.0
790800993,5,1,0.0
790800993,6,1,0.0
790800993,7,1,0.0
790800993,8,1,0.5
790800993,9,1,0.0
790800993,10,1,0.0
790807465,1,1,0.0
790807465,2,1,0.0
790807465,3,1,0.0
790807465,4,1,0.0
790807465,5,1,0.0
790807465,6,1,0.0
790807465,7,1,0.1
790807465,8,1,0.1
790807465,9,1,0.0
790807465,10,1,0.0
790812502,7,1,0.005
790812502,8,1,0.005
790817300,3,1,0.01
790822947,1,1,0.0
790822947,2,1,0.0
790822947,3,1,0.0
790822947,4,1,0.0
790822947,5,1,0.0
790822947,6,1,0.0
790822947,7,1,0.0
790822947,8,1,0.08
790822947,9,1,0.0
790822947,10,1,0.0
790825470,4,1,0.1
790825470,7,1,0.3
790825470,8,1,0.6
790836673,7,1,0.21
790836786,4,1,0.8
790836786,8,1,0.8
790842677,1,1,0.0
790842677,2,1,0.0
790842677,3,1,0.0
790842677,4,1,0.1
790842677,5,1,0.0
790842677,6,1,0.1
790842677,7,1,0.3
790842677,8,1,0.0
790842677,9,1,0.0
790842677,10,1,0.1
790843494,1,1,1.47
790843494,4,1,4.1
790851887,4,1,0.1
790851887,7,1,0.15
790854332,6,1,2.5
790854332,7,1,0.6
790854332,8,1,4.5
790855675,8,1,0.25
790858323,7,1,0.02
790858323,8,1,0.08
790858581,1,1,0.0
790858581,2,1,0.0
790858581,3,1,0.0
790858581,4,1,0.0
790858581,5,1,0.0
790858581,6,1,0.0
790858581,7,1,0.2
790858581,8,1,1.6
790858581,9,1,0.0
790858581,10,1,0.0
790860150,6,1,0.1
790860150,8,1,0.4
790890645,8,1,0.6
790893728,7,1,0.46
790893728,8,1,0.69
790896606,7,1,0.05
790896606,8,1,0.05
790899089,1,1,1.0
790899089,4,1,0.2
790899089,7,1,0.3
790899089,8,1,0.5
790902712,4,1,0.3
790902712,7,1,0.5
790902712,9,1,6.0
790909901,7,1,0.02
790909901,8,1,0.03
790917790,10,1,1.0
790922848,7,1,0.2
790929710,6,1,0.1
790929710,7,1,0.1
790950251,1,1,0.0
790950251,2,1,0.0
790950251,3,1,0.0
790950251,4,1,0.1
790950251,5,1,0.0
790950251,6,1,0.0
790950251,7,1,0.1
790950251,8,1,0.0
790950251,9,1,0.0
790950251,10,1,0.1
790958082,8,1,0.01
790996471,1,1,0.0
790996471,2,1,0.0
790996471,3,1,0.0
790996471,4,1,0.0
790996471,5,1,0.0
790996471,6,1,0.0
790996471,7,1,0.06
790996471,8,1,0.0
790996471,9,1,0.0
790996471,10,1,0.0
791030312,1,1,0.0
791030312,2,1,0.0
791030312,3,1,0.0
791030312,4,1,0.0
791030312,5,1,0.0
791030312,6,1,0.0
791030312,7,1,0.82
791030312,8,1,0.0
791030312,9,1,0.0
791030312,10,1,0.0
791036322,1,1,0.0
791036322,2,1,0.0
791036322,3,1,0.0
791036322,4,1,0.0
791036322,5,1,0.0
791036322,6,1,0.0
791036322,7,1,0.5
791036322,8,1,0.0
791036322,9,1,0.0
791036322,10,1,0.0
791077425,10,1,0.1
791092102,7,1,2.0
791092102,8,1,4.0
791096009,8,1,0.1
791097355,7,1,0.02
791097355,8,1,0.03
791100137,8,1,0.5
791102017,6,1,0.1
791102017,7,1,0.1
791102017,8,1,0.5
791106217,7,1,0.11
791106217,8,1,0.1
791106885,8,1,1.5
791108617,2,1,0.01
791114051,1,1,0.1
791114051,7,1,0.1
791116596,7,1,0.3
791116596,8,1,0.5
791116957,7,1,0.3
791117301,8,1,3.8
791121578,8,1,0.06
791129252,8,1,1.0
791134188,8,1,0.01
791136823,6,1,0.1
791136823,7,1,0.1
791136823,8,1,0.1
791140275,7,1,0.01
791141157,6,1,0.05
791141157,8,1,0.75
791154585,1,1,0.0
791154585,2,1,0.0
791154585,3,1,0.0
791154585,4,1,0.0
791154585,5,1,0.0
791154585,6,1,0.0
791154585,7,1,1.9
791154585,8,1,0.0
791154585,9,1,0.0
791154585,10,1,0.0
791159677,7,1,4.0
791159677,8,1,1.2
791162460,8,1,3.0
791165302,6,1,2.0
791165302,7,1,4.0
791165302,8,1,14.0
791171899,7,1,0.06
791173213,3,1,0.4
791173213,4,1,0.3
791181620,1,1,0.0
791181620,2,1,0.0
791181620,3,1,0.0
791181620,4,1,0.0
791181620,5,1,0.0
791181620,6,1,0.0
791181620,7,1,0.0
791181620,8,1,0.0
791181620,9,1,0.0
791181620,10,1,7.43
791181829,7,1,2.0
791181829,8,1,1.65
791184120,7,1,0.2
791188783,8,1,0.5
791199846,7,1,0.2
791199846,8,1,0.12
791236158,1,1,10.75
791236158,2,1,0.0
791236158,3,1,0.0
791236158,4,1,0.0
791236158,5,1,0.0
791236158,6,1,0.0
791236158,7,1,0.0
791236158,8,1,0.0
791236158,9,1,0.0
791236158,10,1,0.0
791240807,1,1,0.0
791240807,2,1,0.0
791240807,3,1,0.0
791240807,4,1,0.0
791240807,5,1,0.0
791240807,6,1,0.0
791240807,7,1,0.5
791240807,8,1,0.0
791240807,9,1,0.0
791240807,10,1,0.0
791312380,1,1,0.0
791312380,2,1,0.0
791312380,3,1,0.0
791312380,4,1,0.0
791312380,5,1,0.0
791312380,6,1,0.0
791312380,7,1,0.005
791312380,8,1,0.0
791312380,9,1,0.0
791312380,10,1,0.0
791372511,8,1,0.02
791372511,9,1,0.02
791373516,8,1,0.15
791385964,7,1,0.1
791385964,8,1,0.25
791390589,7,1,1.0
791390589,8,1,1.0
791390908,8,1,0.5
791391169,4,1,0.7
791391169,7,1,0.2
791391169,8,1,0.3
791396880,1,1,0.0
791396880,2,1,0.0
791396880,3,1,0.0
791396880,4,1,0.0
791396880,5,1,0.0
791396880,6,1,0.05
791396880,7,1,0.05
791396880,8,1,0.0
791396880,9,1,0.0
791396880,10,1,0.0
791401947,10,1,0.01
791404016,1,1,0.0
791404016,2,1,0.0
791404016,3,1,0.0
791404016,4,1,0.0
791404016,5,1,0.0
791404016,6,1,0.0
791404016,7,1,0.04
791404016,8,1,0.0
791404016,9,1,0.0
791404016,10,1,0.0
791404137,4,1,0.15
791404137,8,1,0.05
791411447,7,1,7.2
791411447,8,1,0.8
791414589,4,1,0.16
791414589,7,1,0.1
791422436,7,1,0.005
791422436,8,1,0.005
791444539,3,1,0.1
791444539,8,1,0.1
791444573,7,1,0.26
791447449,8,1,0.3
791474272,6,1,3.0
791474272,7,1,2.0
791474272,8,1,1.0
791484480,6,1,0.085
791484480,8,1,0.085
791506795,8,1,0.01
791527452,1,1,0.0
791527452,2,1,0.0
791527452,3,1,0.0
791527452,4,1,0.0
791527452,5,1,0.0
791527452,6,1,0.0
791527452,7,1,0.03
791527452,8,1,0.0
791527452,9,1,0.0
791527452,10,1,0.0
791536187,4,1,1.0
791540071,4,1,0.3
791548227,1,1,0.27
791592311,8,1,3.2
791597548,7,1,0.5
791597548,8,1,0.5
791600311,7,1,0.01
791601805,4,1,0.34
791601805,7,1,0.34
791604959,8,1,0.08
791605356,1,1,0.0
791605356,2,1,0.0
791605356,3,1,0.0
791605356,4,1,0.0
791605356,5,1,0.0
791605356,6,1,0.1
791605356,7,1,0.45
791605356,8,1,0.05
791605356,9,1,0.0
791605356,10,1,0.0
791605979,10,1,1.9
791618322,1,1,0.0
791618322,2,1,0.0
791618322,3,1,0.0
791618322,4,1,0.0
791618322,5,1,0.0
791618322,6,1,0.0
791618322,7,1,0.0
791618322,8,1,0.0
791618322,9,1,0.0
791618322,10,1,0.04
791619096,10,1,0.01
791633842,6,1,0.1
791633842,8,1,0.14
791638856,8,1,0.1
791639084,7,1,0.01
791639084,8,1,0.03
791647288,1,1,0.0
791647288,2,1,0.0
791647288,3,1,0.0
791647288,4,1,1.3
791647288,5,1,0.0
791647288,6,1,0.0
791647288,7,1,0.5
791647288,8,1,0.5
791647288,9,1,0.0
791647288,10,1,0.0
791647429,7,1,0.02
791651797,7,1,0.04
791651797,8,1,0.04
791652312,1,1,0.04
791652442,4,1,0.1
791652442,7,1,0.4
791652442,8,1,0.02
791655479,4,1,0.1
791655479,8,1,0.2
791659846,7,1,0.21
791659846,8,1,0.8
791660196,2,1,0.6
791660196,7,1,4.0
791660196,8,1,8.0
791670908,1,1,0.0
791670908,2,1,0.0
791670908,3,1,0.0
791670908,4,1,0.0
791670908,5,1,0.0
791670908,6,1,0.0
791670908,7,1,0.06
791670908,8,1,0.0
791670908,9,1,0.0
791670908,10,1,0.0
791672193,6,1,0.01
791672193,7,1,0.01
791679342,7,1,0.3
791679342,8,1,0.1
791788192,3,1,2.0
791788192,10,1,2.2
791789094,8,1,0.1
791790363,7,1,0.01
791790363,8,1,0.16
791795624,7,1,0.05
791795624,8,1,0.1
791814591,1,1,0.0
791814591,2,1,0.0
791814591,3,1,0.0
791814591,4,1,0.0
791814591,5,1,0.0
791814591,6,1,0.0
791814591,7,1,0.01
791814591,8,1,0.0
791814591,9,1,0.0
791814591,10,1,0.0
791814995,1,1,0.0
791814995,2,1,0.0
791814995,3,1,0.0
791814995,4,1,0.0
791814995,5,1,0.0
791814995,6,1,0.0
791814995,7,1,0.0006
791814995,8,1,0.0
791814995,9,1,0.0
791814995,10,1,0.0
791816917,7,1,0.02
791816917,8,1,0.13
791818872,4,1,0.05
791818872,8,1,4.95
791822327,7,1,0.13
791822327,8,1,0.6
791824419,7,1,0.89
791824419,8,1,0.79
791827866,7,1,0.1
791827866,8,1,0.1
791831373,4,1,0.2
791831373,7,1,0.4
791831539,8,1,2.1
791833535,10,1,0.29
791838052,4,1,1.0
791838052,6,1,0.2
791838052,7,1,0.3
791838052,8,1,0.5
791848261,7,1,0.15
791848261,8,1,0.35
791851017,7,1,0.1
791851017,8,1,0.1
791858898,6,1,0.01
791861767,7,1,0.0656
791861767,8,1,0.1
791872405,3,1,1.46
791874721,7,1,0.03
791874721,8,1,0.07
791875219,8,1,0.26
791876146,7,1,0.07
791880534,7,1,0.75
791880534,8,1,0.29
791880601,7,1,0.15
791880601,10,1,0.05
791880987,7,1,0.005
791880987,8,1,0.005
791881992,5,1,0.01
791881992,7,1,0.04
791892336,8,1,0.52
791895824,6,1,3.0
791895824,7,1,1.0
791895824,8,1,2.0
791904216,7,1,0.4
791904216,8,1,0.1
791907241,8,1,0.8
791911823,7,1,0.1
791912276,7,1,0.2
791912276,8,1,0.2
791912276,10,1,0.1
791912940,7,1,0.001
791912940,8,1,0.004
791916537,6,1,0.14
791916537,8,1,0.3
791920593,6,1,0.01
791922876,7,1,0.05
791922876,8,1,0.15
791924130,4,1,0.02
791924130,7,1,0.02
791931773,2,1,0.05
791931773,7,1,0.02
791931773,10,1,0.03
791939171,10,1,0.1
791943958,6,1,0.15
792029839,1,1,0.0
792029839,2,1,0.0
792029839,3,1,0.0
792029839,4,1,0.0
792029839,5,1,0.0
792029839,6,1,0.0
792029839,7,1,0.9
792029839,8,1,0.0
792029839,9,1,0.0
792029839,10,1,0.0
792044886,6,1,0.01
792046317,6,1,0.01
792057158,6,1,0.01
792064914,6,1,0.001
792076892,7,1,0.4
792076892,8,1,0.4
792080482,7,1,0.5
792080482,10,1,5.0
792093289,6,1,0.1
792093289,8,1,0.2
792094543,7,1,0.8
792094543,8,1,4.0
792097633,8,1,0.06
792099386,6,1,0.5
792099386,8,1,1.6
792105856,7,1,2.5
792105856,8,1,1.0
792108402,3,1,0.5
792110308,1,1,0.0
792110308,2,1,0.0
792110308,3,1,0.0
792110308,4,1,0.0
792110308,5,1,0.0
792110308,6,1,0.0
792110308,7,1,0.2
792110308,8,1,0.0
792110308,9,1,0.0
792110308,10,1,0.0
792123607,6,1,0.1
792123607,8,1,0.2
792128077,7,1,2.0
792128077,8,1,6.0
792130315,6,1,0.2
792130315,8,1,0.8
792130700,4,1,0.5
792130700,8,1,1.0
792138197,7,1,0.01
792142046,7,1,0.17
792142046,8,1,0.2
792149835,6,1,0.1
792149835,7,1,0.1
792157578,10,1,1.5
792161665,1,1,0.0
792161665,2,1,0.0
792161665,3,1,0.0
792161665,4,1,0.0
792161665,5,1,0.0
792161665,6,1,0.01
792161665,7,1,0.2
792161665,8,1,0.05
792161665,9,1,0.0
792161665,10,1,0.0
792164351,6,1,0.02
792164351,7,1,0.1
792166884,6,1,0.1
792166884,7,1,0.2
792171559,8,1,0.2
792171559,9,1,0.6
792171559,10,1,0.2
792171813,7,1,0.7
792171813,8,1,0.3
792179344,8,1,0.1
792183773,6,1,0.02
792183773,7,1,0.08
792184274,1,1,0.0
792184274,2,1,0.0
792184274,3,1,0.0
792184274,4,1,0.0
792184274,5,1,0.0
792184274,6,1,0.0
792184274,7,1,0.0
792184274,8,1,0.02
792184274,9,1,0.0
792184274,10,1,0.01
792189416,7,1,2.9
792189416,8,1,5.0
792189416,10,1,3.3
792191203,4,1,0.5
792191203,7,1,0.1
792214200,7,1,0.01
792235885,1,1,0.0
792235885,2,1,0.0
792235885,3,1,0.0
792235885,4,1,0.0
792235885,5,1,0.0
792235885,6,1,0.0
792235885,7,1,1.0
792235885,8,1,0.0
792235885,9,1,0.0
792235885,10,1,0.0
792236003,1,1,0.0
792236003,2,1,0.0
792236003,3,1,0.0
792236003,4,1,0.0
792236003,5,1,0.0
792236003,6,1,0.0
792236003,7,1,0.0
792236003,8,1,1.0
792236003,9,1,0.0
792236003,10,1,0.0
792265549,1,1,0.0
792265549,2,1,0.0
792265549,3,1,0.0
792265549,4,1,0.0
792265549,5,1,0.0
792265549,6,1,0.0
792265549,7,1,0.57
792265549,8,1,0.0
792265549,9,1,0.0
792265549,10,1,0.0
792340896,7,1,0.62
792340896,8,1,1.0
792373619,6,1,0.2
792373619,7,1,0.5
792373619,8,1,0.5
792380982,7,1,0.25
792380982,8,1,0.25
792382655,1,1,0.0
792382655,2,1,0.0
792382655,3,1,0.0
792382655,4,1,0.0
792382655,5,1,0.0
792382655,6,1,0.0
792382655,7,1,0.0
792382655,8,1,0.0
792382655,9,1,0.0
792382655,10,1,5.76
792382781,8,1,0.1
792388634,4,1,0.01
792388634,7,1,0.01
792397410,6,1,0.1
792397410,7,1,0.1
792397410,8,1,0.8
792402576,8,1,0.003
792406620,7,1,0.4
792406620,8,1,1.5
792408625,7,1,0.1
792412677,7,1,0.005
792412677,8,1,0.005
792414060,6,1,0.5
792414060,7,1,1.0
792414060,8,1,2.0
792416033,8,1,0.01
792429900,6,1,0.25
792429900,7,1,0.25
792429900,8,1,0.5
792435003,10,1,0.4
792435636,6,1,0.18
792435636,7,1,0.02
792440931,7,1,0.1
792440931,8,1,0.1
792442412,1,1,0.0
792442412,2,1,0.0
792442412,3,1,0.0
792442412,4,1,0.0
792442412,5,1,0.0
792442412,6,1,0.0
792442412,7,1,0.0
792442412,8,1,0.0
792442412,9,1,0.0
792442412,10,1,0.12
792448140,8,1,0.5
792451208,8,1,0.02
792462814,10,1,0.01
792464191,1,1,6.4035
792464191,2,1,0.0
792464191,3,1,0.0
792464191,4,1,0.0
792464191,5,1,0.0
792464191,6,1,0.0
792464191,7,1,0.0
792464191,8,1,0.0
792464191,9,1,0.0
792464191,10,1,0.0
792466094,7,1,0.2
792466094,8,1,0.1
792474889,8,1,1.7
792487577,3,1,0.3
792487577,4,1,0.6
792487577,6,1,0.8
792487577,7,1,0.18
792488453,10,1,0.0174
792497113,7,1,0.5
792514064,7,1,0.03
792585446,4,1,0.1
792585446,8,1,0.05
792618875,3,1,0.1
792618875,4,1,0.1
792618875,6,1,0.1
792640910,1,1,0.5
792640910,2,1,0.0
792640910,3,1,0.0
792640910,4,1,0.0
792640910,5,1,0.0
792640910,6,1,0.0
792640910,7,1,0.16
792640910,8,1,0.0
792640910,9,1,0.0
792640910,10,1,0.0
792642616,8,1,1.2
792657572,1,1,0.0
792657572,2,1,0.0
792657572,3,1,0.0
792657572,4,1,0.0
792657572,5,1,0.0
792657572,6,1,0.0
792657572,7,1,13.6
792657572,8,1,0.0
792657572,9,1,0.0
792657572,10,1,0.0
792666041,7,1,0.015
792666041,8,1,0.015
792671694,4,1,0.3
792671694,8,1,0.52
792672789,7,1,0.01
792672789,8,1,0.09
792684450,6,1,0.01
792684536,7,1,0.01
792684536,8,1,0.09
792686111,7,1,2.6
792686111,8,1,2.0
792700231,8,1,0.1
792703140,7,1,0.01
792703140,8,1,0.42
792707478,1,1,0.0
792707478,2,1,0.0
792707478,3,1,0.0
792707478,4,1,1.0
792707478,5,1,0.0
792707478,6,1,0.0
792707478,7,1,1.5
792707478,8,1,1.3
792707478,9,1,0.0
792707478,10,1,0.0
792711640,7,1,0.1
792711640,8,1,0.5
792712396,10,1,0.4
792721080,8,1,0.01
792730783,8,1,0.02
792735453,8,1,0.1
792736231,1,1,0.0
792736231,2,1,0.0
792736231,3,1,0.0
792736231,4,1,0.0
792736231,5,1,0.0
792736231,6,1,0.0
792736231,7,1,0.84
792736231,8,1,0.0
792736231,9,1,0.0
792736231,10,1,0.0
792736616,1,1,0.0
792736616,2,1,0.0
792736616,3,1,0.0
792736616,4,1,0.0
792736616,5,1,0.0
792736616,6,1,0.0
792736616,7,1,3.28
792736616,8,1,0.0
792736616,9,1,0.0
792736616,10,1,0.0
792746044,7,1,0.02
792746044,8,1,0.01
792753841,8,1,3.0
792755800,7,1,0.2
792755800,8,1,2.4
792766595,6,1,0.1
792766595,7,1,0.8
792766595,8,1,0.9
792848150,7,1,0.005
792848150,8,1,0.005
792920571,1,1,0.0
792920571,2,1,0.0
792920571,3,1,0.0
792920571,4,1,0.0
792920571,5,1,0.0
792920571,6,1,0.0
792920571,7,1,0.12
792920571,8,1,0.0
792920571,9,1,0.0
792920571,10,1,0.0
792921853,1,1,0.0
792921853,2,1,0.0
792921853,3,1,0.0
792921853,4,1,0.0
792921853,5,1,0.0
792921853,6,1,0.0
792921853,7,1,0.26
792921853,8,1,0.0
792921853,9,1,0.0
792921853,10,1,0.0
792922344,1,1,0.0
792922344,2,1,0.0
792922344,3,1,0.0
792922344,4,1,0.0
792922344,5,1,0.0
792922344,6,1,0.0
792922344,7,1,0.02
792922344,8,1,0.0
792922344,9,1,0.0
792922344,10,1,0.0
792931362,4,1,0.05
792931362,7,1,0.1
792931362,8,1,0.12
792933295,7,1,0.19
792933295,8,1,2.7
792934429,8,1,0.3
792944449,1,1,0.0
792944449,2,1,0.0
792944449,3,1,0.0
792944449,4,1,0.0
792944449,5,1,0.0
792944449,6,1,0.0
792944449,7,1,5.16
792944449,8,1,0.0
792944449,9,1,0.0
792944449,10,1,0.0
792957095,7,1,0.25
792957095,8,1,0.25
792959741,8,1,0.1
792961356,1,1,0.0
792961356,2,1,0.0
792961356,3,1,0.0
792961356,4,1,0.0
792961356,5,1,0.0
792961356,6,1,0.0
792961356,7,1,0.0
792961356,8,1,0.01
792961356,9,1,0.0
792961356,10,1,0.0
792978188,8,1,0.83
792981296,1,1,0.0
792981296,2,1,0.0
792981296,3,1,0.0
792981296,4,1,0.0
792981296,5,1,0.0
792981296,6,1,0.0
792981296,7,1,0.1
792981296,8,1,0.3
792981296,9,1,0.0
792981296,10,1,0.0
792984310,7,1,1.0
792984310,8,1,2.2
792985660,10,1,0.1
792988312,7,1,0.77
792988312,8,1,0.29
792990047,8,1,10.0
792996054,1,1,0.0
792996054,2,1,0.0
792996054,3,1,0.0
792996054,4,1,0.0
792996054,5,1,0.0
792996054,6,1,0.0
792996054,7,1,0.02
792996054,8,1,0.0
792996054,9,1,0.0
792996054,10,1,0.0
793027449,7,1,0.005
793027449,8,1,0.005
793111861,7,1,1.0
793111861,8,1,5.0
793137194,4,1,1.0
793137194,7,1,1.0
793137194,8,1,3.0
793144222,1,1,0.0
793144222,2,1,0.0
793144222,3,1,0.0
793144222,4,1,0.0
793144222,5,1,0.0
793144222,6,1,0.0
793144222,7,1,0.0
793144222,8,1,0.0
793144222,9,1,0.0
793144222,10,1,0.01
793148679,1,1,0.0
793148679,2,1,0.33
793148679,3,1,0.0
793148679,4,1,0.0
793148679,5,1,0.0
793148679,6,1,0.0
793148679,7,1,0.0
793148679,8,1,0.0
793148679,9,1,0.0
793148679,10,1,0.0
793155108,1,1,0.0
793155108,2,1,0.0
793155108,3,1,0.0
793155108,4,1,0.0
793155108,5,1,0.0
793155108,6,1,0.0
793155108,7,1,0.007
793155108,8,1,0.0
793155108,9,1,0.0
793155108,10,1,0.0
793164053,1,1,0.1
793164053,8,1,0.5
793172772,1,1,0.0
793172772,2,1,0.0
793172772,3,1,0.0
793172772,4,1,0.0
793172772,5,1,0.0
793172772,6,1,0.0
793172772,7,1,0.02
793172772,8,1,0.68
793172772,9,1,0.0
793172772,10,1,0.0
793176511,1,1,0.0
793176511,2,1,0.0
793176511,3,1,0.0
793176511,4,1,0.0
793176511,5,1,0.0
793176511,6,1,0.0
793176511,7,1,0.15
793176511,8,1,0.0
793176511,9,1,0.0
793176511,10,1,0.0
793182097,5,1,0.2
793182097,6,1,0.2
793182097,7,1,0.8
793182097,8,1,0.4
793195916,7,1,0.1
793195916,8,1,0.01
793197540,8,1,0.02
793199178,8,1,0.02
793199974,6,1,0.1
793199974,7,1,0.2
793199974,8,1,0.7
793212671,8,1,0.38
793213229,1,1,0.0
793213229,2,1,0.0
793213229,3,1,0.0
793213229,4,1,0.0
793213229,5,1,0.0
793213229,6,1,0.0
793213229,7,1,0.26
793213229,8,1,0.0
793213229,9,1,0.0
793213229,10,1,0.0
793215193,7,1,0.01
793228173,8,1,0.2
793230586,8,1,0.01
793230866,6,1,0.1
793230866,8,1,0.07
793232448,1,1,0.0
793232448,2,1,0.0
793232448,3,1,0.0
793232448,4,1,0.0
793232448,5,1,0.0
793232448,6,1,0.0
793232448,7,1,0.007
793232448,8,1,0.0
793232448,9,1,0.0
793232448,10,1,0.0
793235273,8,1,0.02
793243649,8,1,0.02
793249092,4,1,0.2
793249092,7,1,0.3
793249092,8,1,0.7
793254440,5,1,0.25
793254440,6,1,0.75
793254764,8,1,0.02
793257307,7,1,0.2
793257307,8,1,0.38
793262583,1,1,0.0
793262583,2,1,0.0
793262583,3,1,0.0
793262583,4,1,0.0
793262583,5,1,0.0
793262583,6,1,0.0
793262583,7,1,0.03
793262583,8,1,0.0
793262583,9,1,0.0
793262583,10,1,0.0
793284297,1,1,0.0
793284297,2,1,0.0
793284297,3,1,0.0
793284297,4,1,0.0
793284297,5,1,0.0
793284297,6,1,0.0
793284297,7,1,0.09
793284297,8,1,0.0
793284297,9,1,0.0
793284297,10,1,0.0
793295293,1,1,13.1636
793295293,2,1,0.2473
793295293,3,1,1.5891
793295293,4,1,41.4658
793295293,5,1,0.0
793295293,6,1,6.3922
793295293,7,1,21.8668
793295293,8,1,0.0
793295293,9,1,0.0
793295293,10,1,12.9655
793326155,8,1,0.02
793326155,10,1,0.01
793401174,7,1,0.2
793405596,1,1,0.0
793405596,2,1,0.36
793405596,3,1,0.0
793405596,4,1,0.0
793405596,5,1,0.0
793405596,6,1,0.0
793405596,7,1,0.0
793405596,8,1,0.0
793405596,9,1,0.0
793405596,10,1,0.0
793416023,7,1,0.17
793416023,8,1,0.29
793423191,8,1,1.0
793423191,9,1,2.9
793427990,6,1,1.0
793427990,7,1,2.0
793427990,8,1,2.0
793429158,7,1,0.09
793429158,8,1,0.2
793432878,7,1,0.7
793432878,8,1,0.1
793443157,7,1,0.04
793458401,1,1,0.0
793458401,2,1,0.0
793458401,3,1,0.0
793458401,4,1,0.0
793458401,5,1,0.0
793458401,6,1,0.0
793458401,7,1,0.12
793458401,8,1,0.0
793458401,9,1,0.0
793458401,10,1,0.0
793474014,1,1,0.0
793474014,2,1,0.0
793474014,3,1,0.0
793474014,4,1,0.0
793474014,5,1,0.0
793474014,6,1,0.0
793474014,7,1,0.4
793474014,8,1,0.3
793474014,9,1,0.0
793474014,10,1,0.0
793477400,7,1,0.1
793477400,8,1,0.1
793485936,1,1,0.0
793485936,2,1,0.0
793485936,3,1,0.2
793485936,4,1,0.4
793485936,5,1,0.0
793485936,6,1,0.0
793485936,7,1,0.15
793485936,8,1,0.0
793485936,9,1,0.0
793485936,10,1,0.0
793487191,1,1,0.0
793487191,2,1,0.0
793487191,3,1,0.0
793487191,4,1,0.0
793487191,5,1,0.0
793487191,6,1,0.0
793487191,7,1,0.0
793487191,8,1,0.02
793487191,9,1,0.0
793487191,10,1,0.0
793489350,7,1,0.18
793489350,8,1,0.2
793498063,7,1,4.0
793498063,8,1,4.0
793512105,7,1,0.01
793513682,7,1,0.1
793513682,8,1,1.0
793617856,1,1,0.0
793617856,2,1,0.0
793617856,3,1,0.0
793617856,4,1,0.0
793617856,5,1,0.0
793617856,6,1,0.0
793617856,7,1,0.0
793617856,8,1,0.05
793617856,9,1,0.0
793617856,10,1,0.0
793627193,6,1,0.01
793627193,8,1,0.04
793633126,7,1,0.1
793633126,8,1,0.1
793633672,10,1,0.01
793635344,10,1,0.2
793642737,7,1,0.1
793642737,8,1,0.2
793643861,8,1,1.3
793649019,6,1,0.2
793649019,8,1,1.8
793652408,8,1,0.01
793655934,4,1,0.002
793655934,10,1,0.03
793657316,1,1,0.0
793657316,2,1,0.0
793657316,3,1,0.0
793657316,4,1,0.0
793657316,5,1,0.0
793657316,6,1,0.0
793657316,7,1,0.12
793657316,8,1,0.0
793657316,9,1,0.0
793657316,10,1,0.0
793661830,1,1,11.274
793661830,2,1,19.426
793661830,3,1,20.537
793661830,4,1,3.062
793661830,7,1,89.366
793661830,8,1,93.24
793675318,7,1,0.1
793675318,8,1,0.1
793680013,7,1,2.7
793680013,8,1,4.0
793681411,8,1,0.01
793699391,7,1,3.0
793699391,8,1,9.0
793700208,7,1,0.1
793701736,1,1,0.0
793701736,2,1,0.0
793701736,3,1,0.0
793701736,4,1,0.0
793701736,5,1,0.0
793701736,6,1,0.0
793701736,7,1,0.022
793701736,8,1,0.0
793701736,9,1,0.0
793701736,10,1,0.0
793709020,4,1,0.06
793709020,8,1,0.1
793710896,4,1,0.54
793710896,7,1,1.0
793710896,8,1,1.0
793717040,8,1,0.03
793718957,4,1,0.1
793718957,6,1,1.0
793718957,7,1,1.0
793718957,8,1,1.5
793718957,10,1,7.3
793724464,7,1,0.5
793724464,8,1,1.5
793724603,4,1,1.0
793724603,5,1,0.0
793724603,7,1,0.01
793724603,8,1,0.12
793727665,1,1,0.0
793727665,2,1,0.0
793727665,3,1,0.07
793727665,4,1,0.0
793727665,5,1,0.0
793727665,6,1,0.0
793727665,7,1,0.15
793727665,8,1,0.25
793727665,9,1,0.0
793727665,10,1,0.0
793728798,4,1,1.014
793728798,6,1,106.347
793728798,7,1,148.509
793728798,8,1,72.887
793730254,4,1,38.71
793730254,6,1,193.54
793730254,7,1,387.09
793730254,8,1,1612.22
793730254,9,1,14.52
793730855,1,1,0.0
793730855,2,1,0.0
793730855,3,1,0.0
793730855,4,1,0.0
793730855,5,1,0.0
793730855,6,1,0.0
793730855,7,1,0.065
793730855,8,1,0.0
793730855,9,1,0.0
793730855,10,1,0.0
793748989,8,1,0.2
793748989,9,1,2.1
793749530,1,1,0.41
793749530,2,1,0.0
793749530,3,1,0.0
793749530,4,1,0.0
793749530,5,1,0.0
793749530,6,1,0.0
793749530,7,1,1.0
793749530,8,1,3.0
793749530,9,1,0.0
793749530,10,1,0.0
793757043,8,1,1.6
793761315,1,1,0.0
793761315,2,1,0.0
793761315,3,1,0.0
793761315,4,1,0.0
793761315,5,1,0.0
793761315,6,1,0.0
793761315,7,1,0.14
793761315,8,1,0.0
793761315,9,1,0.0
793761315,10,1,0.0
793769448,7,1,0.1
793769448,8,1,0.4
793777463,8,1,0.01
793800191,7,1,0.7
793800191,8,1,1.0
793805491,8,1,0.0
793806383,8,1,0.01
793826276,1,1,0.0
793826276,2,1,0.0
793826276,3,1,0.0
793826276,4,1,0.0
793826276,5,1,0.0
793826276,6,1,0.0
793826276,7,1,0.27
793826276,8,1,0.0
793826276,9,1,0.0
793826276,10,1,0.0
793931825,1,1,0.0
793931825,2,1,0.0
793931825,3,1,0.0
793931825,4,1,0.12
793931825,5,1,0.0
793931825,6,1,0.0
793931825,7,1,0.0
793931825,8,1,0.0
793931825,9,1,0.0
793931825,10,1,0.0
793932753,1,1,0.0
793932753,2,1,0.0
793932753,3,1,0.0
793932753,4,1,0.0
793932753,5,1,0.0
793932753,6,1,0.0
793932753,7,1,0.2
793932753,8,1,0.3
793932753,9,1,0.0
793932753,10,1,0.0
793937874,1,1,14.5
793937874,4,1,59.75
793937874,6,1,59.75
793937874,7,1,42.68
793937874,8,1,172.05
793943209,4,1,0.2
793943209,7,1,3.5
793943209,8,1,5.0
793951738,7,1,0.12
793951738,8,1,0.2
793972769,6,1,5.0
793972769,7,1,1.0
793972769,8,1,3.5
793976394,1,1,0.0
793976394,2,1,0.0
793976394,3,1,0.0
793976394,4,1,0.5
793976394,5,1,0.0
793976394,6,1,0.0
793976394,7,1,0.2
793976394,8,1,1.3
793976394,9,1,0.0
793976394,10,1,0.0
793979586,3,1,0.04
793979586,7,1,0.03
793979586,8,1,0.08
793980719,6,1,0.5
793980719,8,1,1.5
793986519,7,1,0.5
793986519,8,1,2.5
793990903,1,1,0.0
793990903,2,1,0.0
793990903,3,1,0.0
793990903,4,1,0.0
793990903,5,1,0.0
793990903,6,1,0.0
793990903,7,1,0.01
793990903,8,1,0.0
793990903,9,1,0.0
793990903,10,1,0.0
793998277,1,1,0.12
793998277,7,1,1.02
793998277,8,1,4.0
793998277,9,1,0.48
794000375,8,1,1.0
794009804,7,1,0.2
794009804,8,1,1.3
794016521,8,1,4.88
794017705,8,1,0.19
794018563,4,1,1.5
794018563,8,1,1.5
794019048,7,1,0.7
794019048,8,1,1.3
794019215,7,1,0.1
794019215,8,1,0.7
794019215,10,1,0.03
794022364,4,1,0.3
794022364,7,1,0.2
794022364,8,1,0.5
794022599,7,1,0.3
794022599,8,1,0.5
794032191,1,1,218.161
794032191,2,1,29.6044
794032191,3,1,50.5246
794032191,4,1,110.686
794032191,5,1,49.351
794032191,6,1,24.7651
794032191,7,1,10.5544
794032191,9,1,6.5016
794032191,10,1,28.8519
794035322,8,1,5.0
794036246,1,1,6.96
794036246,2,1,0.0
794036246,3,1,0.0
794036246,4,1,2.42
794036246,5,1,0.0
794036246,6,1,0.0
794036246,7,1,8.63
794036246,8,1,0.0
794036246,9,1,0.0
794036246,10,1,0.29
794053475,7,1,0.67
794062289,8,1,0.6
794062454,6,1,3.0
794062454,7,1,3.0
794062454,8,1,64.731
794063793,7,1,0.05
794074210,8,1,0.04
794082747,7,1,0.05
794082747,8,1,0.05
794091844,1,1,0.614
794091844,2,1,0.0
794091844,3,1,0.0
794091844,4,1,1.621
794091844,5,1,0.0
794091844,6,1,0.693
794091844,7,1,1.861
794091844,8,1,4.327
794091844,9,1,0.515
794091844,10,1,0.0
794093167,6,1,0.119
794101510,6,1,0.3
794101510,7,1,0.5
794101510,8,1,0.1
794101510,10,1,0.1
794105666,4,1,0.4
794105666,7,1,0.19
794105666,8,1,0.2
794109866,9,1,0.24
794110042,4,1,0.1
794110070,6,1,1.0
794110070,7,1,1.0
794110070,8,1,4.0
794112835,4,1,0.2
794112835,8,1,0.6
794125869,1,1,0.15
794125869,6,1,0.05
794125869,7,1,0.1
794125869,8,1,0.05
794132391,7,1,0.01
794132391,8,1,0.01
794168233,1,1,0.7
794168233,8,1,0.06
794169569,8,1,4.47
794169569,9,1,0.159
794342574,8,1,0.4
794342574,10,1,0.1
794346044,7,1,0.5
794346044,8,1,2.0
794350934,1,1,0.0
794350934,2,1,0.0
794350934,3,1,0.0
794350934,4,1,0.0
794350934,5,1,0.0
794350934,6,1,0.0
794350934,7,1,0.15
794350934,8,1,2.0
794350934,9,1,0.0
794350934,10,1,0.0
794353800,8,1,0.1
794377503,4,1,0.9
794377503,7,1,0.02
794377503,8,1,0.1
794387488,7,1,0.05
794387488,8,1,0.05
794388325,4,1,0.01
794388325,8,1,0.02
794391629,4,1,10.578
794391629,5,1,6.581
794391629,7,1,76.343
794391629,8,1,88.606
794391629,9,1,15.124
794391629,10,1,20.829
794396084,8,1,0.1
794398575,1,1,0.0
794398575,2,1,1.14
794398575,3,1,0.0
794398575,4,1,0.0
794398575,5,1,0.0
794398575,6,1,0.0
794398575,7,1,1.0
794398575,8,1,2.0
794398575,9,1,0.0
794398575,10,1,0.0
794398956,6,1,0.2
794398956,8,1,1.0
794399668,7,1,0.2
794399668,8,1,0.3
794409762,6,1,0.02
794409762,7,1,0.03
794411809,8,1,5.5
794426310,1,1,0.0
794426310,2,1,0.0
794426310,3,1,0.0
794426310,4,1,7.2386
794426310,5,1,0.0
794426310,6,1,3.6473
794426310,7,1,3.9187
794426310,8,1,0.0
794426310,9,1,0.0
794426310,10,1,4.7521
794430740,7,1,2.0
794430740,8,1,3.0
794430740,10,1,1.24
794433202,8,1,2.7
794435177,1,1,0.0
794435177,2,1,0.0
794435177,3,1,0.0
794435177,4,1,0.15
794435177,5,1,0.0
794435177,6,1,0.0
794435177,7,1,0.04
794435177,8,1,0.0
794435177,9,1,0.0
794435177,10,1,0.0
794435937,1,1,0.0
794435937,2,1,0.0
794435937,3,1,0.0
794435937,4,1,0.0
794435937,5,1,0.0
794435937,6,1,0.0
794435937,7,1,0.0
794435937,8,1,0.0
794435937,9,1,0.0
794435937,10,1,0.01
794436942,1,1,0.0
794436942,2,1,0.0
794436942,3,1,0.0
794436942,4,1,0.0
794436942,5,1,0.0
794436942,6,1,0.0
794436942,7,1,1.0
794436942,8,1,0.0
794436942,9,1,0.0
794436942,10,1,0.0
794437087,8,1,0.8
794437431,7,1,0.2
794437431,8,1,0.8
794441113,1,1,0.0
794441113,2,1,0.18
794441113,3,1,0.0
794441113,4,1,0.0
794441113,5,1,4.0
794441113,6,1,0.0
794441113,7,1,1.0
794441113,8,1,1.0
794441113,9,1,0.0
794441113,10,1,0.0
794441847,1,1,0.0
794441847,2,1,0.0
794441847,3,1,0.0
794441847,4,1,0.0
794441847,5,1,0.0
794441847,6,1,0.0
794441847,7,1,0.02
794441847,8,1,0.0
794441847,9,1,0.0
794441847,10,1,0.0
794451267,1,1,0.0
794451267,2,1,1.16
794451267,3,1,0.0
794451267,4,1,0.0
794451267,5,1,0.0
794451267,6,1,0.0
794451267,7,1,1.97
794451267,8,1,0.0
794451267,9,1,0.0
794451267,10,1,0.0
794452876,7,1,0.75
794456402,7,1,0.5
794456402,8,1,2.5
794456402,9,1,1.0
794456402,10,1,5.0
794467429,1,1,0.0
794467429,2,1,0.0
794467429,3,1,0.0
794467429,4,1,0.0
794467429,5,1,0.0
794467429,6,1,0.0
794467429,7,1,0.16
794467429,8,1,0.0
794467429,9,1,0.0
794467429,10,1,0.0
794480779,1,1,0.0
794480779,2,1,0.45
794480779,3,1,0.0
794480779,4,1,0.0
794480779,5,1,0.0
794480779,6,1,0.0
794480779,7,1,0.15
794480779,8,1,0.0
794480779,9,1,0.0
794480779,10,1,0.0
794488752,7,1,0.08
794488752,8,1,0.1
794502403,7,1,1.0
794502403,8,1,1.0
794502403,10,1,0.7
794504141,4,1,2.0
794504141,7,1,2.0
794504141,8,1,1.0
794523110,7,1,6.0
794523110,8,1,10.0
794537076,7,1,0.3
794537076,8,1,0.48
794553415,7,1,0.8
794553415,8,1,1.0
794556393,1,1,0.0
794556393,2,1,0.0
794556393,3,1,0.0
794556393,4,1,0.0
794556393,5,1,0.0
794556393,6,1,0.0
794556393,7,1,0.0
794556393,8,1,0.5
794556393,9,1,0.0
794556393,10,1,0.0
794567250,1,1,0.0
794567250,2,1,0.0
794567250,3,1,0.0
794567250,4,1,0.01
794567250,5,1,0.0
794567250,6,1,0.0
794567250,7,1,2.9
794567250,8,1,0.0
794567250,9,1,0.0
794567250,10,1,0.0
794579970,10,1,0.3
794636986,8,1,0.01
794663159,1,1,0.0
794663159,2,1,0.0
794663159,3,1,0.0
794663159,4,1,0.0
794663159,5,1,0.0
794663159,6,1,0.0
794663159,7,1,0.01
794663159,8,1,0.0
794663159,9,1,0.0
794663159,10,1,0.0
794718191,4,1,1.0
794718191,8,1,2.0
794724600,7,1,0.3
794724600,8,1,2.0
794731035,6,1,0.38
794731035,8,1,2.0
794742274,4,1,0.1
794742274,7,1,0.05
794742274,8,1,0.26
794745351,7,1,0.04
794745351,8,1,0.3
794764279,7,1,0.25
794764279,8,1,0.7
794766633,3,1,0.5
794766633,7,1,0.2
794766633,8,1,0.4
794776114,7,1,0.02
794776114,8,1,0.01
794778918,8,1,0.8
794782272,4,1,1.7
794782272,7,1,1.3
794782272,8,1,0.5
794784456,7,1,0.7
794784456,8,1,1.0
794784510,9,1,1.45
794784510,10,1,0.05
794811908,7,1,4.0
794811908,8,1,0.4
794822580,6,1,0.1
794822580,7,1,0.3
794822580,8,1,0.6
794827592,8,1,0.1
794829799,8,1,0.09
794832535,7,1,0.01
794837219,7,1,0.05
794837219,8,1,0.1
794837749,7,1,0.3
794839361,1,1,0.0
794839361,2,1,0.0
794839361,3,1,0.0
794839361,4,1,0.0
794839361,5,1,0.0
794839361,6,1,0.0
794839361,7,1,1.0
794839361,8,1,0.0
794839361,9,1,0.0
794839361,10,1,0.0
794840470,1,1,0.2577
794840470,2,1,0.0
794840470,3,1,0.0
794840470,4,1,0.0
794840470,5,1,0.0
794840470,6,1,0.2721
794840470,7,1,0.5449
794840470,8,1,0.0
794840470,9,1,0.0
794840470,10,1,0.0
794842017,1,1,0.0
794842017,2,1,0.0
794842017,3,1,0.0
794842017,4,1,0.0
794842017,5,1,0.0
794842017,6,1,0.0
794842017,7,1,0.13
794842017,8,1,0.0
794842017,9,1,0.0
794842017,10,1,0.0
794844687,1,1,0.0
794844687,2,1,0.0
794844687,3,1,0.0
794844687,4,1,0.0
794844687,5,1,0.0
794844687,6,1,0.0
794844687,7,1,0.07
794844687,8,1,0.0
794844687,9,1,0.0
794844687,10,1,0.0
794856274,1,1,0.0
794856274,2,1,0.0
794856274,3,1,0.0
794856274,4,1,0.0
794856274,5,1,0.0
794856274,6,1,0.0
794856274,7,1,0.02
794856274,8,1,0.0
794856274,9,1,0.0
794856274,10,1,0.0
794864134,10,1,1.81
794869677,7,1,0.1
794869677,8,1,0.1
794870546,7,1,0.06
794884347,7,1,0.01
794884347,8,1,0.03
794889610,7,1,0.3
794889610,8,1,0.4
794892245,9,1,2.7
794914620,1,1,0.0
794914620,2,1,0.0
794914620,3,1,0.0
794914620,4,1,0.0
794914620,5,1,0.0
794914620,6,1,0.0
794914620,7,1,0.09
794914620,8,1,0.0
794914620,9,1,0.0
794914620,10,1,0.0
794947770,7,1,0.5
794947770,8,1,0.5
794952700,7,1,0.4
795013048,6,1,0.1
795042081,7,1,0.05
795042081,8,1,0.05
795043473,7,1,0.2
795043473,8,1,0.3
795046701,1,1,0.0
795046701,2,1,0.0
795046701,3,1,0.0
795046701,4,1,0.0
795046701,5,1,0.0
795046701,6,1,0.0
795046701,7,1,0.02
795046701,8,1,0.6
795046701,9,1,0.0
795046701,10,1,0.0
795063849,1,1,0.0
795063849,2,1,1.3106
795063849,3,1,0.0957
795063849,4,1,0.0113
795063849,5,1,0.0
795063849,6,1,0.2282
795063849,7,1,0.7741
795063849,8,1,0.0
795063849,9,1,0.0
795063849,10,1,0.061
795076295,6,1,1.0
795076295,7,1,1.5
795076295,8,1,8.0
795077893,6,1,2.0
795077893,8,1,8.0
795078487,6,1,0.5
795078487,7,1,4.0
795078487,8,1,5.0
795084291,6,1,0.3
795084291,7,1,0.2
795084291,8,1,0.2
795084885,7,1,0.01
795084885,8,1,0.03
795086059,3,1,0.37
795089996,7,1,0.1
795089996,8,1,0.2
795094214,8,1,0.04
795095671,7,1,0.15
795095671,8,1,0.3
795096694,5,1,0.58
795097197,7,1,0.03
795097197,8,1,0.05
795097197,10,1,0.07
795100986,8,1,0.5
795111436,7,1,0.3
795111436,8,1,0.2
795113829,8,1,4.0
795119786,1,1,0.5
795119786,4,1,0.66
795124790,7,1,0.1
795124790,8,1,0.9
795135094,4,1,0.1
795135094,7,1,0.1
795135094,8,1,0.1
795139750,6,1,2.3
795139750,7,1,0.245
795139750,8,1,0.245
795140952,6,1,1.0
795140952,7,1,1.0
795140952,8,1,3.0
795141951,7,1,0.1
795141951,8,1,1.0
795156650,8,1,0.01
795179924,7,1,0.3
795179924,8,1,0.5
795190769,8,1,0.2
795229567,4,1,1.5
795229567,8,1,1.0
795232953,1,1,0.0
795232953,2,1,0.0
795232953,3,1,0.0
795232953,4,1,0.0
795232953,5,1,0.0
795232953,6,1,0.0
795232953,7,1,0.002
795232953,8,1,0.0
795232953,9,1,0.0
795232953,10,1,0.0
795271767,1,1,0.0
795271767,2,1,0.0
795271767,3,1,0.0
795271767,4,1,0.33
795271767,5,1,0.0
795271767,6,1,0.0
795271767,7,1,0.0
795271767,8,1,0.0
795271767,9,1,0.0
795271767,10,1,0.0
795281727,1,1,0.0
795281727,2,1,0.0
795281727,3,1,0.0
795281727,4,1,0.0
795281727,5,1,0.0
795281727,6,1,0.0
795281727,7,1,1.0
795281727,8,1,0.0
795281727,9,1,0.0
795281727,10,1,0.0
795306499,7,1,0.05
795306499,8,1,0.02
795323089,8,1,1.1
795323089,10,1,4.0
795326203,1,1,0.0
795326203,2,1,0.0
795326203,3,1,0.0
795326203,4,1,0.0
795326203,5,1,0.0
795326203,6,1,0.0
795326203,7,1,1.5
795326203,8,1,0.0
795326203,9,1,0.0
795326203,10,1,0.0
795337106,7,1,0.1
795337106,8,1,0.05
795361452,4,1,0.1
795361452,7,1,0.4
795365065,1,1,0.0
795365065,2,1,0.0
795365065,3,1,0.0
795365065,4,1,0.04
795365065,5,1,0.0
795365065,6,1,1.6669
795365065,7,1,0.4
795365065,8,1,8.3
795365065,9,1,5.0
795365065,10,1,1.4931
795366001,4,1,0.41
795366001,6,1,0.41
795366001,8,1,2.46
795376153,6,1,0.5
795376153,7,1,0.5
795376153,8,1,1.63
795378147,4,1,0.5
795378147,7,1,0.2
795378147,8,1,1.0
795387035,8,1,1.3
795388944,7,1,0.1
795388944,8,1,0.6
795394123,10,1,4.5
795396397,6,1,0.3
795396397,7,1,0.9
795396397,8,1,1.8
795397009,7,1,0.01
795397009,8,1,0.04
795412236,7,1,0.28
795419550,1,1,0.0
795419550,2,1,0.0
795419550,3,1,0.0
795419550,4,1,0.0
795419550,5,1,0.0
795419550,6,1,0.0
795419550,7,1,0.2
795419550,8,1,0.0
795419550,9,1,0.0
795419550,10,1,0.0
795424271,1,1,0.0
795424271,2,1,0.0
795424271,3,1,0.0
795424271,4,1,0.0
795424271,5,1,0.0
795424271,6,1,0.0
795424271,7,1,0.3
795424271,8,1,0.0
795424271,9,1,0.0
795424271,10,1,0.0
795429499,8,1,0.55
795430347,8,1,1.0
795444496,1,1,0.0
795444496,2,1,0.0
795444496,3,1,0.0
795444496,4,1,0.0
795444496,5,1,0.0
795444496,6,1,0.0
795444496,7,1,0.5
795444496,8,1,0.0
795444496,9,1,0.0
795444496,10,1,0.0
795445802,1,1,0.0
795445802,2,1,0.0
795445802,3,1,0.0
795445802,4,1,0.0
795445802,5,1,0.0
795445802,6,1,0.0
795445802,7,1,0.24
795445802,8,1,0.0
795445802,9,1,0.0
795445802,10,1,0.0
795456297,8,1,0.06
795487121,1,1,0.0
795487121,2,1,0.0
795487121,3,1,0.0
795487121,4,1,0.0
795487121,5,1,0.0
795487121,6,1,0.0
795487121,7,1,0.0
795487121,8,1,0.0
795487121,9,1,0.0
795487121,10,1,0.1
795492264,1,1,0.0
795492264,2,1,0.0
795492264,3,1,0.0
795492264,4,1,0.0
795492264,5,1,0.0
795492264,6,1,0.0
795492264,7,1,0.01
795492264,8,1,0.0
795492264,9,1,0.0
795492264,10,1,0.0
795589682,10,1,0.006
795593051,8,1,0.1
795605757,8,1,0.03
795611068,6,1,0.3
795611068,8,1,0.7
795617972,6,1,0.5
795617972,7,1,0.55
795617972,8,1,1.0
795629276,4,1,3.88
795629276,6,1,25.84
795629276,7,1,73.63
795629276,8,1,91.02
795632449,6,1,0.1
795632449,8,1,0.2
795636054,4,1,0.3
795636054,7,1,0.2
795636054,8,1,1.5
795646525,6,1,1.48
795646525,7,1,1.48
795646525,8,1,0.74
795649120,8,1,0.32
795665232,1,1,0.0
795665232,2,1,0.0
795665232,3,1,0.0
795665232,4,1,0.0
795665232,5,1,0.0
795665232,6,1,0.0
795665232,7,1,0.0
795665232,8,1,0.01
795665232,9,1,0.0
795665232,10,1,0.01
795670683,8,1,0.015
795671304,7,1,0.1
795671304,8,1,0.1
795702801,4,1,0.6
795702801,7,1,0.1
795702801,8,1,0.1
795857672,6,1,0.7
795857672,7,1,0.3
795857672,8,1,7.0
795858914,7,1,0.03
795858914,10,1,0.03
795871327,8,1,0.25
795872104,8,1,2.0
795891638,7,1,0.3
795891638,8,1,0.1
795896296,7,1,0.2
795896296,8,1,0.5
795896296,9,1,2.3
795903857,8,1,0.16
795921689,7,1,0.2
795921689,8,1,0.3
795921847,8,1,0.02
795927396,6,1,0.7
795927396,7,1,2.0
795927396,8,1,4.0
795930036,6,1,0.1
795930036,7,1,0.1
795932393,8,1,23.69
795934509,9,1,1.4
795937271,8,1,0.8
795938514,7,1,0.1
795938514,8,1,0.3
795941282,2,1,0.15
795941282,7,1,0.02
795941282,8,1,0.05
795944069,8,1,0.02
795967766,7,1,0.045
795967766,8,1,0.045
795985242,2,1,0.2
795985242,4,1,0.5
795985242,8,1,0.1
795985242,10,1,0.2
795987913,1,1,0.0
795987913,2,1,0.0
795987913,3,1,0.0
795987913,4,1,0.0
795987913,5,1,0.0
795987913,6,1,0.0
795987913,7,1,7.8
795987913,8,1,0.0
795987913,9,1,0.0
795987913,10,1,0.0
795990105,7,1,0.01
795990943,8,1,1.2
795998363,8,1,0.03
796081265,6,1,0.1
796081265,8,1,0.3
796107919,8,1,4.3
796131438,1,1,0.0
796131438,2,1,0.0
796131438,3,1,0.0
796131438,4,1,0.0
796131438,5,1,0.0
796131438,6,1,0.0
796131438,7,1,0.01
796131438,8,1,0.0
796131438,9,1,0.0
796131438,10,1,0.0
796132832,4,1,0.1
796132832,8,1,0.9
796155242,8,1,0.01
796158861,4,1,1.0
796158861,7,1,2.0
796158861,8,1,2.0
796163090,4,1,25.0
796163090,6,1,241.0
796163090,7,1,274.0
796163090,8,1,180.0
796168244,7,1,0.05
796168244,8,1,0.1
796174391,4,1,3.0
796174391,7,1,2.0
796174391,8,1,9.0
796183773,7,1,0.4
796183773,8,1,0.8
796186794,7,1,0.9
796186794,8,1,2.0
796190880,4,1,0.45
796190880,7,1,0.3
796192414,8,1,0.21
796199551,7,1,0.5
796199551,8,1,2.0
796200052,6,1,0.06
796200052,7,1,0.1
796200052,8,1,0.16
796200913,7,1,0.12
796200913,8,1,0.2
796202975,8,1,0.01
796204675,6,1,0.5
796216605,1,1,0.0
796216605,2,1,0.0
796216605,3,1,0.0
796216605,4,1,0.0
796216605,5,1,0.0
796216605,6,1,0.0
796216605,7,1,1.5
796216605,8,1,0.0
796216605,9,1,0.0
796216605,10,1,0.0
796227426,7,1,0.85
796227426,8,1,2.55
796228002,6,1,0.3
796228002,7,1,0.5
796228002,8,1,0.2
796236278,7,1,0.08
796236278,8,1,0.09
796244091,4,1,0.0
796244091,6,1,0.02
796244091,7,1,0.06
796244091,8,1,0.1
796247384,3,1,2.9
796247384,7,1,2.0
796247384,8,1,8.0
796257157,8,1,0.15
796257157,10,1,0.5
796259239,6,1,1.5
796259239,7,1,1.5
796268429,2,1,23.44
796268429,3,1,0.68
796268429,4,1,0.24
796268429,6,1,3.53
796268429,7,1,4.57
796268429,9,1,0.0
796268429,10,1,19.23
796282755,7,1,0.1
796282755,8,1,0.3
796306478,7,1,0.01
796346001,4,1,0.05
796346001,7,1,0.01
796346001,8,1,0.05
796421593,8,1,0.5
796435899,1,1,0.0
796435899,2,1,0.0
796435899,3,1,0.0
796435899,4,1,0.0
796435899,5,1,0.0
796435899,6,1,0.0
796435899,7,1,0.01
796435899,8,1,0.0
796435899,9,1,0.0
796435899,10,1,0.0
796437876,7,1,0.5
796437876,8,1,0.3
796452276,4,1,0.93
796452276,7,1,22.38
796452276,8,1,46.63
796454927,7,1,0.05
796454927,8,1,0.15
796464864,7,1,0.05
796464864,8,1,0.15
796470206,7,1,0.08
796470206,8,1,1.9
796471105,8,1,0.01
796473005,6,1,1.0
796473005,8,1,6.0
796480145,7,1,4.0
796480145,8,1,4.85
796481386,5,1,1.0
796481386,8,1,0.49
796488272,4,1,0.04
796488272,7,1,0.1
796488272,8,1,0.3
796504880,8,1,2.0
796511882,2,1,80.0
796511882,6,1,200.0
796511882,7,1,300.0
796511882,8,1,300.0
796511882,9,1,12.6943
796512287,7,1,0.1
796512287,8,1,0.2
796516681,1,1,0.0
796516681,2,1,0.0
796516681,3,1,0.08
796516681,4,1,0.0
796516681,5,1,0.0
796516681,6,1,0.0
796516681,7,1,0.07
796516681,8,1,0.0
796516681,9,1,0.0
796516681,10,1,0.0
796519250,7,1,0.1
796519250,8,1,1.2
796522004,7,1,0.2
796522004,8,1,0.8
796535928,6,1,0.1
796535928,7,1,0.1
796535928,8,1,23.8
796540231,3,1,0.3
796540231,7,1,0.14
796541660,1,1,0.0
796541660,2,1,0.0
796541660,3,1,0.12
796541660,4,1,0.0
796541660,5,1,0.0
796541660,6,1,0.0
796541660,7,1,0.0
796541660,8,1,0.0
796541660,9,1,0.0
796541660,10,1,0.0
796542621,1,1,0.0
796542621,2,1,0.0
796542621,3,1,0.0
796542621,4,1,4.199
796542621,5,1,0.0
796542621,6,1,0.0
796542621,7,1,1.797
796542621,8,1,22.534
796542621,9,1,0.079
796542621,10,1,0.0
796544341,4,1,2.6255
796544341,7,1,8.0
796544341,8,1,33.0
796546834,10,1,0.2
796549223,2,1,0.09
796549566,7,1,3.0
796549566,8,1,1.0
796565229,1,1,0.0
796565229,2,1,0.0
796565229,3,1,0.0
796565229,4,1,0.0
796565229,5,1,0.0
796565229,6,1,0.0
796565229,7,1,1.4
796565229,8,1,0.0
796565229,9,1,0.0
796565229,10,1,0.0
796568075,1,1,0.0
796568075,2,1,0.0
796568075,3,1,0.0
796568075,4,1,0.0
796568075,5,1,0.0
796568075,6,1,5.0
796568075,7,1,5.0
796568075,8,1,8.5622
796568075,9,1,21.0
796568075,10,1,0.0
796570536,1,1,0.15
796570536,7,1,0.05
796571481,8,1,1.8
796577689,1,1,0.1
796577689,2,1,0.0
796577689,3,1,0.0
796577689,4,1,0.0
796577689,5,1,0.0
796577689,6,1,0.0
796577689,7,1,0.1
796577689,8,1,0.26
796577689,9,1,0.0
796577689,10,1,0.0
796579965,4,1,0.1
796579965,8,1,0.2
796588654,8,1,0.02
796589158,7,1,0.5
796589158,8,1,0.58
796656276,6,1,2.07
796656276,7,1,10.33
796656276,8,1,116.76
796660036,1,1,0.0
796660036,2,1,0.0
796660036,3,1,20.0
796660036,4,1,5.0
796660036,5,1,0.0
796660036,6,1,0.0
796660036,7,1,3.0
796660036,8,1,2.0
796660036,9,1,0.0
796660036,10,1,0.0
796754749,7,1,0.38
796754749,8,1,0.38
796756068,7,1,0.006
796756068,8,1,0.01
796774249,7,1,0.09
796774249,8,1,0.1
796775926,7,1,0.002
796775926,8,1,0.008
796780366,8,1,0.01
796782797,10,1,0.3
796792269,1,1,0.05
796792269,2,1,0.0
796792269,3,1,0.0
796792269,4,1,0.0
796792269,5,1,0.0
796792269,6,1,0.0
796792269,7,1,0.0
796792269,8,1,0.25
796792269,9,1,0.0
796792269,10,1,0.0
796792822,8,1,0.07
796793602,10,1,0.6633
796798837,6,1,1.0
796798837,8,1,2.0
796802313,6,1,0.3
796802313,7,1,0.5
796802313,8,1,1.0
796818094,8,1,0.02
796823885,6,1,14.45
796823885,7,1,219.4
796823885,8,1,11.815
796825000,8,1,0.56
796829517,7,1,0.1
796829517,8,1,0.1
796839536,7,1,0.6
796839536,8,1,2.0
796851329,4,1,0.5
796851329,7,1,0.5
796851329,8,1,1.5
796855517,4,1,2.0
796855517,6,1,2.0
796855517,7,1,6.0
796855517,8,1,30.0
796860332,1,1,0.5
796860332,2,1,0.0
796860332,3,1,0.0
796860332,4,1,0.0
796860332,5,1,0.0
796860332,6,1,0.0
796860332,7,1,0.0
796860332,8,1,0.0
796860332,9,1,0.0
796860332,10,1,0.0
796861920,1,1,0.0
796861920,2,1,0.0
796861920,3,1,0.0
796861920,4,1,0.0
796861920,5,1,0.0
796861920,6,1,0.0
796861920,7,1,0.08
796861920,8,1,0.0
796861920,9,1,0.0
796861920,10,1,0.0
796863125,8,1,1.789
796864121,7,1,0.4
796864121,8,1,1.0
796871303,8,1,0.06
796876263,7,1,4.5
796876263,8,1,2.0
796882159,8,1,0.34
796882159,10,1,0.34
796885610,4,1,1.0
796885610,7,1,2.0
796885610,8,1,5.0
796896218,4,1,0.01
796896218,8,1,0.02
796909094,3,1,7.9
796909094,7,1,2.3
796910490,10,1,0.29
796912301,6,1,10.0
796912301,7,1,10.0
796912301,8,1,20.0
796932594,5,1,0.05
796932594,6,1,0.05
796964839,1,1,0.0
796964839,2,1,0.0
796964839,3,1,0.0
796964839,4,1,0.0
796964839,5,1,0.0
796964839,6,1,0.0
796964839,7,1,0.1
796964839,8,1,0.0
796964839,9,1,0.0
796964839,10,1,0.0
796979640,8,1,0.35
797002740,7,1,0.17
797063653,4,1,0.1
797063653,7,1,0.1
797063653,10,1,0.1
797065608,2,1,0.01
797065608,8,1,0.04
797088486,7,1,0.15
797088486,8,1,0.6
797120746,8,1,0.56
797122277,1,1,0.0
797122277,2,1,0.0
797122277,3,1,0.0
797122277,4,1,0.0
797122277,5,1,0.0
797122277,6,1,0.0
797122277,7,1,0.0
797122277,8,1,0.066
797122277,9,1,0.0
797122277,10,1,0.0
797123048,1,1,0.0
797123048,2,1,0.0
797123048,3,1,0.0
797123048,4,1,0.0
797123048,5,1,0.0
797123048,6,1,0.0
797123048,7,1,0.14
797123048,8,1,0.0
797123048,9,1,0.0
797123048,10,1,0.0
797142512,1,1,0.0
797142512,2,1,0.0
797142512,3,1,0.0
797142512,4,1,0.03
797142512,5,1,0.13
797142512,6,1,0.0
797142512,7,1,0.0
797142512,8,1,1.16
797142512,9,1,0.0
797142512,10,1,0.0
797163862,1,1,0.0
797163862,2,1,0.0
797163862,3,1,0.0
797163862,4,1,0.0
797163862,5,1,0.0
797163862,6,1,0.0
797163862,7,1,0.0
797163862,8,1,0.44
797163862,9,1,0.0
797163862,10,1,0.0
797173432,1,1,0.0
797173432,2,1,0.0
797173432,3,1,0.0
797173432,4,1,0.0
797173432,5,1,0.0
797173432,6,1,0.0
797173432,7,1,0.45
797173432,8,1,0.0
797173432,9,1,0.0
797173432,10,1,0.0
797176730,5,1,0.2
797176730,8,1,1.51
797177724,10,1,0.06
797179490,8,1,0.01
797180443,1,1,0.5
797180443,7,1,4.0
797180443,8,1,8.0
797180443,9,1,0.4
797181794,7,1,0.09
797181794,8,1,0.01
797188794,8,1,1.57
797193234,7,1,0.4
797193234,8,1,0.4
797195611,7,1,0.02
797195611,8,1,0.18
797203619,8,1,0.7
797213641,8,1,0.0006
797216767,7,1,1.1
797216767,8,1,4.0
797219729,7,1,130.0
797219729,8,1,198.861
797221148,8,1,0.083
797221671,7,1,0.2
797221671,8,1,0.1
797232194,1,1,0.0
797232194,2,1,0.0
797232194,3,1,0.0
797232194,4,1,0.0
797232194,5,1,0.0
797232194,6,1,0.0
797232194,7,1,0.1
797232194,8,1,0.0
797232194,9,1,0.0
797232194,10,1,0.0
797241074,1,1,0.0
797241074,2,1,0.0
797241074,3,1,0.0
797241074,4,1,0.0
797241074,5,1,0.0
797241074,6,1,0.0
797241074,7,1,0.01
797241074,8,1,0.0
797241074,9,1,0.0
797241074,10,1,0.0
797258805,1,1,0.0
797258805,2,1,0.0
797258805,3,1,0.0
797258805,4,1,0.0
797258805,5,1,0.0
797258805,6,1,0.0
797258805,7,1,0.17
797258805,8,1,0.8
797258805,9,1,0.0
797258805,10,1,0.0
797259609,7,1,0.05
797259609,8,1,0.05
797265906,7,1,0.4
797265906,8,1,0.1
797268490,8,1,0.01
797269353,7,1,0.005
797269353,8,1,0.005
797285767,1,1,0.0
797285767,2,1,0.0
797285767,3,1,0.0
797285767,4,1,0.0
797285767,5,1,0.0
797285767,6,1,0.0
797285767,7,1,0.08
797285767,8,1,0.02
797285767,9,1,0.0
797285767,10,1,0.0
797354628,3,1,0.1
797354628,8,1,0.2
797400271,1,1,0.0
797400271,2,1,0.0
797400271,3,1,0.0
797400271,4,1,0.0
797400271,5,1,0.0
797400271,6,1,0.0
797400271,7,1,0.3
797400271,8,1,0.0
797400271,9,1,0.0
797400271,10,1,0.0
797401681,1,1,0.0
797401681,2,1,0.0
797401681,3,1,0.0
797401681,4,1,0.0
797401681,5,1,0.0
797401681,6,1,0.0
797401681,7,1,0.0
797401681,8,1,0.02
797401681,9,1,0.0
797401681,10,1,0.0
797439832,7,1,0.03
797439832,8,1,0.07
797452227,8,1,0.1
797453453,7,1,0.3
797453453,8,1,0.4
797460582,7,1,0.1
797460582,8,1,0.9
797461059,2,1,0.3
797461059,4,1,0.3
797461059,7,1,0.5
797461059,8,1,0.3
797463003,8,1,0.5
797464029,7,1,1.76
797464029,8,1,7.0
797473749,7,1,0.02
797473749,8,1,0.1
797474069,8,1,12.0
797475381,1,1,0.5
797475381,2,1,0.0
797475381,3,1,0.0
797475381,4,1,0.0
797475381,5,1,0.0
797475381,6,1,0.0
797475381,7,1,0.0
797475381,8,1,0.0
797475381,9,1,0.0
797475381,10,1,0.04
797485219,4,1,0.5
797485219,7,1,2.5
797485219,8,1,4.42
797486477,6,1,2.1
797486477,7,1,5.0
797486477,8,1,30.0
797489950,7,1,0.15
797497102,7,1,0.4
797497102,8,1,0.2
797498690,1,1,0.0
797498690,2,1,0.0
797498690,3,1,0.0
797498690,4,1,0.0
797498690,5,1,0.0
797498690,6,1,0.0
797498690,7,1,0.04
797498690,8,1,0.05
797498690,9,1,0.0
797498690,10,1,0.0
797505553,8,1,0.25
797512410,7,1,0.6
797512410,8,1,0.1
797512410,10,1,0.1
797514308,8,1,0.07
797520370,7,1,0.5
797520370,8,1,0.5
797530002,8,1,0.31
797537511,8,1,0.01
797538027,1,1,0.0
797538027,2,1,0.0
797538027,3,1,0.0
797538027,4,1,0.0
797538027,5,1,0.0
797538027,6,1,0.0
797538027,7,1,0.7
797538027,8,1,1.0
797538027,9,1,0.0
797538027,10,1,0.0
797544064,1,1,0.0
797544064,2,1,0.0
797544064,3,1,0.0
797544064,4,1,0.0
797544064,5,1,0.0
797544064,6,1,0.0
797544064,7,1,0.2
797544064,8,1,0.0
797544064,9,1,0.0
797544064,10,1,0.0
797545886,4,1,0.5
797545886,6,1,0.1
797545886,7,1,0.8
797551591,8,1,0.01
797556903,1,1,0.0
797556903,2,1,0.0
797556903,3,1,0.0
797556903,4,1,0.0
797556903,5,1,0.0
797556903,6,1,0.0
797556903,7,1,0.24
797556903,8,1,1.0
797556903,9,1,0.0
797556903,10,1,0.0
797560139,7,1,0.005
797560139,8,1,0.005
797560691,7,1,0.3
797560691,8,1,4.0
797561554,7,1,1.0
797561554,8,1,0.4
797569716,1,1,0.0
797569716,2,1,0.0
797569716,3,1,0.0
797569716,4,1,0.0
797569716,5,1,0.0
797569716,6,1,0.32
797569716,7,1,0.1
797569716,8,1,0.1
797569716,9,1,0.0
797569716,10,1,0.0
797581197,4,1,0.1
797581197,7,1,0.2
797581197,8,1,0.1
797582917,7,1,2.0
797589629,8,1,2.0
797589846,8,1,0.1
797590033,7,1,0.01
797604295,7,1,0.06
797604295,8,1,0.04
797633126,8,1,0.02
797637950,8,1,2.0
797641654,7,1,0.1
797641654,8,1,0.2
797641654,10,1,0.1
797750849,8,1,0.04
797750849,10,1,0.36
797755810,7,1,0.2
797755810,8,1,0.7
797775710,8,1,0.52
797785051,4,1,0.01
797785214,6,1,0.1
797785214,7,1,0.4
797785214,8,1,0.51
797786384,7,1,0.01
797787390,1,1,0.0
797787390,2,1,0.0
797787390,3,1,0.0
797787390,4,1,0.0
797787390,5,1,0.0
797787390,6,1,0.0
797787390,7,1,0.1767
797787390,8,1,0.0
797787390,9,1,0.0
797787390,10,1,0.0
797787915,1,1,0.0
797787915,2,1,0.0
797787915,3,1,0.0
797787915,4,1,0.0
797787915,5,1,0.0
797787915,6,1,0.0
797787915,7,1,0.0015
797787915,8,1,0.0
797787915,9,1,0.0
797787915,10,1,0.0
797788065,7,1,0.019
797788065,8,1,0.005
797788444,1,1,0.0
797788444,2,1,0.0
797788444,3,1,0.0
797788444,4,1,0.34
797788444,5,1,0.0
797788444,6,1,0.0
797788444,7,1,0.0
797788444,8,1,0.0
797788444,9,1,0.0
797788444,10,1,0.0
797799768,7,1,0.1
797799768,8,1,0.8
797803586,8,1,0.11
797803966,7,1,0.02
797803966,8,1,0.02
797809365,1,1,0.0
797809365,2,1,0.0
797809365,3,1,0.0
797809365,4,1,0.0
797809365,5,1,0.0
797809365,6,1,0.0
797809365,7,1,0.0
797809365,8,1,0.2
797809365,9,1,0.2
797809365,10,1,0.0
797817913,7,1,0.3
797821188,7,1,0.3
797821188,8,1,0.7
797834902,7,1,0.25
797834902,8,1,2.2
797834902,10,1,0.01
797841972,7,1,0.05
797841972,8,1,0.1
797842631,8,1,0.5
797844817,6,1,0.5
797844817,7,1,1.5
797844817,8,1,3.0
797844817,9,1,1.0
797865085,7,1,0.182
797865085,8,1,0.078
797873607,7,1,0.5
797874961,7,1,0.036
797874961,8,1,0.036
797874961,10,1,0.108
797888506,10,1,0.04
797889360,8,1,0.01
798027250,8,1,0.03
798027250,10,1,0.02
798030137,9,1,8.0
798032489,7,1,0.4
798032489,8,1,1.0
798042980,1,1,0.0
798042980,2,1,0.0
798042980,3,1,0.0
798042980,4,1,0.0
798042980,5,1,0.0
798042980,6,1,0.0
798042980,7,1,0.01
798042980,8,1,0.0
798042980,9,1,0.0
798042980,10,1,0.0
798055215,2,1,0.47
798055215,7,1,0.2
798062272,6,1,0.016
798062272,7,1,0.01
798062272,8,1,0.004
798064272,2,1,0.4
798064272,3,1,2.0
798064272,6,1,0.5
798064272,7,1,2.0
798064272,8,1,2.1
798067635,5,1,0.02
798067635,8,1,1.43
798073236,6,1,0.5
798073236,7,1,0.5
798073236,8,1,1.5
798075479,8,1,0.05
798086967,6,1,29.78
798086967,7,1,24.66
798086967,8,1,38.088
798089055,4,1,0.5
798089055,7,1,6.8
798089055,8,1,8.0
798089580,8,1,0.45
798089580,10,1,0.05
798094924,6,1,134.54
798094924,7,1,522.01
798094924,8,1,251.14
798113057,4,1,12.5
798113057,7,1,2.5
798113057,8,1,2.0
798118399,4,1,7.0
798118399,6,1,4.7
798118399,8,1,35.08
798118934,7,1,0.4
798119760,8,1,0.05
798120037,5,1,0.006
798120037,7,1,0.01
798120037,8,1,0.01
798123485,7,1,0.2
798123485,8,1,0.2
798123485,9,1,0.5
798125816,1,1,0.0
798125816,2,1,0.0
798125816,3,1,0.0
798125816,4,1,0.0
798125816,5,1,0.0
798125816,6,1,0.0
798125816,7,1,0.0
798125816,8,1,0.1
798125816,9,1,0.0
798125816,10,1,0.0
798125930,8,1,0.09
798128482,7,1,0.5
798128482,8,1,1.5
798134066,1,1,0.0
798134066,2,1,0.0
798134066,3,1,0.0
798134066,4,1,0.0
798134066,5,1,0.0
798134066,6,1,0.0
798134066,7,1,1.24
798134066,8,1,0.0
798134066,9,1,0.0
798134066,10,1,0.0
798142837,8,1,1.0
798143433,8,1,0.01
798143433,10,1,0.01
798148145,8,1,2.0
798156464,1,1,0.0
798156464,2,1,0.0
798156464,3,1,0.0
798156464,4,1,0.0
798156464,5,1,0.0
798156464,6,1,0.0
798156464,7,1,3.47
798156464,8,1,0.0
798156464,9,1,0.0
798156464,10,1,0.0
798158874,7,1,1.1
798158874,8,1,1.0
798166974,1,1,0.0
798166974,2,1,0.0
798166974,3,1,0.0
798166974,4,1,0.0
798166974,5,1,0.0
798166974,6,1,0.0
798166974,7,1,0.0
798166974,8,1,0.0
798166974,9,1,0.0
798166974,10,1,0.04
798175499,1,1,0.0
798175499,2,1,2.0
798175499,3,1,0.0
798175499,4,1,0.0
798175499,5,1,0.0
798175499,6,1,0.0
798175499,7,1,7.9
798175499,8,1,0.0
798175499,9,1,0.0
798175499,10,1,0.0
798182455,1,1,0.0
798182455,2,1,0.0
798182455,3,1,0.0
798182455,4,1,0.0
798182455,5,1,0.0
798182455,6,1,0.0
798182455,7,1,0.55
798182455,8,1,0.0
798182455,9,1,0.0
798182455,10,1,0.0
798182934,1,1,0.0
798182934,2,1,0.0
798182934,3,1,0.0
798182934,4,1,0.0
798182934,5,1,0.0
798182934,6,1,0.0
798182934,7,1,0.0315
798182934,8,1,0.0
798182934,9,1,0.0
798182934,10,1,0.0
798241964,1,1,0.0
798241964,2,1,0.0
798241964,3,1,0.0
798241964,4,1,0.0
798241964,5,1,0.0
798241964,6,1,0.0
798241964,7,1,0.05
798241964,8,1,0.0
798241964,9,1,0.0
798241964,10,1,0.0
798255774,7,1,0.04
798255774,8,1,0.08
798314766,1,1,0.0
798314766,2,1,0.0
798314766,3,1,0.0
798314766,4,1,0.0
798314766,5,1,0.0
798314766,6,1,0.0
798314766,7,1,0.04
798314766,8,1,0.0
798314766,9,1,0.0
798314766,10,1,0.0
798333021,4,1,0.15
798333021,7,1,0.05
798333021,8,1,0.1
798333601,8,1,0.01
798358732,1,1,0.4
798358732,6,1,1.6
798382499,8,1,0.65
798391611,1,1,0.0
798391611,2,1,0.0
798391611,3,1,0.0
798391611,4,1,0.0
798391611,5,1,0.0
798391611,6,1,0.0
798391611,7,1,0.8
798391611,8,1,0.4
798391611,9,1,0.0
798391611,10,1,0.0
798396305,4,1,0.5
798396305,7,1,1.5
798396305,8,1,4.0
798397583,6,1,0.1
798397583,8,1,0.4
798398357,8,1,1.3
798424127,6,1,0.2
798424127,7,1,0.1
798424127,8,1,1.3
798424966,1,1,0.0
798424966,2,1,0.0
798424966,3,1,0.0
798424966,4,1,0.0
798424966,5,1,0.0
798424966,6,1,0.0
798424966,7,1,0.05
798424966,8,1,0.0
798424966,9,1,0.0
798424966,10,1,0.0
798429089,1,1,0.0
798429089,2,1,0.0
798429089,3,1,0.0
798429089,4,1,0.0
798429089,5,1,0.0
798429089,6,1,0.0
798429089,7,1,0.06
798429089,8,1,0.0
798429089,9,1,0.0
798429089,10,1,0.0
798430704,3,1,1.374
798430704,4,1,135.905
798430704,5,1,2.136
798430704,7,1,17.62
798430704,9,1,45.238
798437638,7,1,0.1
798437638,8,1,0.2
798439062,6,1,0.3
798439062,7,1,0.6
798439062,8,1,0.7
798440125,7,1,0.04
798445449,1,1,0.344
798445449,2,1,0.0
798445449,3,1,0.0
798445449,4,1,0.0
798445449,5,1,0.0
798445449,6,1,6.63
798445449,7,1,0.244
798445449,8,1,0.231
798445449,9,1,81.978
798445449,10,1,0.0
798453720,1,1,0.8
798453720,7,1,6.89
798453720,8,1,1.0
798453720,10,1,0.3417
798455096,8,1,0.3
798461020,7,1,18.2
798461020,8,1,26.54
798466855,5,1,3.331
798466855,8,1,6.458
798466855,9,1,0.042
798470268,1,1,0.0
798470268,2,1,0.0
798470268,3,1,0.0
798470268,4,1,0.4808
798470268,5,1,0.0
798470268,6,1,0.0
798470268,7,1,0.2565
798470268,8,1,0.0
798470268,9,1,0.0
798470268,10,1,0.1676
798475320,1,1,0.0
798475320,2,1,0.0
798475320,3,1,0.0
798475320,4,1,4.0
798475320,5,1,0.0
798475320,6,1,0.0
798475320,7,1,3.0
798475320,8,1,1.0
798475320,9,1,0.0
798475320,10,1,0.0
798477090,1,1,0.0
798477090,2,1,0.0
798477090,3,1,0.0
798477090,4,1,0.0
798477090,5,1,0.0
798477090,6,1,0.0
798477090,7,1,0.02
798477090,8,1,0.02
798477090,9,1,0.0
798477090,10,1,0.02
798480750,7,1,0.05
798480750,8,1,0.05
798493088,6,1,0.3
798493088,7,1,0.3
798493088,8,1,1.0
798493828,7,1,0.1
798493828,8,1,0.4
798502052,7,1,0.4
798502052,8,1,0.4
798508250,7,1,0.31
798508250,8,1,1.2
798512351,8,1,2.7
798513624,4,1,0.01
798513624,8,1,0.01
798518112,6,1,9.548
798518112,7,1,2.734
798518112,8,1,0.848
798520172,8,1,0.14
798538667,6,1,0.1
798538667,7,1,0.3
798538667,8,1,0.2
798539202,1,1,0.0
798539202,2,1,0.0
798539202,3,1,0.0
798539202,4,1,0.0
798539202,5,1,0.0
798539202,6,1,0.0
798539202,7,1,0.6
798539202,8,1,0.0
798539202,9,1,0.0
798539202,10,1,0.0
798554279,6,1,0.02
798554279,7,1,0.03
798554279,8,1,0.05
798586369,1,1,0.0
798586369,2,1,0.0
798586369,3,1,0.0
798586369,4,1,0.0
798586369,5,1,0.0
798586369,6,1,0.0
798586369,7,1,3.0
798586369,8,1,0.0
798586369,9,1,0.0
798586369,10,1,0.0
798627672,1,1,0.0
798627672,2,1,0.0
798627672,3,1,0.0
798627672,4,1,0.0
798627672,5,1,0.0
798627672,6,1,0.0
798627672,7,1,0.09
798627672,8,1,0.0
798627672,9,1,0.0
798627672,10,1,0.0
798629959,4,1,0.03
798629959,7,1,0.1
798629959,8,1,0.02
798632684,1,1,0.0
798632684,2,1,0.0
798632684,3,1,0.0
798632684,4,1,0.0
798632684,5,1,0.0
798632684,6,1,0.0
798632684,7,1,0.48
798632684,8,1,0.0
798632684,9,1,0.0
798632684,10,1,0.0
798651830,7,1,2.0
798651830,8,1,0.5
798668037,1,1,0.0
798668037,2,1,0.0
798668037,3,1,0.0
798668037,4,1,0.0
798668037,5,1,0.0
798668037,6,1,0.0
798668037,7,1,5.0
798668037,8,1,3.0
798668037,9,1,0.0
798668037,10,1,0.0
798728173,10,1,0.01
798729256,8,1,0.4
798729587,5,1,0.005
798729587,10,1,0.005
798739137,6,1,0.1
798739137,8,1,0.05
798751426,7,1,0.05
798751426,8,1,0.15
798768605,7,1,0.02
798768605,8,1,0.05
798771683,1,1,0.0
798771683,2,1,0.0
798771683,3,1,0.0
798771683,4,1,0.0
798771683,5,1,0.0
798771683,6,1,0.0
798771683,7,1,0.045
798771683,8,1,0.0
798771683,9,1,0.0
798771683,10,1,0.0
798773678,7,1,0.1
798773678,8,1,0.2
798775171,1,1,3.1
798775171,2,1,1.21
798775171,4,1,23.19
798775171,6,1,7.09
798775171,7,1,5.36
798775171,10,1,2.94
798775546,6,1,0.5
798775546,7,1,1.5
798775546,8,1,3.0
798783819,8,1,0.3
798787373,6,1,0.003
798787373,7,1,0.007
798787373,8,1,0.01
798789629,7,1,0.0
798789629,8,1,0.0
798791614,7,1,0.06
798791614,8,1,0.1
798791614,10,1,0.03
798794039,7,1,0.001
798794039,8,1,0.002
798805772,1,1,0.0
798805772,2,1,0.0
798805772,3,1,0.0
798805772,4,1,1.0
798805772,5,1,0.0
798805772,6,1,0.0
798805772,7,1,1.3
798805772,8,1,0.0
798805772,9,1,0.0
798805772,10,1,0.0
798808264,8,1,0.06
798808914,8,1,0.29
798816257,7,1,3.4
798816257,8,1,3.0
798816257,9,1,3.0
798818557,7,1,0.6
798818557,8,1,0.4
798841665,1,1,0.0
798841665,2,1,0.01
798841665,3,1,0.0
798841665,4,1,0.0
798841665,5,1,0.0
798841665,6,1,0.0
798841665,7,1,0.02
798841665,8,1,0.0
798841665,9,1,0.0
798841665,10,1,0.0
798842793,6,1,0.4
798842793,8,1,0.5
798848004,8,1,1.0
798855440,7,1,0.02
798855440,8,1,0.02
798865279,7,1,5.0
798865279,8,1,9.0
798865322,7,1,0.01
798865322,8,1,0.04
798873940,4,1,0.1
798873940,7,1,1.0
798873940,8,1,1.4884
798904252,3,1,0.1
798904252,4,1,0.1
798904252,7,1,0.17
798912347,1,1,0.0
798912347,2,1,0.0
798912347,3,1,0.0
798912347,4,1,0.0
798912347,5,1,0.0
798912347,6,1,0.0
798912347,7,1,0.45
798912347,8,1,0.0
798912347,9,1,0.0
798912347,10,1,0.0
798912836,7,1,0.01
798912836,8,1,0.01
798942265,1,1,0.0
798942265,2,1,0.0
798942265,3,1,0.0
798942265,4,1,0.0
798942265,5,1,0.0
798942265,6,1,0.0
798942265,7,1,0.24
798942265,8,1,0.0
798942265,9,1,0.0
798942265,10,1,0.0
798942718,4,1,0.17
798942718,8,1,0.3
798943275,6,1,0.8
798943275,7,1,9.0
798944903,8,1,2.5
798946862,8,1,0.1
798947421,7,1,0.25
799004168,1,1,0.0
799004168,2,1,0.0
799004168,3,1,0.0
799004168,4,1,27.0
799004168,5,1,0.0
799004168,6,1,0.0
799004168,7,1,0.25
799004168,8,1,2.5
799004168,9,1,0.0
799004168,10,1,0.0
799004755,3,1,0.1
799004755,7,1,0.05
799004755,8,1,0.05
799010937,8,1,0.8
799025357,1,1,0.0
799025357,2,1,0.0
799025357,3,1,0.0
799025357,4,1,0.0
799025357,5,1,0.0
799025357,6,1,0.0
799025357,7,1,0.09
799025357,8,1,0.0
799025357,9,1,0.0
799025357,10,1,0.0
799030035,1,1,0.0
799030035,2,1,0.0
799030035,3,1,0.0
799030035,4,1,0.0
799030035,5,1,0.0
799030035,6,1,0.0
799030035,7,1,2.1
799030035,8,1,0.0
799030035,9,1,0.0
799030035,10,1,0.0
799034097,8,1,0.005
799042388,8,1,0.55
799043748,7,1,0.49
799043748,8,1,1.4
799049296,4,1,0.2
799049296,10,1,1.0
799062464,7,1,0.6
799062464,8,1,1.5
799064150,8,1,0.3
799099543,6,1,1.0
799099543,7,1,0.3
799099543,8,1,0.5
799104198,4,1,0.5
799104198,7,1,4.0
799104198,8,1,2.0
799106999,4,1,0.5
799106999,8,1,1.0
799117983,4,1,8.0
799117983,7,1,1.5
799117983,8,1,0.5
799121695,4,1,0.2
799121695,7,1,0.21
799121695,8,1,0.5
799123683,7,1,0.1
799123683,8,1,0.4
799126646,1,1,0.0
799126646,2,1,0.0
799126646,3,1,0.0
799126646,4,1,0.0
799126646,5,1,0.0
799126646,6,1,0.0
799126646,7,1,0.04
799126646,8,1,0.0
799126646,9,1,0.0
799126646,10,1,0.0
799128099,4,1,0.1
799128099,7,1,0.1
799128099,8,1,0.1
799128115,7,1,1.0
799128115,8,1,2.0
799128671,7,1,1.0
799128671,8,1,2.0
799128671,10,1,16.0
799130314,8,1,4.0
799139420,4,1,0.8
799139420,7,1,1.2
799139420,8,1,5.0
799145682,1,1,2.8
799145682,4,1,20.35
799145682,7,1,2.36
799145682,8,1,3.67
799147561,1,1,0.0
799147561,2,1,0.0
799147561,3,1,0.0
799147561,4,1,1.0089
799147561,5,1,0.0
799147561,6,1,0.0
799147561,7,1,0.6579
799147561,8,1,0.0
799147561,9,1,0.0
799147561,10,1,0.2878
799148283,2,1,0.2
799148283,7,1,0.2
799148283,8,1,5.1
799156800,6,1,1.0
799156800,8,1,3.54
799158620,7,1,0.01
799158795,7,1,0.2
799161580,8,1,0.5
799162206,8,1,0.01
799163275,1,1,0.0
799163275,2,1,0.0
799163275,3,1,0.0
799163275,4,1,0.0
799163275,5,1,2.4
799163275,6,1,0.0
799163275,7,1,0.0
799163275,8,1,0.0
799163275,9,1,0.0
799163275,10,1,0.0
799165161,6,1,0.03
799165161,8,1,0.02
799173183,7,1,0.3
799173183,8,1,0.3
799173183,9,1,0.1
799173799,7,1,6.0
799173799,8,1,15.5
799174594,6,1,0.6358
799174594,7,1,3.0
799174594,8,1,8.0
799178337,6,1,0.59
799178337,7,1,0.89
799178337,8,1,0.74
799182404,4,1,0.5
799182404,7,1,1.5
799182404,8,1,2.0
799203739,6,1,0.88
799203739,7,1,20.9
799203739,8,1,21.77
799206948,3,1,0.02
799207796,7,1,0.1
799207796,8,1,0.2
799216532,4,1,0.6
799216532,6,1,0.22
799216532,10,1,0.1
799218208,4,1,0.6
799218208,7,1,0.4
799218208,8,1,0.4
799220180,8,1,0.01
799221793,4,1,0.08
799221793,6,1,0.01
799222760,4,1,0.4
799222760,7,1,0.4
799249464,1,1,0.0
799249464,2,1,0.0
799249464,3,1,0.0
799249464,4,1,0.0
799249464,5,1,0.0
799249464,6,1,0.0
799249464,7,1,0.45
799249464,8,1,0.0
799249464,9,1,0.0
799249464,10,1,0.0
799260994,1,1,0.0
799260994,2,1,0.0
799260994,3,1,0.0
799260994,4,1,0.0
799260994,5,1,0.0
799260994,6,1,0.0
799260994,7,1,0.4
799260994,8,1,0.0
799260994,9,1,0.0
799260994,10,1,0.0
799311769,7,1,0.07
799311769,8,1,0.4
799345127,1,1,0.0
799345127,2,1,0.0
799345127,3,1,0.0
799345127,4,1,0.0
799345127,5,1,0.0
799345127,6,1,2.5
799345127,7,1,10.0
799345127,8,1,2.5
799345127,9,1,0.0
799345127,10,1,0.0
799371225,8,1,0.2
799371225,9,1,0.08
799407265,8,1,0.1
799407554,7,1,1.5
799407554,8,1,0.5
799424331,5,1,0.4
799424331,8,1,2.0
799429017,8,1,0.05
799429810,8,1,0.5
799447345,6,1,0.06
799452686,1,1,0.1
799452686,7,1,0.8
799452686,8,1,0.1
799453479,7,1,0.8
799453479,8,1,2.0
799471652,7,1,0.09
799471652,8,1,0.01
799476725,1,1,0.0
799476725,2,1,0.0
799476725,3,1,0.0
799476725,4,1,0.0
799476725,5,1,0.0
799476725,6,1,0.0
799476725,7,1,0.0
799476725,8,1,0.01
799476725,9,1,0.0
799476725,10,1,0.0
799476790,4,1,0.3
799476790,6,1,0.5
799476790,7,1,2.8
799476790,8,1,0.85
799490888,8,1,0.03
799491205,7,1,50.0
799491205,8,1,94.716
799504195,7,1,0.03
799504911,1,1,0.0
799504911,2,1,0.0
799504911,3,1,0.0
799504911,4,1,0.0
799504911,5,1,0.0
799504911,6,1,0.0
799504911,7,1,0.89
799504911,8,1,0.0
799504911,9,1,0.0
799504911,10,1,0.0
799508653,1,1,0.0
799508653,2,1,0.0
799508653,3,1,0.0
799508653,4,1,0.0
799508653,5,1,0.0
799508653,6,1,0.0
799508653,7,1,0.7
799508653,8,1,1.0
799508653,9,1,0.0
799508653,10,1,0.0
799513428,9,1,0.01
799518223,6,1,1.0
799518223,7,1,1.0
799518223,8,1,2.0
799523660,1,1,0.0
799523660,2,1,0.0
799523660,3,1,0.0
799523660,4,1,0.0
799523660,5,1,0.207
799523660,6,1,0.0
799523660,7,1,0.0
799523660,8,1,4.281
799523660,9,1,0.05
799523660,10,1,0.0
799527367,1,1,0.6068
799527367,2,1,0.0
799527367,3,1,0.0
799527367,4,1,0.0
799527367,5,1,0.0
799527367,6,1,0.0009
799527367,7,1,1.2957
799527367,8,1,0.0
799527367,9,1,0.0
799527367,10,1,0.0236
799530890,6,1,0.1
799532071,1,1,0.0
799532071,2,1,0.0
799532071,3,1,0.0
799532071,4,1,0.0
799532071,5,1,0.0
799532071,6,1,0.0
799532071,7,1,0.01
799532071,8,1,0.0
799532071,9,1,0.0
799532071,10,1,0.0
799534243,8,1,0.4
799546764,7,1,0.2
799546764,8,1,0.1
799546813,7,1,0.3
799546813,8,1,0.5
799547119,8,1,4.0
799555310,8,1,0.45
799557214,7,1,0.02
799560947,1,1,0.5
799560947,10,1,0.5
799565495,8,1,0.02
799565495,10,1,0.08
799574120,6,1,1.0
799574120,7,1,1.0
799574120,8,1,2.0
799582824,8,1,0.01
799591616,6,1,0.01
799593849,8,1,0.4
799598400,8,1,0.4
799598819,4,1,12.0
799598819,7,1,10.0
799598819,8,1,8.0
799609808,7,1,0.03
799618486,7,1,0.3
799687683,4,1,0.04
799687683,7,1,0.05
799717051,1,1,0.0
799717051,2,1,0.0
799717051,3,1,0.0
799717051,4,1,0.0
799717051,5,1,0.0
799717051,6,1,0.0
799717051,7,1,0.0001
799717051,8,1,0.0
799717051,9,1,0.0
799717051,10,1,0.0
799734883,1,1,0.0
799734883,2,1,0.0
799734883,3,1,0.0
799734883,4,1,0.0
799734883,5,1,0.0
799734883,6,1,0.0
799734883,7,1,0.08
799734883,8,1,0.0
799734883,9,1,0.0
799734883,10,1,0.0
799745703,7,1,0.5
799745703,8,1,0.3
799756687,1,1,0.0
799756687,2,1,0.0
799756687,3,1,0.0
799756687,4,1,0.0
799756687,5,1,0.0
799756687,6,1,0.0
799756687,7,1,0.44
799756687,8,1,0.0
799756687,9,1,0.0
799756687,10,1,0.0
799757854,1,1,0.0
799757854,2,1,0.0
799757854,3,1,0.0
799757854,4,1,0.0
799757854,5,1,0.0
799757854,6,1,0.0
799757854,7,1,0.93
799757854,8,1,0.0
799757854,9,1,0.0
799757854,10,1,0.0
799758911,1,1,0.0
799758911,2,1,0.0
799758911,3,1,0.0
799758911,4,1,0.0
799758911,5,1,0.0
799758911,6,1,0.0
799758911,7,1,0.18
799758911,8,1,0.2
799758911,9,1,0.0
799758911,10,1,0.0
799763681,6,1,1.0
799763681,8,1,5.7
799765292,4,1,6.76
799765292,6,1,0.6
799765292,10,1,1.2
799777477,8,1,0.003
799777903,1,1,0.0
799777903,2,1,0.0
799777903,3,1,0.0
799777903,4,1,0.0
799777903,5,1,0.0
799777903,6,1,0.0
799777903,7,1,0.1
799777903,8,1,0.0
799777903,9,1,0.0
799777903,10,1,0.0
799785658,10,1,0.04
799786660,8,1,0.04
799803054,1,1,0.0
799803054,2,1,0.0
799803054,3,1,0.0
799803054,4,1,0.0
799803054,5,1,0.0
799803054,6,1,0.0
799803054,7,1,0.0225
799803054,8,1,0.0
799803054,9,1,0.0
799803054,10,1,0.0
799807990,2,1,0.01
799814878,8,1,0.25
799815506,10,1,0.01
799820828,7,1,0.1
799820828,8,1,0.1
799823151,4,1,0.7
799823151,7,1,2.0
799823151,8,1,3.0
799830870,7,1,0.08
799830870,8,1,0.02
799838842,7,1,0.4
799841087,1,1,0.0
799841087,2,1,0.0
799841087,3,1,0.0
799841087,4,1,0.0
799841087,5,1,0.0
799841087,6,1,0.3
799841087,7,1,0.2
799841087,8,1,0.0
799841087,9,1,0.0
799841087,10,1,5.74
799842690,1,1,0.0
799842690,2,1,0.0
799842690,3,1,0.0
799842690,4,1,0.0
799842690,5,1,0.0
799842690,6,1,0.0
799842690,7,1,0.0
799842690,8,1,0.02
799842690,9,1,0.0
799842690,10,1,0.0
799851150,8,1,0.2
799851905,7,1,0.2
799861606,8,1,13.1427
799867963,1,1,0.0
799867963,2,1,0.0
799867963,3,1,0.0
799867963,4,1,0.5
799867963,5,1,0.0
799867963,6,1,0.0
799867963,7,1,0.0
799867963,8,1,0.0
799867963,9,1,0.0
799867963,10,1,2.0
799882387,1,1,0.0
799882387,2,1,0.0
799882387,3,1,0.0
799882387,4,1,0.0
799882387,5,1,0.0
799882387,6,1,0.0
799882387,7,1,0.3
799882387,8,1,0.0
799882387,9,1,0.0
799882387,10,1,0.0
799884581,8,1,0.02
799886640,6,1,0.1
799886640,8,1,0.2
799895357,7,1,0.5
799895357,8,1,1.0
799914250,7,1,0.72
799936920,4,1,0.13
799936920,8,1,0.0
799979108,8,1,0.05
800019493,1,1,0.0
800019493,2,1,0.0
800019493,3,1,0.0
800019493,4,1,0.0
800019493,5,1,0.0
800019493,6,1,0.0
800019493,7,1,0.06
800019493,8,1,0.0
800019493,9,1,0.0
800019493,10,1,0.0
800039966,7,1,0.01
800042847,7,1,0.2
800042847,8,1,0.2
800048971,7,1,0.1
800050816,7,1,0.15
800050885,8,1,0.03
800053317,7,1,0.04
800053317,8,1,0.04
800056937,7,1,0.03
800057091,1,1,0.0
800057091,2,1,0.0
800057091,3,1,0.0
800057091,4,1,0.0
800057091,5,1,0.0
800057091,6,1,0.0
800057091,7,1,0.079
800057091,8,1,0.0
800057091,9,1,0.0
800057091,10,1,0.0
800079453,6,1,0.01
800079453,8,1,0.01
800080911,7,1,0.04
800080911,8,1,0.06
800087520,6,1,0.1
800087520,7,1,1.0
800087520,8,1,1.0
800087905,7,1,0.1
800087905,8,1,0.45
800088570,1,1,0.0
800088570,2,1,0.0
800088570,3,1,0.0
800088570,4,1,0.0
800088570,5,1,0.0
800088570,6,1,0.0
800088570,7,1,0.0
800088570,8,1,0.1
800088570,9,1,0.0
800088570,10,1,0.05
800098486,1,1,0.0
800098486,2,1,0.0
800098486,3,1,0.0
800098486,4,1,0.1
800098486,5,1,0.0
800098486,6,1,0.0
800098486,7,1,0.5
800098486,8,1,0.06
800098486,9,1,0.0
800098486,10,1,0.0
800101887,3,1,0.15
800101887,6,1,0.1
800101887,7,1,0.15
800103955,8,1,0.17
800106482,1,1,0.0
800106482,2,1,0.0
800106482,3,1,0.0
800106482,4,1,0.0
800106482,5,1,0.0
800106482,6,1,0.0
800106482,7,1,0.01
800106482,8,1,0.0
800106482,9,1,0.0
800106482,10,1,0.0
800114622,6,1,0.05
800114622,7,1,0.05
800116716,4,1,0.385
800119249,1,1,0.0
800119249,2,1,0.0
800119249,3,1,0.0
800119249,4,1,0.0
800119249,5,1,0.0
800119249,6,1,0.0
800119249,7,1,0.0
800119249,8,1,0.0
800119249,9,1,0.0
800119249,10,1,0.0
800127826,7,1,0.74
800127826,8,1,2.0
800127928,1,1,0.0
800127928,2,1,0.0
800127928,3,1,0.0
800127928,4,1,0.0
800127928,5,1,0.0
800127928,6,1,0.0
800127928,7,1,0.0
800127928,8,1,0.01
800127928,9,1,0.0
800127928,10,1,0.0
800131078,4,1,0.05
800131078,7,1,0.05
800131078,8,1,0.1
800131733,8,1,0.07
800132871,8,1,0.1
800133677,1,1,0.0
800133677,2,1,0.0
800133677,3,1,0.0
800133677,4,1,0.7
800133677,5,1,0.0
800133677,6,1,0.0
800133677,7,1,0.15
800133677,8,1,0.0
800133677,9,1,0.0
800133677,10,1,0.0
800135023,6,1,0.01
800139048,8,1,0.01
800139048,10,1,0.01
800140493,6,1,0.48
800140493,7,1,8.0
800143306,7,1,0.01
800143306,8,1,0.01
800160266,7,1,0.005
800160266,8,1,0.005
800164031,1,1,0.0
800164031,2,1,0.0
800164031,3,1,0.0
800164031,4,1,0.0
800164031,5,1,0.0
800164031,6,1,0.0
800164031,7,1,0.0031
800164031,8,1,0.0074
800164031,9,1,0.0
800164031,10,1,0.0
800170270,8,1,0.03
800170492,6,1,0.03
800170492,7,1,0.05
800170492,8,1,0.17
800170643,7,1,0.7
800170643,8,1,1.3
800185461,7,1,0.01
800193626,1,1,0.0
800193626,2,1,0.0
800193626,3,1,0.0
800193626,4,1,0.0
800193626,5,1,0.0
800193626,6,1,0.0
800193626,7,1,0.1
800193626,8,1,0.0
800193626,9,1,0.0
800193626,10,1,0.0
800199415,6,1,0.1
800199415,7,1,0.06
800211823,8,1,0.4
800220708,1,1,0.0
800220708,2,1,0.0
800220708,3,1,0.0
800220708,4,1,0.0
800220708,5,1,0.0
800220708,6,1,0.0
800220708,7,1,0.01
800220708,8,1,0.0
800220708,9,1,0.0
800220708,10,1,0.0
800302396,1,1,0.0
800302396,2,1,0.0
800302396,3,1,0.0
800302396,4,1,0.0
800302396,5,1,0.0
800302396,6,1,0.0
800302396,7,1,0.03
800302396,8,1,0.0
800302396,9,1,0.0
800302396,10,1,0.0
800332950,8,1,0.16
800344381,1,1,1.0
800344381,7,1,3.0
800344381,8,1,10.0
800344876,8,1,0.02
800370329,10,1,0.01
800392701,8,1,0.4
800404569,7,1,0.02
800404569,8,1,0.23
800406709,7,1,0.01
800406709,8,1,0.01
800414590,7,1,0.01
800414590,8,1,0.02
800442042,1,1,0.0
800442042,2,1,0.0
800442042,3,1,0.0
800442042,4,1,1.0
800442042,5,1,0.0
800442042,6,1,1.5
800442042,7,1,0.3
800442042,8,1,0.1
800442042,9,1,0.0
800442042,10,1,1.5
800470101,4,1,0.05
800470101,8,1,0.02
800470101,10,1,0.03
800473368,7,1,0.42
800473500,1,1,0.86
800473500,2,1,0.0
800473500,3,1,0.0
800473500,4,1,0.0
800473500,5,1,0.0
800473500,6,1,0.0
800473500,7,1,0.0
800473500,8,1,0.0
800473500,9,1,0.0
800473500,10,1,0.0
800473926,7,1,31.12
800474634,1,1,0.0
800474634,2,1,6.62
800474634,3,1,0.0
800474634,4,1,0.0
800474634,5,1,0.0
800474634,6,1,0.0
800474634,7,1,1.76
800474634,8,1,0.0
800474634,9,1,0.0
800474634,10,1,0.0
800488712,1,1,0.0
800488712,2,1,2.24
800488712,3,1,0.0
800488712,4,1,0.0
800488712,5,1,0.0
800488712,6,1,0.0
800488712,7,1,0.0
800488712,8,1,0.0
800488712,9,1,0.0
800488712,10,1,0.0
800488973,1,1,0.0
800488973,2,1,0.0
800488973,3,1,0.0
800488973,4,1,0.0
800488973,5,1,0.0
800488973,6,1,0.0
800488973,7,1,0.6
800488973,8,1,0.0
800488973,9,1,0.0
800488973,10,1,0.0
800491266,1,1,0.0
800491266,2,1,0.0
800491266,3,1,0.0
800491266,4,1,0.0
800491266,5,1,0.0
800491266,6,1,0.0
800491266,7,1,33.9
800491266,8,1,0.0
800491266,9,1,0.0
800491266,10,1,0.0
800506477,1,1,0.0
800506477,2,1,0.0
800506477,3,1,0.0
800506477,4,1,0.0
800506477,5,1,0.0
800506477,6,1,0.0
800506477,7,1,0.02
800506477,8,1,0.0
800506477,9,1,0.0
800506477,10,1,0.0
800509392,1,1,0.0
800509392,2,1,0.55
800509392,3,1,0.0
800509392,4,1,0.0
800509392,5,1,0.0
800509392,6,1,0.0
800509392,7,1,0.0
800509392,8,1,0.0
800509392,9,1,0.0
800509392,10,1,0.0
800519523,6,1,0.02
800519523,7,1,0.1
800533184,8,1,0.7
800627010,1,1,0.0
800627010,2,1,0.0
800627010,3,1,0.0
800627010,4,1,0.0
800627010,5,1,0.0
800627010,6,1,0.0
800627010,7,1,0.0
800627010,8,1,0.1
800627010,9,1,0.0
800627010,10,1,0.0
800634891,4,1,0.5
800634891,7,1,2.0
800634891,8,1,1.0
800638781,8,1,0.5
800638781,10,1,0.07
800652165,7,1,0.01
800675747,7,1,0.5
800683363,1,1,0.0
800683363,2,1,0.0
800683363,3,1,0.0
800683363,4,1,0.0
800683363,5,1,0.0
800683363,6,1,0.0
800683363,7,1,0.04
800683363,8,1,0.1
800683363,9,1,0.0
800683363,10,1,0.0
800684881,8,1,0.0026
800685400,7,1,0.1
800685400,8,1,0.2
800695406,6,1,0.05
800695406,7,1,0.05
800695406,8,1,0.15
800711191,8,1,0.04
800715908,7,1,0.5
800715908,8,1,2.28
800716375,6,1,0.06
800725497,3,1,4.0
800725497,4,1,1.0
800725497,7,1,2.0
800725497,8,1,5.31
800729806,5,1,0.002
800729806,8,1,0.034
800734874,7,1,0.1
800734874,8,1,0.1
800747768,7,1,0.15
800747768,8,1,0.15
800760861,1,1,0.0
800760861,2,1,0.0
800760861,3,1,0.0
800760861,4,1,0.0447
800760861,5,1,0.0
800760861,6,1,0.0511
800760861,7,1,0.0653
800760861,8,1,0.0
800760861,9,1,0.0
800760861,10,1,0.1536
800761348,8,1,0.08
800762780,6,1,0.03
800762780,7,1,0.05
800762780,8,1,0.45
800766206,5,1,0.05
800766206,7,1,0.05
800766206,8,1,0.05
800766206,10,1,0.25
800769963,7,1,0.01
800770799,7,1,0.01
800779933,7,1,0.1
800779933,8,1,0.1
800787203,6,1,0.02
800787203,8,1,0.08
800787750,4,1,0.5
800787750,7,1,0.3
800787750,8,1,0.2
800788442,4,1,0.3
800788442,8,1,0.2
800792963,7,1,0.8
800792963,8,1,0.4
800794871,7,1,0.17
800794871,8,1,0.08
800809222,6,1,0.25
800810423,4,1,0.1
800810423,7,1,0.2
800810423,8,1,0.7
800813440,6,1,0.002
800813440,8,1,0.008
800814339,7,1,0.1
800814339,8,1,3.6
800815071,3,1,0.2
800815071,6,1,0.1
800819834,1,1,0.0
800819834,2,1,0.0
800819834,3,1,0.0
800819834,4,1,0.0
800819834,5,1,0.0
800819834,6,1,0.0
800819834,7,1,1.0
800819834,8,1,0.2
800819834,9,1,0.0
800819834,10,1,0.0
800820907,8,1,0.5
800847490,7,1,0.1
800847490,8,1,0.4
800848200,7,1,0.01
800848200,8,1,0.01
800861248,9,1,1.0
800880504,7,1,0.1
800880504,8,1,0.1
800898710,1,1,0.0
800898710,2,1,0.3167
800898710,3,1,0.0
800898710,4,1,0.0
800898710,5,1,0.0
800898710,6,1,1.122
800898710,7,1,7.6075
800898710,8,1,0.0
800898710,9,1,0.0
800898710,10,1,0.2254
800938383,7,1,0.2
801023583,7,1,0.1
801023583,8,1,0.2
801031025,8,1,0.06
801040868,7,1,0.03
801042971,8,1,0.01
801043811,3,1,0.02
801043909,7,1,0.1
801047719,1,1,0.0
801047719,2,1,0.0
801047719,3,1,0.0
801047719,4,1,0.0
801047719,5,1,0.0
801047719,6,1,0.0
801047719,7,1,0.22
801047719,8,1,0.0
801047719,9,1,0.0
801047719,10,1,0.0
801048201,7,1,0.85
801048201,8,1,1.8
801050568,1,1,0.0
801050568,2,1,0.0
801050568,3,1,0.0
801050568,4,1,0.0
801050568,5,1,0.0
801050568,6,1,0.0
801050568,7,1,0.09
801050568,8,1,0.0
801050568,9,1,0.0
801050568,10,1,0.0
801050645,7,1,0.2
801050876,1,1,0.0
801050876,2,1,0.0
801050876,3,1,0.0
801050876,4,1,0.0
801050876,5,1,0.0
801050876,6,1,0.0
801050876,7,1,0.03
801050876,8,1,0.0
801050876,9,1,0.0
801050876,10,1,0.0
801054045,1,1,0.0
801054045,2,1,0.0
801054045,3,1,0.0
801054045,4,1,0.0
801054045,5,1,0.0
801054045,6,1,0.94
801054045,7,1,0.05
801054045,8,1,1.0
801054045,9,1,0.0
801054045,10,1,0.0
801055303,6,1,0.1
801055303,7,1,0.2
801055937,8,1,0.2
801058987,3,1,0.03
801061107,3,1,1.0
801061107,5,1,1.0
801061107,8,1,1.52
801075747,6,1,0.05
801075747,7,1,0.05
801075747,8,1,0.2
801090587,7,1,0.3
801090587,8,1,0.5
801091198,4,1,0.7
801091198,7,1,4.0
801091198,8,1,2.0
801091198,10,1,0.5
801104711,6,1,0.02
801104711,7,1,0.18
801104711,10,1,0.01
801119813,8,1,0.04
801121783,8,1,0.1
801130697,8,1,0.01
801133719,6,1,0.02
801133719,7,1,0.03
801133719,8,1,0.01
801133789,7,1,0.35
801133789,8,1,0.3
801136658,3,1,12.0
801136658,6,1,2.0
801136658,7,1,10.0
801136658,8,1,4.0
801136658,10,1,4.0
801140003,4,1,3.7
801140003,8,1,2.0
801147025,6,1,0.33
801147025,8,1,0.1
801147902,6,1,3.1
801153280,8,1,0.05
801153367,8,1,0.1
801154239,6,1,1.5
801157883,8,1,0.03
801157883,10,1,0.07
801159005,4,1,0.4
801159005,8,1,0.2
801176278,7,1,0.5
801176278,8,1,3.0
801176278,10,1,1.5
801183956,7,1,0.3
801183956,8,1,0.4
801189565,8,1,0.01
801191253,8,1,0.07
801192650,6,1,0.01
801195400,2,1,0.2
801195400,6,1,0.2
801195400,7,1,2.0
801195400,8,1,3.0
801195400,10,1,0.3
801212869,1,1,0.0
801212869,2,1,0.0
801212869,3,1,0.0
801212869,4,1,0.0
801212869,5,1,0.0
801212869,6,1,0.0
801212869,7,1,0.7
801212869,8,1,1.8
801212869,9,1,0.0
801212869,10,1,0.0
801218209,5,1,21.0
801221350,8,1,0.03
801266543,6,1,0.2
801266543,7,1,0.3
801274183,7,1,0.02
801274183,8,1,0.02
801294316,6,1,0.1
801294316,7,1,0.1
801372624,8,1,0.0
801373494,1,1,0.0
801373494,2,1,0.0
801373494,3,1,0.0
801373494,4,1,0.0
801373494,5,1,0.0
801373494,6,1,0.0
801373494,7,1,0.028
801373494,8,1,0.0
801373494,9,1,0.0
801373494,10,1,0.0
801379838,6,1,0.1
801379838,8,1,0.36
801384100,7,1,0.15
801384100,8,1,0.25
801390464,1,1,0.0
801390464,2,1,0.3
801390464,3,1,0.0
801390464,4,1,0.8
801390464,5,1,0.0
801390464,6,1,0.0
801390464,7,1,0.4
801390464,8,1,1.2
801390464,9,1,0.0
801390464,10,1,0.0
801410078,8,1,0.0215
801415850,8,1,0.09
801418829,8,1,0.01
801424272,4,1,0.5
801424272,7,1,0.2
801425827,7,1,0.005
801425827,8,1,0.005
801429885,4,1,0.1
801429885,8,1,0.1
801439750,7,1,0.01
801439750,10,1,0.02
801440460,4,1,0.4
801454587,8,1,0.02
801457465,4,1,0.5
801457465,6,1,0.5
801457465,7,1,2.5
801457465,8,1,2.0
801457465,10,1,0.5
801460506,7,1,0.37
801460506,8,1,0.3
801461425,4,1,0.5
801462282,3,1,0.2
801462282,4,1,0.2
801462282,7,1,0.2
801462282,8,1,0.2
801475475,7,1,0.1
801480738,4,1,0.1
801480738,7,1,0.2
801480738,8,1,0.6
801486139,6,1,1.0
801486139,10,1,1.0
801509724,4,1,0.2
801509724,7,1,1.0
801509724,8,1,0.26
801511394,6,1,0.01
801511472,7,1,0.3
801511472,8,1,1.0
801518764,8,1,0.01
801543527,6,1,0.01
801546289,6,1,0.83
801546289,8,1,0.1
801546308,2,1,0.2
801546308,4,1,0.2
801546308,7,1,0.1
801552829,7,1,0.01
801553686,1,1,0.0
801553686,2,1,0.0
801553686,3,1,0.0
801553686,4,1,0.0
801553686,5,1,0.0
801553686,6,1,0.0
801553686,7,1,0.79
801553686,8,1,2.0
801553686,9,1,0.0
801553686,10,1,0.0
801558257,1,1,0.0
801558257,2,1,0.0
801558257,3,1,0.0
801558257,4,1,0.0
801558257,5,1,0.0
801558257,6,1,0.0
801558257,7,1,0.036
801558257,8,1,0.0
801558257,9,1,0.0
801558257,10,1,0.0
801559028,6,1,0.006
801559028,7,1,0.012
801559028,8,1,0.012
801563513,6,1,1.0
801563513,8,1,26.0
801563835,6,1,2.5
801563835,8,1,0.9
801570154,1,1,0.0
801570154,2,1,0.0
801570154,3,1,0.0
801570154,4,1,5.0
801570154,5,1,0.0
801570154,6,1,0.0
801570154,7,1,2.0
801570154,8,1,2.0
801570154,9,1,0.0
801570154,10,1,0.0
801570357,7,1,0.02
801580765,8,1,0.2
801582464,1,1,0.0
801582464,2,1,0.0
801582464,3,1,0.0
801582464,4,1,0.0
801582464,5,1,0.0
801582464,6,1,0.0
801582464,7,1,0.0
801582464,8,1,0.0
801582464,9,1,1.6
801582464,10,1,2.0
801588528,6,1,0.01
801590597,9,1,0.63
801621616,1,1,0.0
801621616,2,1,0.15
801621616,3,1,0.0
801621616,4,1,0.0
801621616,5,1,0.0
801621616,6,1,0.0
801621616,7,1,0.05
801621616,8,1,0.0
801621616,9,1,0.0
801621616,10,1,0.0
801659964,1,1,0.0
801659964,2,1,0.8
801659964,3,1,0.0
801659964,4,1,0.0
801659964,5,1,0.0
801659964,6,1,0.0
801659964,7,1,0.0
801659964,8,1,0.0
801659964,9,1,0.0
801659964,10,1,0.0
801677798,1,1,0.0
801677798,2,1,0.0
801677798,3,1,0.0
801677798,4,1,0.0
801677798,5,1,0.0
801677798,6,1,0.0
801677798,7,1,0.2
801677798,8,1,0.0
801677798,9,1,0.0
801677798,10,1,0.0
801680332,1,1,0.0
801680332,2,1,0.0
801680332,3,1,0.0
801680332,4,1,0.0
801680332,5,1,0.0
801680332,6,1,0.0
801680332,7,1,0.26
801680332,8,1,0.0
801680332,9,1,0.0
801680332,10,1,0.0
801749660,7,1,0.001
801777142,8,1,0.01
801785702,2,1,1.07
801785702,3,1,1.04
801785702,6,1,0.7
801785702,8,1,3.0
801785702,10,1,0.69
801794363,8,1,0.5
801795922,1,1,0.0
801795922,2,1,0.0
801795922,3,1,0.0
801795922,4,1,0.08
801795922,5,1,0.0
801795922,6,1,0.0
801795922,7,1,0.1
801795922,8,1,0.5
801795922,9,1,0.0
801795922,10,1,0.0
801807306,6,1,0.1
801807306,7,1,0.1
801808575,1,1,0.0
801808575,2,1,0.0
801808575,3,1,0.0
801808575,4,1,0.0
801808575,5,1,0.0
801808575,6,1,0.0
801808575,7,1,0.2
801808575,8,1,0.0
801808575,9,1,0.0
801808575,10,1,0.0
801810095,7,1,0.5
801810095,8,1,1.0
801823567,8,1,0.08
801824890,8,1,0.03
801824890,10,1,0.01
801827373,7,1,0.05
801827373,8,1,0.14
801829282,1,1,0.0
801829282,2,1,0.0
801829282,3,1,0.0
801829282,4,1,0.0032
801829282,5,1,0.0
801829282,6,1,0.0032
801829282,7,1,0.0111
801829282,8,1,0.0143
801829282,9,1,0.0
801829282,10,1,0.0
801833316,7,1,0.1
801833316,8,1,0.1
801834296,4,1,8.0
801834296,7,1,3.0
801834296,8,1,2.0
801834296,9,1,1.3
801837260,7,1,0.01
801837260,8,1,0.3
801837260,10,1,0.01
801850367,7,1,0.05
801850367,8,1,0.08
801850367,10,1,0.07
801852734,7,1,0.06
801855219,4,1,1.21
801855219,7,1,0.25
801855219,8,1,0.75
801856212,7,1,0.2
801856212,8,1,0.5
801859682,7,1,0.02
801859682,8,1,0.08
801859960,4,1,0.5
801859960,6,1,0.5
801859960,7,1,0.5
801859960,8,1,1.5
801859960,10,1,2.0
801865257,6,1,0.2
801865257,7,1,0.1
801865257,8,1,0.08
801870631,8,1,0.5
801883891,4,1,0.1
801883891,7,1,0.25
801883891,8,1,0.25
801893703,1,1,0.0
801893703,2,1,0.0
801893703,3,1,0.0
801893703,4,1,0.0
801893703,5,1,0.0
801893703,6,1,0.0
801893703,7,1,0.03
801893703,8,1,0.2
801893703,9,1,0.0
801893703,10,1,0.0
801896698,1,1,0.0
801896698,2,1,0.0
801896698,3,1,0.0
801896698,4,1,0.0
801896698,5,1,0.0
801896698,6,1,0.0
801896698,7,1,0.0
801896698,8,1,0.1
801896698,9,1,0.0
801896698,10,1,0.0
801900480,10,1,20.0
801903430,8,1,4.27
801908525,10,1,0.01
801911092,4,1,0.8
801911092,6,1,0.2
801911092,7,1,0.2
801911092,8,1,0.1
801913782,8,1,0.06
801919139,8,1,0.2
801923044,7,1,0.15
801923044,8,1,0.15
801924253,7,1,0.4
801924253,8,1,0.7
801925333,7,1,1.0
801925333,8,1,1.0
801929452,6,1,0.2
801929452,7,1,1.12
801929452,10,1,0.5
801929644,6,1,0.8
801932324,8,1,0.01
801932690,8,1,0.02
801945812,7,1,2.2
801945812,8,1,2.2
801947745,1,1,0.0
801947745,2,1,0.0
801947745,3,1,0.0
801947745,4,1,0.0
801947745,5,1,0.0
801947745,6,1,0.0
801947745,7,1,0.03
801947745,8,1,0.02
801947745,9,1,0.0
801947745,10,1,0.0
801956941,4,1,0.3
801956941,8,1,1.0
801956941,9,1,0.1
801963356,1,1,0.0
801963356,2,1,0.0
801963356,3,1,0.21
801963356,4,1,0.0
801963356,5,1,0.0
801963356,6,1,0.0
801963356,7,1,0.2
801963356,8,1,0.3
801963356,9,1,0.0
801963356,10,1,0.0
801965560,7,1,20.0
801965560,8,1,1.2
801985218,8,1,0.01
801986413,7,1,0.3
801986413,9,1,1.0
801996289,1,1,0.0
801996289,2,1,0.0
801996289,3,1,0.0
801996289,4,1,0.0
801996289,5,1,0.0
801996289,6,1,0.0
801996289,7,1,0.1
801996289,8,1,0.05
801996289,9,1,0.0
801996289,10,1,0.0
802010499,1,1,0.0
802010499,2,1,0.0
802010499,3,1,0.0
802010499,4,1,0.0
802010499,5,1,0.0
802010499,6,1,0.0
802010499,7,1,0.62
802010499,8,1,0.0
802010499,9,1,0.0
802010499,10,1,0.0
802010896,1,1,0.0
802010896,2,1,0.0
802010896,3,1,0.0
802010896,4,1,0.0
802010896,5,1,0.0
802010896,6,1,0.0
802010896,7,1,0.22
802010896,8,1,0.0
802010896,9,1,0.0
802010896,10,1,0.0
802020430,1,1,0.0
802020430,2,1,0.0
802020430,3,1,0.0
802020430,4,1,0.0
802020430,5,1,0.0
802020430,6,1,0.0
802020430,7,1,0.28
802020430,8,1,0.0
802020430,9,1,0.0
802020430,10,1,0.0
802021564,1,1,0.0
802021564,2,1,0.0
802021564,3,1,0.0
802021564,4,1,0.0
802021564,5,1,0.0
802021564,6,1,0.0
802021564,7,1,2.13
802021564,8,1,0.0
802021564,9,1,0.0
802021564,10,1,0.0
802032619,1,1,0.0
802032619,2,1,0.0
802032619,3,1,0.0
802032619,4,1,0.0
802032619,5,1,0.0
802032619,6,1,0.0
802032619,7,1,0.01
802032619,8,1,0.0
802032619,9,1,0.0
802032619,10,1,0.0
802041471,9,1,92.54
802043459,6,1,3.0
802043459,7,1,6.0
802043459,8,1,3.0
802061614,2,1,17.93
802061614,3,1,0.57
802061614,6,1,9.08
802061614,7,1,0.0
802061614,10,1,34.42
802156739,7,1,0.2
802156739,8,1,0.2
802156739,10,1,0.1
802166894,1,1,0.0
802166894,2,1,0.14
802166894,3,1,0.0
802166894,4,1,0.0
802166894,5,1,0.0
802166894,6,1,0.0
802166894,7,1,0.0
802166894,8,1,0.0
802166894,9,1,0.0
802166894,10,1,0.0
802176147,4,1,0.5
802176147,7,1,7.5
802179103,8,1,0.3
802181982,8,1,1.0
802182655,7,1,0.1
802182655,8,1,0.15
802206495,7,1,0.1
802207383,7,1,0.2
802207383,8,1,0.1
802212531,1,1,0.0
802212531,2,1,0.0
802212531,3,1,0.0
802212531,4,1,0.0
802212531,5,1,0.0
802212531,6,1,0.0
802212531,7,1,0.01
802212531,8,1,0.0
802212531,9,1,0.0
802212531,10,1,0.0
802214066,8,1,0.05
802216724,4,1,0.1
802216724,7,1,0.5
802216724,8,1,9.8
802219284,4,1,1.5
802219284,7,1,1.0
802219878,8,1,0.02
802229160,8,1,0.02
802230305,6,1,0.1
802230305,7,1,0.2
802230305,8,1,0.8
802249266,8,1,0.03
802256654,4,1,0.2
802256720,8,1,0.001
802257032,6,1,0.7
802257577,8,1,1.5
802261029,7,1,0.01
802261029,8,1,0.01
802264611,5,1,0.1
802265650,6,1,129.996
802265650,7,1,25.201
802265650,8,1,17.918
802268427,6,1,6.0
802268427,8,1,4.0
802270469,6,1,0.3
802270469,7,1,1.5
802273528,6,1,0.5
802273528,7,1,2.0
802273528,8,1,39.5
802284185,1,1,0.5
802284185,2,1,0.0
802284185,3,1,0.0
802284185,4,1,0.0
802284185,5,1,0.0
802284185,6,1,0.1
802284185,7,1,0.0
802284185,8,1,0.1
802284185,9,1,0.0
802284185,10,1,0.0
802285560,7,1,0.6
802285560,8,1,0.76
802290452,4,1,1.0
802290452,6,1,2.29
802290452,7,1,0.38
802290452,9,1,36.82
802292296,7,1,0.26
802295037,8,1,0.04
802298410,10,1,0.2
802302673,4,1,0.1
802302673,7,1,0.1
802302673,8,1,0.02
802307260,7,1,1.1
802307260,8,1,0.12
802310367,8,1,0.01
802310613,6,1,0.01
802310613,7,1,0.01
802310613,8,1,0.02
802311541,6,1,0.1
802311541,7,1,0.3
802311541,8,1,1.5
802327874,8,1,0.05
802330320,10,1,1.22
802359777,1,1,0.0
802359777,2,1,0.3
802359777,3,1,0.0
802359777,4,1,0.0
802359777,5,1,0.0
802359777,6,1,0.0
802359777,7,1,0.1
802359777,8,1,0.0
802359777,9,1,0.0
802359777,10,1,0.0
802361268,4,1,1.5
802361268,7,1,0.61
802361268,8,1,3.0
802362284,1,1,0.0
802362284,2,1,0.0
802362284,3,1,0.0
802362284,4,1,0.0
802362284,5,1,0.0
802362284,6,1,0.8
802362284,7,1,1.3
802362284,8,1,1.2
802362284,9,1,0.0
802362284,10,1,0.0
802368251,7,1,3.0
802368251,8,1,3.44
802383351,7,1,0.03
802383351,8,1,0.07
802443364,7,1,0.124
802443364,8,1,0.053
802491476,6,1,29.226
802491476,8,1,1.605
802501240,1,1,0.0
802501240,2,1,0.0
802501240,3,1,0.0
802501240,4,1,0.0
802501240,5,1,0.0
802501240,6,1,0.0
802501240,7,1,0.06
802501240,8,1,0.0
802501240,9,1,0.0
802501240,10,1,0.0
802502464,1,1,0.0
802502464,2,1,0.0
802502464,3,1,0.0
802502464,4,1,0.0
802502464,5,1,0.0
802502464,6,1,0.0
802502464,7,1,0.01
802502464,8,1,0.0
802502464,9,1,0.0
802502464,10,1,0.0
802517273,6,1,0.3
802517273,7,1,0.3
802517273,8,1,2.3
802533997,1,1,0.0
802533997,2,1,0.0
802533997,3,1,0.0
802533997,4,1,0.0
802533997,5,1,0.0
802533997,6,1,0.0
802533997,7,1,0.8
802533997,8,1,16.0
802533997,9,1,0.0
802533997,10,1,0.0
802545738,8,1,0.02
802546050,4,1,0.97
802546050,8,1,0.06
802546296,6,1,0.02
802546296,7,1,0.01
802546296,8,1,0.02
802547761,10,1,2.29
802548155,7,1,0.1
802548155,8,1,0.1
802548735,8,1,0.2
802550528,7,1,1.5
802550528,8,1,16.5
802552900,1,1,0.9
802552900,4,1,10.0
802552900,7,1,2.0
802552900,8,1,7.0
802552900,10,1,1.0
802573553,10,1,0.14
802576974,1,1,0.5328
802576974,2,1,0.0
802576974,3,1,0.0
802576974,4,1,0.0
802576974,5,1,0.0
802576974,6,1,0.0031
802576974,7,1,0.9197
802576974,8,1,0.0
802576974,9,1,0.0
802576974,10,1,0.8211
802577204,7,1,0.1
802577204,8,1,1.0
802577390,6,1,0.2
802577390,7,1,0.2
802577390,8,1,0.3
802581168,6,1,1.0
802581168,7,1,0.2
802581168,8,1,2.0
802581549,7,1,7.0
802581549,8,1,20.0
802596181,8,1,0.04
802596837,1,1,4.35
802596837,2,1,0.0
802596837,3,1,0.0
802596837,4,1,1.99
802596837,5,1,0.0
802596837,6,1,0.99
802596837,7,1,4.15
802596837,8,1,0.0
802596837,9,1,0.0
802596837,10,1,1.19
802597273,4,1,1.0
802597273,7,1,1.0
802597273,8,1,2.5
802597466,8,1,0.3
802598839,1,1,20.8325
802598839,2,1,33.4163
802598839,3,1,0.0
802598839,4,1,16.0
802598839,5,1,11.96
802598839,6,1,112.4761
802598839,7,1,121.911
802598839,8,1,106.3722
802598839,9,1,0.0
802598839,10,1,5.1619
802605825,1,1,0.783
802605825,3,1,0.63
802605825,4,1,27.45
802605825,6,1,0.41
802605825,7,1,23.77
802605825,8,1,0.52
802605825,9,1,13.52
802606572,7,1,0.01
802606572,8,1,0.12
802608439,8,1,0.1
802609595,1,1,0.0
802609595,2,1,0.0
802609595,3,1,0.6
802609595,4,1,1.0
802609595,5,1,0.0
802609595,6,1,0.0
802609595,7,1,1.0
802609595,8,1,1.0
802609595,9,1,0.0
802609595,10,1,0.0
802618851,4,1,0.5
802618851,10,1,0.5
802619219,4,1,0.5
802619219,6,1,3.0
802619219,7,1,6.0
802619219,8,1,5.5
802619219,9,1,7.0
802621353,6,1,0.2
802621353,7,1,0.5
802621353,8,1,1.5
802630881,7,1,0.08
802630881,8,1,0.02
802631280,7,1,0.25
802631280,8,1,0.25
802632456,7,1,0.88
802632456,8,1,3.5
802637784,7,1,0.5
802637784,8,1,0.5
802678327,7,1,0.5
802678327,8,1,4.5
802691343,7,1,0.0
802691343,8,1,0.0
802692238,7,1,1.5
802692238,8,1,1.5
802696897,7,1,0.02
802696897,8,1,0.08
802698592,1,1,0.0
802698592,2,1,0.0
802698592,3,1,0.0
802698592,4,1,0.1
802698592,5,1,0.0
802698592,6,1,0.0
802698592,7,1,0.2
802698592,8,1,0.2
802698592,9,1,0.0
802698592,10,1,0.0
802701554,4,1,0.04
802701554,7,1,0.03
802704043,1,1,0.01
802704043,2,1,0.0
802704043,3,1,0.0
802704043,4,1,0.0
802704043,5,1,0.0
802704043,6,1,0.0
802704043,7,1,0.01
802704043,8,1,0.03
802704043,9,1,0.0
802704043,10,1,0.0
802704374,1,1,0.0
802704374,2,1,0.0
802704374,3,1,0.0
802704374,4,1,0.0
802704374,5,1,0.42
802704374,6,1,0.0
802704374,7,1,0.0
802704374,8,1,0.0
802704374,9,1,0.0
802704374,10,1,0.0
802791750,7,1,0.19
802807158,8,1,0.1
802807158,10,1,0.02
802843555,1,1,0.0
802843555,2,1,0.0
802843555,3,1,0.0
802843555,4,1,0.1
802843555,5,1,0.0
802843555,6,1,0.0
802843555,7,1,0.2
802843555,8,1,0.05
802843555,9,1,0.0
802843555,10,1,0.0
802859533,4,1,0.008
802859533,7,1,0.005
802859533,8,1,0.03
802862743,8,1,0.02
802881243,1,1,0.0
802881243,2,1,0.0
802881243,3,1,0.0
802881243,4,1,0.0
802881243,5,1,0.0
802881243,6,1,0.0
802881243,7,1,0.0
802881243,8,1,0.0
802881243,9,1,11.0
802881243,10,1,0.0
802885430,9,1,20.0
802890950,7,1,0.1
802890950,8,1,2.0
802901437,7,1,0.04
802906597,8,1,0.5
802918440,7,1,0.5
802918440,8,1,0.5
802920510,7,1,0.1
802920510,8,1,0.15
802920510,10,1,0.05
802926251,6,1,0.02
802926251,7,1,0.04
802926251,8,1,0.04
802927954,7,1,0.4
802927954,8,1,0.5
802928172,8,1,0.015
802943328,7,1,31.0
802943328,8,1,41.1201
802970232,7,1,0.2
802970232,8,1,0.7
802971729,6,1,0.1
802971729,7,1,0.1
802972087,6,1,0.62
802972087,7,1,0.31
802972087,8,1,0.62
802976116,8,1,1.85
802976270,1,1,0.0
802976270,2,1,0.0
802976270,3,1,0.0
802976270,4,1,0.0
802976270,5,1,0.0
802976270,6,1,0.0
802976270,7,1,0.05
802976270,8,1,0.0
802976270,9,1,0.0
802976270,10,1,0.0
802985886,7,1,20.0
802985886,8,1,17.64
802992909,7,1,0.3
802994523,10,1,0.2
803006435,8,1,0.01
803016349,1,1,1.2842
803016349,3,1,28.927
803016349,6,1,12.0918
803016349,7,1,15.7722
803016349,8,1,0.0
803016349,10,1,14.2094
803019261,1,1,0.0
803019261,2,1,0.0
803019261,3,1,0.0
803019261,4,1,0.0
803019261,5,1,0.0
803019261,6,1,0.0
803019261,7,1,0.0025
803019261,8,1,0.0
803019261,9,1,0.0
803019261,10,1,0.0
803020738,7,1,0.02
803020738,8,1,0.08
803030481,7,1,0.01
803037156,8,1,0.4
803047349,4,1,0.02
803047349,8,1,0.3
803060749,7,1,0.16
803074341,1,1,0.0
803074341,2,1,0.0
803074341,3,1,0.0
803074341,4,1,0.0
803074341,5,1,0.0
803074341,6,1,0.0
803074341,7,1,1.69
803074341,8,1,0.0
803074341,9,1,0.0
803074341,10,1,0.0
803074500,1,1,0.0
803074500,2,1,0.0
803074500,3,1,0.0
803074500,4,1,0.0
803074500,5,1,0.0
803074500,6,1,0.0
803074500,7,1,0.0
803074500,8,1,18.0
803074500,9,1,0.0
803074500,10,1,0.0
803114142,1,1,0.0
803114142,2,1,0.0
803114142,3,1,0.0
803114142,4,1,0.0
803114142,5,1,0.0
803114142,6,1,0.0
803114142,7,1,0.0
803114142,8,1,0.0
803114142,9,1,0.0
803114142,10,1,0.01
803154321,7,1,0.002
803154321,8,1,0.035
803162683,1,1,0.0
803162683,2,1,0.0
803162683,3,1,0.0
803162683,4,1,0.1
803162683,5,1,0.0
803162683,6,1,0.0
803162683,7,1,0.5
803162683,8,1,0.0
803162683,9,1,0.0
803162683,10,1,0.0
803172307,1,1,995.0611
803172307,2,1,162.2061
803172307,3,1,50.65
803172307,4,1,504.874
803172307,5,1,249.747
803172307,6,1,517.8316
803172307,7,1,795.8806
803172307,8,1,307.1348
803172307,9,1,147.71
803172307,10,1,812.857
803174991,4,1,2.0
803174991,6,1,0.5
803233559,7,1,0.6
803243862,8,1,0.53
803246179,7,1,0.1
803246179,8,1,0.1
803247554,7,1,0.005
803247554,8,1,0.025
803249229,7,1,0.5
803253083,3,1,0.171
803253083,4,1,0.864
803253083,6,1,3.351
803253083,7,1,7.021
803253083,8,1,0.752
803253083,9,1,7.061
803255258,7,1,0.22
803257224,8,1,0.35
803270865,4,1,0.5
803270865,5,1,2.0
803270865,8,1,0.3
803270865,9,1,0.7
803271265,7,1,0.1
803271265,8,1,0.2
803275243,8,1,0.6
803287476,4,1,0.06
803287476,8,1,0.1
803288384,8,1,0.5
803291060,1,1,0.0
803291060,2,1,0.0
803291060,3,1,0.0
803291060,4,1,0.0
803291060,5,1,0.0
803291060,6,1,0.0
803291060,7,1,0.041
803291060,8,1,0.0
803291060,9,1,0.0
803291060,10,1,0.0
803299939,8,1,1.0
803301274,6,1,0.16
803308303,7,1,0.1
803308303,10,1,0.4
803308604,7,1,3.0
803318096,1,1,0.1
803318096,4,1,0.2
803318096,8,1,0.7
803320687,7,1,3.0
803320687,8,1,5.0
803322285,7,1,0.2
803322285,8,1,0.8
803323136,4,1,0.91
803323136,6,1,13.66
803323136,7,1,63.84
803323136,8,1,87.61
803323136,9,1,2.73
803324703,7,1,0.2
803324703,8,1,0.1
803331444,8,1,1.5
803331444,9,1,1.0
803333749,7,1,0.05
803333749,8,1,0.25
803334430,8,1,19.0
803341328,8,1,0.3
803341328,9,1,1.93
803346872,1,1,0.0
803346872,2,1,0.0
803346872,3,1,0.0
803346872,4,1,0.0
803346872,5,1,0.0
803346872,6,1,0.0
803346872,7,1,0.0
803346872,8,1,0.0
803346872,9,1,34.03
803346872,10,1,0.0
803352814,8,1,0.1
803352814,10,1,4.4
803356106,4,1,0.03
803356106,8,1,0.2
803358408,8,1,1.7
803371078,8,1,0.4
803371265,6,1,0.1
803371265,8,1,0.09
803372103,7,1,0.1
803372103,8,1,0.1
803374064,7,1,0.05
803374064,8,1,0.15
803376012,8,1,0.1
803377444,4,1,1.5
803377444,6,1,2.0
803377444,7,1,7.0
803377444,8,1,12.0
803380207,1,1,0.0
803380207,2,1,0.0
803380207,3,1,0.0
803380207,4,1,0.0
803380207,5,1,0.0
803380207,6,1,0.0
803380207,7,1,0.3
803380207,8,1,0.0
803380207,9,1,0.0
803380207,10,1,0.0
803383465,4,1,0.02
803383465,7,1,0.02
803383465,8,1,0.08
803392093,6,1,0.1
803392093,10,1,1.0
803398084,6,1,0.1
803398084,7,1,0.1
803401141,7,1,0.16
803405758,3,1,2.0
803405758,4,1,0.5
803405758,6,1,0.2
803405758,7,1,0.1
803405758,8,1,0.5
803405758,10,1,3.0
803407768,2,1,0.04
803407768,4,1,16.98
803407768,6,1,1.05
803407768,7,1,6.5
803407768,8,1,2.04
803407768,9,1,15.94
803412543,1,1,0.0
803412543,2,1,0.0
803412543,3,1,0.0
803412543,4,1,0.0
803412543,5,1,0.0
803412543,6,1,0.0
803412543,7,1,0.03
803412543,8,1,0.0
803412543,9,1,0.0
803412543,10,1,0.0
803414483,6,1,0.2
803414483,8,1,0.5
803427668,1,1,6.95
803427668,2,1,0.0
803427668,3,1,1.5
803427668,4,1,0.0
803427668,5,1,0.0
803427668,6,1,0.0
803427668,7,1,0.0
803427668,8,1,0.71
803427668,9,1,0.0
803427668,10,1,0.0
803435152,1,1,0.0
803435152,2,1,0.0
803435152,3,1,0.03
803435152,4,1,0.0
803435152,5,1,0.0
803435152,6,1,0.0
803435152,7,1,0.0
803435152,8,1,0.0
803435152,9,1,0.0
803435152,10,1,0.0
803440741,6,1,2.2
803447409,1,1,0.0
803447409,2,1,0.0
803447409,3,1,0.0
803447409,4,1,0.0
803447409,5,1,0.0
803447409,6,1,0.0
803447409,7,1,0.02
803447409,8,1,0.0
803447409,9,1,0.0
803447409,10,1,0.0
803448063,8,1,0.01
803451775,4,1,0.5
803451775,7,1,10.0
803451775,8,1,21.8871
803452103,4,1,0.1
803452103,7,1,0.9
803452103,8,1,0.5
803457739,7,1,0.13
803457739,8,1,0.3
803459714,7,1,0.01
803459714,8,1,0.01
803462335,1,1,0.0
803462335,2,1,0.0
803462335,3,1,8.1
803462335,4,1,0.0
803462335,5,1,0.0
803462335,6,1,0.0
803462335,7,1,0.0
803462335,8,1,0.0
803462335,9,1,0.0
803462335,10,1,0.0
803473405,4,1,0.9
803473405,7,1,0.06
803473405,10,1,0.01
803502944,1,1,0.0
803502944,2,1,0.0
803502944,3,1,0.0
803502944,4,1,0.4
803502944,5,1,0.0
803502944,6,1,0.0
803502944,7,1,1.1
803502944,8,1,0.4
803502944,9,1,0.0
803502944,10,1,0.0
803527456,1,1,0.0
803527456,2,1,0.0
803527456,3,1,0.0
803527456,4,1,0.0
803527456,5,1,0.0
803527456,6,1,0.0
803527456,7,1,0.3
803527456,8,1,0.0
803527456,9,1,0.0
803527456,10,1,0.0
803544305,4,1,0.04
803544305,7,1,0.02
803544305,8,1,0.02
803581695,1,1,0.0
803581695,2,1,0.0
803581695,3,1,0.0
803581695,4,1,0.0
803581695,5,1,0.0
803581695,6,1,0.0
803581695,7,1,0.09
803581695,8,1,0.0
803581695,9,1,0.0
803581695,10,1,0.0
803606650,7,1,0.25
803634970,1,1,0.0
803634970,2,1,0.0
803634970,3,1,0.0
803634970,4,1,0.0
803634970,5,1,0.0
803634970,6,1,0.0
803634970,7,1,0.01
803634970,8,1,0.0
803634970,9,1,0.0
803634970,10,1,0.0
803644460,6,1,0.4
803655187,1,1,0.0
803655187,2,1,0.0
803655187,3,1,0.0
803655187,4,1,0.0
803655187,5,1,0.0
803655187,6,1,0.0
803655187,7,1,0.015
803655187,8,1,0.0
803655187,9,1,0.0
803655187,10,1,0.0
803681545,6,1,2.0
803681545,7,1,3.0
803681545,8,1,10.0
803699879,1,1,0.0
803699879,2,1,0.0
803699879,3,1,0.0
803699879,4,1,0.0
803699879,5,1,0.0
803699879,6,1,0.0
803699879,7,1,0.5
803699879,8,1,0.0
803699879,9,1,1.0
803699879,10,1,0.0
803711323,8,1,0.1
803715665,7,1,0.005
803715665,8,1,0.005
803716895,7,1,0.2
803716895,8,1,1.0
803724674,7,1,0.03
803724674,8,1,0.07
803734154,6,1,0.1
803734154,7,1,0.1
803734154,8,1,0.3
803735357,8,1,0.004
803747425,8,1,0.04
803748824,6,1,1.0
803748824,8,1,10.1281
803749533,7,1,10.0
803749533,8,1,20.7659
803751281,1,1,17.24
803751281,4,1,12.45
803751281,6,1,9.51
803751281,7,1,7.62
803751281,8,1,8.34
803751281,10,1,0.0
803758361,10,1,0.03
803760483,8,1,0.4
803760885,6,1,0.09
803760885,8,1,0.1
803762440,10,1,1.6
803763688,7,1,0.7
803763688,8,1,0.1
803765926,3,1,0.15
803765926,8,1,0.05
803780505,7,1,0.5
803780505,8,1,1.5
803781889,1,1,0.0
803781889,2,1,0.0
803781889,3,1,0.0
803781889,4,1,11.543
803781889,5,1,0.0
803781889,6,1,0.0
803781889,7,1,28.174
803781889,8,1,266.31
803781889,9,1,37.074
803781889,10,1,0.0
803784098,3,1,2.0
803788211,1,1,1.42
803788211,2,1,0.0
803788211,3,1,0.0
803788211,4,1,0.0
803788211,5,1,0.0
803788211,6,1,0.0
803788211,7,1,0.5
803788211,8,1,0.5
803788211,9,1,0.0
803788211,10,1,0.0
803798734,4,1,0.2
803798734,6,1,0.12
803806767,8,1,0.3
803809524,6,1,0.81
803809524,7,1,2.0
803809524,8,1,1.0
803809524,9,1,15.0
803818412,8,1,2.0
803839168,5,1,0.1
803839168,8,1,0.08
803851962,7,1,0.005
803851962,8,1,0.005
803855360,1,1,0.0
803855360,2,1,0.12
803855360,3,1,0.0
803855360,4,1,0.0
803855360,5,1,0.0
803855360,6,1,0.0
803855360,7,1,0.0
803855360,8,1,0.0
803855360,9,1,0.0
803855360,10,1,0.0
803861378,1,1,0.0
803861378,2,1,0.0
803861378,3,1,0.08
803861378,4,1,0.0
803861378,5,1,0.0
803861378,6,1,0.0
803861378,7,1,0.0
803861378,8,1,0.07
803861378,9,1,0.0
803861378,10,1,0.0
803872856,4,1,0.03
803876287,7,1,0.01
803876287,8,1,0.01
803877470,10,1,1.8
803878214,8,1,0.01
803916605,3,1,0.05
803916605,6,1,0.6
803916605,7,1,0.05
803916605,8,1,0.3
804070686,8,1,0.05
804082086,6,1,0.5
804082086,7,1,0.5
804091770,1,1,0.0
804091770,2,1,0.0
804091770,3,1,0.0
804091770,4,1,0.0
804091770,5,1,0.0
804091770,6,1,0.0
804091770,7,1,0.12
804091770,8,1,0.0
804091770,9,1,0.0
804091770,10,1,0.0
804116019,1,1,0.0
804116019,2,1,0.0
804116019,3,1,0.0
804116019,4,1,0.0
804116019,5,1,0.0
804116019,6,1,0.0
804116019,7,1,0.09
804116019,8,1,1.55
804116019,9,1,0.0
804116019,10,1,0.0
804135226,1,1,0.0
804135226,2,1,0.0
804135226,3,1,0.0
804135226,4,1,0.0
804135226,5,1,1.6
804135226,6,1,0.0
804135226,7,1,0.0
804135226,8,1,0.0
804135226,9,1,0.0
804135226,10,1,0.0
804140970,8,1,0.01
804142859,7,1,0.5
804142859,8,1,0.3
804147018,1,1,0.0
804147018,2,1,0.0
804147018,3,1,0.0
804147018,4,1,0.0
804147018,5,1,0.0
804147018,6,1,0.0
804147018,7,1,0.0
804147018,8,1,0.0
804147018,9,1,5.69
804147018,10,1,4.0
804160958,8,1,0.25
804162555,8,1,0.01
804163872,7,1,0.4
804163872,8,1,0.6
804164046,8,1,0.14
804174806,5,1,1.5
804174806,6,1,5.0
804174806,7,1,8.0
804174806,8,1,22.0
804174806,9,1,0.0
804181561,10,1,0.02
804205986,4,1,0.3
804205986,8,1,7.0
804223683,1,1,0.0
804223683,2,1,0.0
804223683,3,1,0.0
804223683,4,1,0.0
804223683,5,1,0.0
804223683,6,1,0.0
804223683,7,1,0.027
804223683,8,1,0.0
804223683,9,1,0.0
804223683,10,1,0.0
804229383,8,1,0.0
804231564,4,1,2.0
804231564,7,1,0.5
804236025,1,1,1.0
804236025,7,1,3.0
804236025,8,1,2.32
804241802,7,1,0.59
804241802,8,1,0.5
804246464,1,1,0.0
804246464,2,1,0.0
804246464,3,1,0.0
804246464,4,1,0.0
804246464,5,1,0.0
804246464,6,1,0.0
804246464,7,1,0.47
804246464,8,1,1.0
804246464,9,1,0.0
804246464,10,1,0.0
804254449,7,1,0.03
804254449,8,1,0.17
804256949,4,1,0.1
804256949,7,1,0.1
804256949,8,1,0.2
804275644,8,1,0.2
804281670,8,1,0.01
804284187,8,1,6.29
804285419,7,1,0.01
804285419,8,1,0.01
804291707,7,1,0.7
804291707,8,1,3.0
804292865,7,1,0.4
804292865,8,1,1.0
804295391,4,1,0.01
804295391,7,1,0.02
804295391,8,1,0.2
804305822,9,1,0.3
804339662,7,1,0.002
804339662,8,1,0.008
804342466,6,1,0.01
804342466,8,1,0.01
804369271,1,1,0.0
804369271,2,1,0.0
804369271,3,1,0.0
804369271,4,1,1.0
804369271,5,1,0.0
804369271,6,1,0.0
804369271,7,1,0.5
804369271,8,1,0.0
804369271,9,1,0.0
804369271,10,1,0.0
804375118,4,1,0.01
804375118,8,1,0.01
804375118,9,1,0.02
804465574,10,1,0.01
804466453,7,1,0.32
804479654,6,1,2.0
804479654,8,1,9.0
804499722,7,1,0.3
804499722,8,1,1.5
804502333,7,1,0.33
804502333,9,1,1.0
804521831,8,1,0.05
804525209,8,1,0.13
804534125,6,1,1.0
804534125,7,1,1.0
804534125,8,1,1.3
804540977,10,1,0.01
804547807,8,1,0.03
804552620,10,1,8.74
804570251,1,1,0.0
804570251,2,1,0.0
804570251,3,1,0.0
804570251,4,1,0.0
804570251,5,1,0.0
804570251,6,1,0.0
804570251,7,1,0.12
804570251,8,1,0.0
804570251,9,1,0.0
804570251,10,1,0.0
804572514,10,1,1.3
804579405,1,1,0.0
804579405,2,1,0.0
804579405,3,1,0.0
804579405,4,1,0.0
804579405,5,1,0.0
804579405,6,1,0.0
804579405,7,1,0.17
804579405,8,1,0.0
804579405,9,1,0.0
804579405,10,1,0.0
804584882,7,1,0.67
804585452,1,1,0.0
804585452,2,1,0.0
804585452,3,1,0.0
804585452,4,1,0.0
804585452,5,1,0.0
804585452,6,1,0.0
804585452,7,1,0.02
804585452,8,1,0.0
804585452,9,1,0.0
804585452,10,1,0.0
804586009,7,1,0.189
804586009,8,1,3.149
804587489,1,1,0.0
804587489,2,1,0.0
804587489,3,1,0.0
804587489,4,1,0.0
804587489,5,1,0.0
804587489,6,1,0.0
804587489,7,1,0.0009
804587489,8,1,0.0
804587489,9,1,0.0
804587489,10,1,0.0
804591712,4,1,0.5
804591712,7,1,0.3
804591712,8,1,0.2
804596217,1,1,0.0
804596217,2,1,0.0
804596217,3,1,0.0
804596217,4,1,0.0
804596217,5,1,0.0
804596217,6,1,0.0
804596217,7,1,0.0
804596217,8,1,0.0
804596217,9,1,0.0
804596217,10,1,0.01
804611039,8,1,0.2
804612011,8,1,0.04
804621149,1,1,0.0
804621149,2,1,0.0
804621149,3,1,0.0
804621149,4,1,0.0
804621149,5,1,0.0
804621149,6,1,0.0
804621149,7,1,1.29
804621149,8,1,0.0
804621149,9,1,0.0
804621149,10,1,0.0
804623739,6,1,0.1
804623739,7,1,0.11
804623739,8,1,0.1
804625044,8,1,1.8
804625691,7,1,0.2
804625691,8,1,0.8
804626300,8,1,0.41
804630420,7,1,0.03
804630420,9,1,0.27
804632935,1,1,0.0
804632935,2,1,0.0
804632935,3,1,0.5
804632935,4,1,0.5
804632935,5,1,0.0
804632935,6,1,0.0
804632935,7,1,2.5
804632935,8,1,2.5
804632935,9,1,0.0
804632935,10,1,0.0
804641737,1,1,0.0
804641737,2,1,0.0
804641737,3,1,0.0
804641737,4,1,0.0
804641737,5,1,0.0
804641737,6,1,0.0
804641737,7,1,0.5
804641737,8,1,0.5
804641737,9,1,8.0
804641737,10,1,0.0
804642457,6,1,0.3
804642457,7,1,0.3
804642457,8,1,0.8
804642922,8,1,0.1
804645131,4,1,0.5
804645131,7,1,1.0
804645131,8,1,2.0
804645903,8,1,0.5
804650862,7,1,0.19
804650862,8,1,2.9
804651209,7,1,0.1
804651209,8,1,0.3
804667710,1,1,0.0
804667710,2,1,2.9
804667710,3,1,0.0
804667710,4,1,0.0
804667710,5,1,0.0
804667710,6,1,0.0
804667710,7,1,0.1
804667710,8,1,0.0
804667710,9,1,0.0
804667710,10,1,0.0
804680944,8,1,0.02
804682079,3,1,0.01
804682079,8,1,0.01
804685289,1,1,0.0
804685289,2,1,0.0
804685289,3,1,0.0
804685289,4,1,0.0
804685289,5,1,0.0
804685289,6,1,0.0
804685289,7,1,0.04
804685289,8,1,0.0
804685289,9,1,0.0
804685289,10,1,0.0
804686828,4,1,5.0
804686828,7,1,1.0
804686828,8,1,0.5
804686828,10,1,0.5
804687242,8,1,0.02
804688772,7,1,0.005
804688772,8,1,0.005
804691561,8,1,1.1
804695094,7,1,0.6
804695094,8,1,1.2
804695379,8,1,0.05
804697692,4,1,4.11
804697692,7,1,2.0
804697692,8,1,10.0
804701968,1,1,0.0
804701968,2,1,0.0
804701968,3,1,0.0
804701968,4,1,0.0
804701968,5,1,0.0
804701968,6,1,0.0
804701968,7,1,0.2
804701968,8,1,0.0
804701968,9,1,0.0
804701968,10,1,0.0
804703935,4,1,0.5
804703935,7,1,4.0
804708766,1,1,0.0
804708766,2,1,0.0
804708766,3,1,0.0
804708766,4,1,0.0
804708766,5,1,0.0
804708766,6,1,3.0
804708766,7,1,0.3
804708766,8,1,0.2
804708766,9,1,0.0
804708766,10,1,0.0
804711158,10,1,0.1
804720055,8,1,0.01
804735726,8,1,0.12
804754244,9,1,20.0
804759745,8,1,0.7
804771396,1,1,3.994
804771396,4,1,11.289
804771396,5,1,5.068
804771396,6,1,29.897
804771396,7,1,31.339
804771396,8,1,408.6
804771396,9,1,6.733
804771396,10,1,10.1
804775944,8,1,0.7
804782297,6,1,0.2
804782297,7,1,0.4
804782297,8,1,0.4
804790304,8,1,2.0
804803230,7,1,0.4
804803230,8,1,3.5
804813940,4,1,0.1
804813940,7,1,0.7
804813940,8,1,0.2
804816828,8,1,0.01
804825782,3,1,0.1
804825782,8,1,0.9
804828290,7,1,0.2
804828290,8,1,0.4
804910346,7,1,0.01
804936975,1,1,0.0
804936975,2,1,0.0
804936975,3,1,0.0
804936975,4,1,0.0
804936975,5,1,0.0
804936975,6,1,0.0
804936975,7,1,0.015
804936975,8,1,0.0
804936975,9,1,0.0
804936975,10,1,0.0
804944906,7,1,0.02
804944906,8,1,0.68
804966550,6,1,0.4
804966550,8,1,0.3
804972839,4,1,0.03
804989525,7,1,0.01
804989525,8,1,0.03
804998204,6,1,0.005
804998204,7,1,0.005
805009699,1,1,0.0
805009699,2,1,0.0
805009699,3,1,0.0
805009699,4,1,0.32
805009699,5,1,0.0
805009699,6,1,0.0
805009699,7,1,0.0
805009699,8,1,0.0
805009699,9,1,0.0
805009699,10,1,0.0
805015559,6,1,64.23
805015559,7,1,674.39
805015559,8,1,545.94
805016542,7,1,1.0
805016542,8,1,1.0
805021261,1,1,0.0
805021261,2,1,0.0
805021261,3,1,0.0
805021261,4,1,0.0
805021261,5,1,0.0
805021261,6,1,0.0
805021261,7,1,1.0
805021261,8,1,0.67
805021261,9,1,0.0
805021261,10,1,0.0
805035451,4,1,0.97
805035451,6,1,0.5
805035451,7,1,0.5
805035451,8,1,2.0
805038667,8,1,0.03
805054637,3,1,3.0
805054637,7,1,10.0
805054637,8,1,26.45
805056342,1,1,0.0
805056342,2,1,0.0
805056342,3,1,0.0
805056342,4,1,0.0
805056342,5,1,0.0
805056342,6,1,0.0
805056342,7,1,0.0
805056342,8,1,3.0
805056342,9,1,0.0
805056342,10,1,0.0
805058360,6,1,0.0
805058562,8,1,0.11
805062507,4,1,1.0
805062507,7,1,0.5
805069060,4,1,0.5
805069060,7,1,2.9
805069060,8,1,19.728
805069060,10,1,2.0
805070009,7,1,0.5
805070009,8,1,2.5
805072537,1,1,0.0
805072537,2,1,0.0
805072537,3,1,0.0
805072537,4,1,3.0
805072537,5,1,0.0
805072537,6,1,0.0
805072537,7,1,2.0
805072537,8,1,2.0
805072537,9,1,0.0
805072537,10,1,1.0
805074533,8,1,1.03
805076037,1,1,0.262
805076037,2,1,0.0
805076037,3,1,0.0
805076037,4,1,0.0
805076037,5,1,0.0
805076037,6,1,0.0
805076037,7,1,0.022
805076037,8,1,0.0
805076037,9,1,0.0
805076037,10,1,0.0
805077541,7,1,5.7
805077541,8,1,4.0
805080012,7,1,0.05
805080012,8,1,0.05
805082023,8,1,0.5
805083389,6,1,0.3
805083389,7,1,0.7
805083389,8,1,1.5
805086692,7,1,0.5
805086692,8,1,1.5
805090213,1,1,0.726
805090213,2,1,3.281
805090213,7,1,1.723
805090213,8,1,76.913
805090213,9,1,0.218
805090213,10,1,2.305
805091496,3,1,17.67
805091496,4,1,259.08
805091496,5,1,113.27
805091496,6,1,3.33
805091496,10,1,235.17
805093074,10,1,0.02
805103804,7,1,0.2
805103804,8,1,1.8
805108778,1,1,0.0
805108778,2,1,0.0
805108778,3,1,0.0
805108778,4,1,0.005
805108778,5,1,0.0
805108778,6,1,0.0
805108778,7,1,0.0
805108778,8,1,0.005
805108778,9,1,0.0
805108778,10,1,0.0
805109556,1,1,56.3755
805109556,2,1,225.7416
805109556,3,1,0.0
805109556,4,1,124.7729
805109556,5,1,47.646
805109556,6,1,200.6401
805109556,7,1,348.7916
805109556,8,1,246.3453
805109556,9,1,108.101
805109556,10,1,408.773
805115179,6,1,0.1
805115179,8,1,0.2
805115179,10,1,0.1
805119003,1,1,1215.7388
805119003,2,1,221.5366
805119003,3,1,1568.5403
805119003,4,1,5342.9464
805119003,5,1,448.1455
805119003,6,1,1732.4516
805119003,7,1,1573.4474
805119003,8,1,343.095
805119003,9,1,109.701
805119003,10,1,1315.9392
805123868,6,1,18.64
805123868,7,1,26.31
805123868,8,1,30.15
805125046,6,1,0.06
805125046,7,1,0.05
805125046,8,1,0.07
805125194,7,1,0.3
805125194,8,1,0.4
805125353,5,1,0.6
805125353,7,1,0.4
805125353,8,1,4.0
805125353,9,1,15.0
805149434,1,1,806.7604
805149434,2,1,188.3101
805149434,3,1,226.5156
805149434,4,1,2384.1749
805149434,5,1,306.0243
805149434,6,1,1164.1777
805149434,7,1,892.3069
805149434,8,1,91.4
805149434,9,1,18.966
805149434,10,1,864.5522
805149963,3,1,1.58
805149963,4,1,100.53
805149963,6,1,5.28
805149963,7,1,38.33
805149963,8,1,27.63
805163030,7,1,4.0
805163030,9,1,12.0
805166681,1,1,0.0
805166681,2,1,0.0
805166681,3,1,0.0
805166681,4,1,3.0
805166681,5,1,0.0
805166681,6,1,0.0
805166681,7,1,0.0
805166681,8,1,0.0
805166681,9,1,0.0
805166681,10,1,5.5
805167054,1,1,0.0
805167054,2,1,0.0
805167054,3,1,0.0
805167054,4,1,0.0
805167054,5,1,0.3
805167054,6,1,0.0
805167054,7,1,0.1
805167054,8,1,0.0
805167054,9,1,0.0
805167054,10,1,0.0
805169633,4,1,0.3
805169633,7,1,1.0
805169633,8,1,0.7
805174724,8,1,0.15
805186881,8,1,0.2
805194208,5,1,0.08
805194208,7,1,0.08
805194208,8,1,0.08
805194677,1,1,51.915
805194677,2,1,6.498
805194677,3,1,0.0
805194677,4,1,11.505
805194677,5,1,8.267
805194677,6,1,4.2264
805194677,7,1,35.9729
805194677,8,1,72.7797
805194677,9,1,29.1559
805194677,10,1,3.9871
805198190,6,1,2.0
805198190,7,1,10.0
805198190,8,1,40.4783
805221387,1,1,351.724
805221387,2,1,62.8048
805221387,3,1,775.0001
805221387,4,1,586.836
805221387,5,1,302.534
805221387,6,1,400.437
805221387,7,1,485.3601
805221387,8,1,78.873
805221387,9,1,141.4409
805221387,10,1,367.3401
805233610,7,1,8.0
805242960,3,1,0.3
805252740,1,1,0.0
805252740,2,1,0.0
805252740,3,1,0.0
805252740,4,1,0.0
805252740,5,1,0.0
805252740,6,1,0.0
805252740,7,1,2.2
805252740,8,1,0.0
805252740,9,1,0.0
805252740,10,1,0.0
805273657,3,1,0.3
805273657,10,1,0.1
805276507,6,1,1.5
805276507,7,1,8.0
805276507,8,1,2.5
805288049,7,1,0.01
805297902,1,1,0.0
805297902,2,1,0.0
805297902,3,1,2.9
805297902,4,1,0.0
805297902,5,1,0.0
805297902,6,1,30.27
805297902,7,1,0.273
805297902,8,1,2.05
805297902,9,1,6.929
805297902,10,1,40.0
805297916,7,1,0.01
805298323,7,1,0.01
805317351,8,1,1.0
805351873,1,1,535.347
805351873,2,1,1506.59
805351873,3,1,93.353
805351873,4,1,653.67
805351873,5,1,95.681
805351873,6,1,99.052
805351873,7,1,451.21
805351873,8,1,59.236
805351873,9,1,328.043
805351873,10,1,35.12
805381105,6,1,0.3
805381105,7,1,0.8
805381105,8,1,7.3
805420685,1,1,0.0
805420685,2,1,0.0
805420685,3,1,0.0
805420685,4,1,0.0
805420685,5,1,0.0
805420685,6,1,0.0
805420685,7,1,0.0
805420685,8,1,10.0
805420685,9,1,0.0
805420685,10,1,10.0
805440666,4,1,0.4
805440666,8,1,0.2
805442700,1,1,0.1123
805442700,2,1,0.0
805442700,3,1,0.0
805442700,4,1,0.0
805442700,5,1,0.0
805442700,6,1,33.0267
805442700,7,1,0.0859
805442700,8,1,0.0
805442700,9,1,0.0
805442700,10,1,14.9816
805454348,7,1,3.0
805454482,7,1,0.621
805454482,8,1,18.979
805454482,9,1,21.216
805511358,2,1,6.15
805511358,3,1,137.64
805511358,4,1,824.94
805511358,6,1,130.61
805511358,7,1,420.59
805511358,8,1,0.7
805511358,9,1,322.06
805514501,7,1,0.49
805515464,7,1,0.02
805515464,8,1,1.0
805515464,10,1,0.5
805518052,1,1,0.0
805518052,2,1,0.0
805518052,3,1,0.0
805518052,4,1,0.0
805518052,5,1,0.0
805518052,6,1,0.0
805518052,7,1,0.55
805518052,8,1,10.0
805518052,9,1,0.0
805518052,10,1,0.0
805529984,4,1,0.1
805529984,7,1,0.2
805529984,8,1,0.7
805546695,1,1,0.0
805546695,2,1,0.0
805546695,3,1,0.0
805546695,4,1,0.0
805546695,5,1,0.0
805546695,6,1,0.0
805546695,7,1,20.0
805546695,8,1,0.0
805546695,9,1,0.0
805546695,10,1,21.8
805547544,1,1,0.5
805547544,6,1,1.5
805547544,10,1,0.5
805552524,8,1,0.81
805554813,7,1,0.0005
805554813,8,1,0.0003
805560693,1,1,0.0
805560693,2,1,0.0
805560693,3,1,0.0
805560693,4,1,0.0
805560693,5,1,0.0
805560693,6,1,0.0
805560693,7,1,0.8
805560693,8,1,0.0
805560693,9,1,0.0
805560693,10,1,0.0
805563002,6,1,0.4
805563002,7,1,1.0
805563002,8,1,2.4
805563072,1,1,0.0
805563072,2,1,0.0
805563072,3,1,0.1
805563072,4,1,0.5
805563072,5,1,0.0
805563072,6,1,0.0
805563072,7,1,0.39
805563072,8,1,0.01
805563072,9,1,0.0
805563072,10,1,0.0
805568720,1,1,0.0
805568720,2,1,0.0
805568720,3,1,0.0
805568720,4,1,0.0
805568720,5,1,0.0
805568720,6,1,0.0
805568720,7,1,0.0
805568720,8,1,24.0
805568720,9,1,0.0
805568720,10,1,0.0
805606271,6,1,0.2
805606271,7,1,0.4
805606271,8,1,0.4
805609459,3,1,10.62
805609459,4,1,5.88
805609459,6,1,11.95
805609459,7,1,1.52
805609459,9,1,17.43
805609459,10,1,0.51
805611490,7,1,0.2
805615924,1,1,28.59
805615924,2,1,9.53
805615924,4,1,4.89
805615924,6,1,25.24
805615924,7,1,3.88
805615924,8,1,0.26
805615924,10,1,52.38
805617960,1,1,0.0
805617960,2,1,0.0
805617960,3,1,0.0
805617960,4,1,1.5
805617960,5,1,0.0
805617960,6,1,0.0
805617960,7,1,0.0
805617960,8,1,0.5
805617960,9,1,0.0
805617960,10,1,0.0
805621596,8,1,0.5
805622546,8,1,0.05
805632265,4,1,1.0
805632265,7,1,0.3
805632265,8,1,0.2
805637173,3,1,0.45
805637173,4,1,4.15
805637173,6,1,18.32
805637173,7,1,14.47
805637173,8,1,116.1
805639068,6,1,0.6
805639068,7,1,0.5
805639068,8,1,0.4
805640370,8,1,0.01
805645273,3,1,0.78
805645273,4,1,24.69
805645273,6,1,0.89
805645273,7,1,12.6
805645273,8,1,3.863
805645273,9,1,2.8
805646008,6,1,5.78
805646008,7,1,2.0
805646008,8,1,12.0
805646504,7,1,0.6
805663781,6,1,0.29
805663781,8,1,0.46
805673913,2,1,4.4
805673913,7,1,0.51
805673913,8,1,0.4
805676685,4,1,1.932
805676685,7,1,2.938
805676685,8,1,0.054
805676685,9,1,61.929
805677362,6,1,0.05
805677362,8,1,1.45
805680580,6,1,2.95
805680580,8,1,3.33
805687550,1,1,0.0
805687550,2,1,0.0
805687550,3,1,0.0
805687550,4,1,0.0
805687550,5,1,0.0
805687550,6,1,0.0
805687550,7,1,0.11
805687550,8,1,0.0
805687550,9,1,0.0
805687550,10,1,0.0
805689131,8,1,0.5
805689341,6,1,0.005
805689341,7,1,0.005
805700795,4,1,0.2
805700795,7,1,1.0
805700795,8,1,1.8
805702140,1,1,0.0
805702140,2,1,0.38
805702140,3,1,0.0
805702140,4,1,0.0
805702140,5,1,0.0
805702140,6,1,0.0
805702140,7,1,0.0
805702140,8,1,0.0
805702140,9,1,0.0
805702140,10,1,0.0
805736997,4,1,0.15
805736997,6,1,0.2
805736997,7,1,1.15
805736997,8,1,0.15
805758435,8,1,0.02
805758435,10,1,0.01
805763175,6,1,0.01
805827307,7,1,0.08
805827307,8,1,0.02
805846277,7,1,0.008
805846277,8,1,0.002
805875161,1,1,4.0
805875161,2,1,0.0
805875161,3,1,0.0
805875161,4,1,0.0
805875161,5,1,0.0
805875161,6,1,0.0
805875161,7,1,3.52
805875161,8,1,1.0
805875161,9,1,0.0
805875161,10,1,0.0
805879379,1,1,102.94
805879379,2,1,3.2
805879379,4,1,114.15
805879379,6,1,6.5
805879379,8,1,156.18
805879379,10,1,80.75
805974756,6,1,0.3
805974756,7,1,0.8
805974756,8,1,42.7
806029623,2,1,1.46
806029623,3,1,6.65
806029623,4,1,128.84
806029623,6,1,2.68
806029623,7,1,37.75
806029623,8,1,20.19
806029623,9,1,317.85
806029792,4,1,0.01
806029792,7,1,0.03
806029792,8,1,0.01
806033014,7,1,0.07
806033014,8,1,0.08
806046963,7,1,2.0
806046963,8,1,1.15
806046963,10,1,6.0
806069798,1,1,0.0
806069798,2,1,0.0
806069798,3,1,0.0
806069798,4,1,0.0
806069798,5,1,0.0
806069798,6,1,0.0
806069798,7,1,0.004
806069798,8,1,0.0
806069798,9,1,0.0
806069798,10,1,0.0
806070561,8,1,0.9
806074694,1,1,0.0
806074694,2,1,0.0
806074694,3,1,0.0
806074694,4,1,0.0
806074694,5,1,0.0
806074694,6,1,0.0
806074694,7,1,0.05
806074694,8,1,0.05
806074694,9,1,0.0
806074694,10,1,0.0
806089860,4,1,0.92
806089981,7,1,0.2
806099401,1,1,0.0
806099401,2,1,0.0
806099401,3,1,0.0
806099401,4,1,0.0
806099401,5,1,0.0
806099401,6,1,0.0
806099401,7,1,0.15
806099401,8,1,0.0
806099401,9,1,0.0
806099401,10,1,0.0
806106841,1,1,0.0
806106841,2,1,0.0
806106841,3,1,0.0
806106841,4,1,0.0
806106841,5,1,0.0
806106841,6,1,0.0
806106841,7,1,0.46
806106841,8,1,0.0
806106841,9,1,0.0
806106841,10,1,0.0
806110940,7,1,0.01
806110940,8,1,0.01
806110940,10,1,0.0
806121633,8,1,0.02
806124222,4,1,119.28
806124222,6,1,71.12
806124222,7,1,32.56
806124222,8,1,3.02
806124222,9,1,170.13
806131313,8,1,0.07
806144286,8,1,0.07
806154953,8,1,0.05
806159944,1,1,0.0
806159944,2,1,0.0
806159944,3,1,0.0
806159944,4,1,0.0
806159944,5,1,0.0
806159944,6,1,0.0
806159944,7,1,1.39
806159944,8,1,0.0
806159944,9,1,0.0
806159944,10,1,0.0
806160088,1,1,0.5
806160088,2,1,0.0
806160088,3,1,0.0
806160088,4,1,0.0
806160088,5,1,0.0
806160088,6,1,0.0
806160088,7,1,8.5
806160088,8,1,0.0
806160088,9,1,0.0
806160088,10,1,0.0
806166649,6,1,0.05
806166649,7,1,0.05
806166649,8,1,3.2
806167645,4,1,0.4
806167645,8,1,0.9
806167856,7,1,0.01
806167856,8,1,0.01
806182297,8,1,0.03
806182625,1,1,0.0
806182625,2,1,39.2
806182625,3,1,276.28
806182625,4,1,95.84
806182625,5,1,0.0
806182625,6,1,81.15
806182625,7,1,192.98
806182625,8,1,4.8
806182625,9,1,120.69
806182625,10,1,15.7
806187061,6,1,0.01
806187061,7,1,0.01
806187061,8,1,0.01
806197332,4,1,0.4
806197332,8,1,0.05
806199790,6,1,0.139
806199790,7,1,0.02
806199790,8,1,0.02
806203018,7,1,2.5
806203018,8,1,2.5
806207143,8,1,0.01
806213686,1,1,0.1335
806213686,2,1,0.0
806213686,3,1,0.0
806213686,4,1,0.0
806213686,5,1,0.0
806213686,6,1,0.2405
806213686,7,1,4.2459
806213686,8,1,0.0
806213686,9,1,0.0
806213686,10,1,0.0005
806213714,7,1,0.01
806220343,1,1,158.517
806220343,3,1,73.389
806220343,4,1,89.786
806220343,5,1,49.226
806220343,6,1,2.617
806220343,7,1,0.287
806220343,9,1,37.395
806221897,6,1,0.28
806236477,8,1,0.005
806236477,9,1,0.005
806248054,6,1,2.0
806248054,7,1,1.0
806248054,8,1,12.0
806264748,8,1,1.0
806289034,1,1,0.0
806289034,2,1,0.0
806289034,3,1,0.0
806289034,4,1,0.0
806289034,5,1,0.0
806289034,6,1,0.0
806289034,7,1,0.5
806289034,8,1,0.5
806289034,9,1,0.0
806289034,10,1,0.0
806297949,7,1,0.5
806297949,8,1,0.5
806297949,10,1,0.5
806308270,4,1,0.6
806308270,7,1,0.205
806308270,8,1,0.2
806308270,10,1,0.7
806315894,1,1,103.441
806315894,2,1,9.06
806315894,3,1,0.0
806315894,4,1,117.84
806315894,5,1,63.22
806315894,6,1,5.714
806315894,7,1,23.828
806315894,8,1,57.971
806315894,9,1,2.126
806315894,10,1,16.428
806415772,1,1,0.0
806415772,2,1,0.0
806415772,3,1,0.0
806415772,4,1,21.57
806415772,5,1,0.0
806415772,6,1,5.72
806415772,7,1,9.02
806415772,8,1,67.43
806415772,9,1,14.55
806415772,10,1,0.0
806442274,1,1,0.0
806442274,2,1,0.0
806442274,3,1,0.0
806442274,4,1,0.0
806442274,5,1,0.0
806442274,6,1,0.0
806442274,7,1,0.0
806442274,8,1,0.0
806442274,9,1,0.4
806442274,10,1,0.0
806575814,3,1,0.05
806575814,10,1,0.05
806584836,8,1,2.5
806608217,6,1,0.08
806608217,10,1,0.12
806629194,5,1,0.8
806629194,7,1,1.0
806629194,8,1,0.03
806641772,7,1,0.2
806641772,8,1,0.7
806649052,1,1,0.0
806649052,2,1,0.0
806649052,3,1,0.0
806649052,4,1,0.0
806649052,5,1,0.0
806649052,6,1,0.0
806649052,7,1,0.24
806649052,8,1,0.0
806649052,9,1,0.0
806649052,10,1,0.0
806664314,8,1,0.2
806669068,9,1,0.5
806679144,7,1,0.03
806679144,8,1,0.07
806679794,1,1,0.0
806679794,2,1,0.0
806679794,3,1,0.1
806679794,4,1,0.0
806679794,5,1,0.0
806679794,6,1,0.0
806679794,7,1,0.07
806679794,8,1,0.0
806679794,9,1,0.0
806679794,10,1,0.0
806689963,6,1,0.5
806689963,7,1,0.3
806689963,8,1,0.6
806690717,4,1,1.0
806690717,7,1,1.0
806695264,6,1,0.0063
806695264,7,1,0.015
806695264,8,1,0.012
806700562,4,1,0.05
806700562,7,1,0.05
806708480,2,1,55.64
806708480,3,1,117.49
806708480,4,1,2.86
806708480,6,1,68.75
806708480,7,1,17.32
806708480,8,1,15.67
806708480,9,1,201.02
806709031,7,1,0.025
806709031,8,1,0.025
806712635,8,1,0.5
806712878,7,1,0.75
806712878,8,1,0.75
806714920,1,1,3.48
806714920,4,1,44.51
806714920,6,1,5.1
806714920,8,1,17.31
806714920,10,1,10.75
806718663,1,1,24.4264
806718663,2,1,0.0
806718663,3,1,0.0
806718663,4,1,106.27
806718663,5,1,0.0
806718663,6,1,15.8833
806718663,7,1,8.5373
806718663,8,1,0.0
806718663,9,1,91.14
806718663,10,1,6.067
806719808,7,1,0.5
806719808,8,1,1.0
806719808,10,1,0.5
806726638,4,1,0.7
806726638,6,1,0.5
806726638,7,1,15.0
806726638,8,1,28.965
806726638,9,1,1.0
806728498,7,1,0.2
806728498,8,1,0.3
806728723,6,1,0.3
806728723,7,1,0.2
806728723,8,1,1.3
806739282,1,1,0.72
806739282,2,1,0.0
806739282,3,1,0.0
806739282,4,1,0.0
806739282,5,1,0.0
806739282,6,1,0.0
806739282,7,1,0.0
806739282,8,1,0.0
806739282,9,1,0.0
806739282,10,1,0.0
806749875,8,1,0.04
806766001,1,1,0.0
806766001,2,1,0.0
806766001,3,1,0.0
806766001,4,1,0.0
806766001,5,1,0.0
806766001,6,1,0.0
806766001,7,1,2.2
806766001,8,1,0.0
806766001,9,1,0.0
806766001,10,1,0.0
806778057,1,1,0.0
806778057,2,1,0.0
806778057,3,1,0.0
806778057,4,1,7.7
806778057,5,1,0.0
806778057,6,1,0.0
806778057,7,1,15.0
806778057,8,1,20.0
806778057,9,1,0.0
806778057,10,1,0.0
806816553,6,1,0.5
806816553,7,1,0.03
806876279,9,1,0.6
806899071,1,1,0.0
806899071,2,1,0.12
806899071,3,1,0.0
806899071,4,1,0.0
806899071,5,1,0.0
806899071,6,1,0.0
806899071,7,1,0.0
806899071,8,1,0.0
806899071,9,1,0.0
806899071,10,1,0.0
806901624,1,1,0.0
806901624,2,1,0.0
806901624,3,1,0.0
806901624,4,1,0.0
806901624,5,1,0.0
806901624,6,1,0.05
806901624,7,1,0.2
806901624,8,1,1.0
806901624,9,1,0.0
806901624,10,1,0.0
806906191,6,1,0.2
806906191,7,1,0.8
806926968,1,1,0.0
806926968,2,1,0.0
806926968,3,1,0.0
806926968,4,1,0.0
806926968,5,1,0.0
806926968,6,1,0.0
806926968,7,1,0.06
806926968,8,1,0.0
806926968,9,1,0.0
806926968,10,1,0.0
807096531,7,1,0.0
807126169,8,1,0.1
807138093,1,1,0.0
807138093,2,1,0.0
807138093,3,1,0.0
807138093,4,1,0.0
807138093,5,1,0.0
807138093,6,1,0.0
807138093,7,1,0.01
807138093,8,1,0.0
807138093,9,1,0.0
807138093,10,1,0.0
807151328,1,1,0.0
807151328,2,1,0.0
807151328,3,1,0.0
807151328,4,1,0.0
807151328,5,1,0.0
807151328,6,1,0.0
807151328,7,1,0.04
807151328,8,1,0.0
807151328,9,1,0.0
807151328,10,1,0.0
807159707,1,1,0.0
807159707,2,1,0.0
807159707,3,1,0.0
807159707,4,1,0.0
807159707,5,1,0.0
807159707,6,1,0.0
807159707,7,1,0.27
807159707,8,1,0.0
807159707,9,1,0.0
807159707,10,1,0.0
807172229,1,1,0.0
807172229,2,1,0.0
807172229,3,1,0.0
807172229,4,1,0.0
807172229,5,1,0.0
807172229,6,1,0.0
807172229,7,1,0.01
807172229,8,1,0.0
807172229,9,1,0.0
807172229,10,1,0.0
807191020,8,1,0.07
807213698,7,1,0.06
807213698,8,1,0.02
807216595,1,1,0.0
807216595,2,1,0.0
807216595,3,1,0.0
807216595,4,1,0.0
807216595,5,1,0.0
807216595,6,1,0.0
807216595,7,1,0.1
807216595,8,1,0.0
807216595,9,1,0.0
807216595,10,1,0.0
807220749,1,1,0.0
807220749,2,1,0.0
807220749,3,1,0.0
807220749,4,1,0.0
807220749,5,1,0.0
807220749,6,1,0.3
807220749,7,1,0.0
807220749,8,1,0.7
807220749,9,1,0.0
807220749,10,1,0.0
807231334,1,1,0.0
807231334,2,1,0.0
807231334,3,1,0.0
807231334,4,1,0.0
807231334,5,1,0.0
807231334,6,1,0.0
807231334,7,1,8.41
807231334,8,1,0.0
807231334,9,1,0.0
807231334,10,1,0.0
807236810,1,1,0.0
807236810,2,1,0.0
807236810,3,1,0.0
807236810,4,1,0.0
807236810,5,1,0.0
807236810,6,1,0.0
807236810,7,1,1.5
807236810,8,1,0.0
807236810,9,1,0.0
807236810,10,1,0.0
807237735,1,1,0.0
807237735,2,1,0.0
807237735,3,1,0.0
807237735,4,1,0.0
807237735,5,1,0.0
807237735,6,1,0.0
807237735,7,1,2.0
807237735,8,1,0.0
807237735,9,1,0.0
807237735,10,1,0.0
807238273,1,1,0.0
807238273,2,1,0.0
807238273,3,1,0.0
807238273,4,1,0.0
807238273,5,1,0.0
807238273,6,1,0.0
807238273,7,1,69.48
807238273,8,1,4.23
807238273,9,1,0.0
807238273,10,1,0.0
807238348,8,1,0.11
807249563,6,1,1.0
807249563,8,1,1.5
807254427,7,1,2.0
807254427,8,1,1.5
807255018,9,1,0.09
807269677,6,1,0.2
807269677,7,1,0.4
807269677,8,1,2.0
807275736,1,1,1.15
807275736,2,1,0.0
807275736,3,1,30.392
807275736,4,1,4.167
807275736,5,1,39.545
807275736,6,1,9.111
807275736,7,1,11.45
807275736,8,1,0.0
807275736,9,1,17.892
807275736,10,1,0.0
807300909,7,1,1.0
807300909,10,1,0.28
807302718,6,1,0.2
807302718,7,1,1.3
807305801,7,1,0.4
807305801,8,1,0.1
807306178,9,1,3.08
807309056,1,1,0.2
807319339,9,1,0.3
807328075,1,1,0.0
807328075,2,1,0.3
807328075,3,1,0.0
807328075,4,1,0.0
807328075,5,1,0.0
807328075,6,1,0.0
807328075,7,1,0.0
807328075,8,1,0.0
807328075,9,1,0.0
807328075,10,1,0.0
807385002,1,1,0.0
807385002,2,1,0.0
807385002,3,1,0.0
807385002,4,1,0.0229
807385002,5,1,0.0
807385002,6,1,0.1933
807385002,7,1,0.6461
807385002,8,1,0.0
807385002,9,1,0.0
807385002,10,1,0.1977
807388571,8,1,0.22
807463602,8,1,0.5
807515333,10,1,4.0
807613561,4,1,0.015
807613561,8,1,0.015
807659305,3,1,0.4
807659305,4,1,0.8
807659305,6,1,0.4
807659305,7,1,1.4
807659305,8,1,0.8
807675945,7,1,0.46
807681742,6,1,0.1
807681742,7,1,0.1
807681742,8,1,0.3
807708125,8,1,0.01
807713830,1,1,0.0
807713830,2,1,0.0
807713830,3,1,0.0
807713830,4,1,0.0
807713830,5,1,0.0
807713830,6,1,0.0
807713830,7,1,2.8
807713830,8,1,0.0
807713830,9,1,0.0
807713830,10,1,0.0
807730663,6,1,5.0
807730663,7,1,3.0
807730663,8,1,5.0
807734755,1,1,0.0
807734755,2,1,0.0
807734755,3,1,0.0
807734755,4,1,0.0
807734755,5,1,0.0
807734755,6,1,0.0
807734755,7,1,0.14
807734755,8,1,0.0
807734755,9,1,0.0
807734755,10,1,0.0
807752362,1,1,0.0
807752362,2,1,0.14
807752362,3,1,0.0
807752362,4,1,0.0
807752362,5,1,0.0
807752362,6,1,0.0
807752362,7,1,0.0
807752362,8,1,0.0
807752362,9,1,0.0
807752362,10,1,0.0
807756935,4,1,0.4
807756935,8,1,1.0
807759612,1,1,0.0
807759612,2,1,0.0
807759612,3,1,0.0
807759612,4,1,0.0
807759612,5,1,0.0
807759612,6,1,0.0
807759612,7,1,0.2
807759612,8,1,0.0
807759612,9,1,0.0
807759612,10,1,0.0
807776926,9,1,33.0
807777376,1,1,0.0
807777376,2,1,0.0
807777376,3,1,0.0
807777376,4,1,0.0
807777376,5,1,0.0
807777376,6,1,0.0
807777376,7,1,0.03
807777376,8,1,0.0
807777376,9,1,0.0
807777376,10,1,0.0
807785332,8,1,1.4
807815750,7,1,0.0049
807815750,8,1,0.07
807845384,1,1,0.0
807845384,2,1,0.45
807845384,3,1,0.0
807845384,4,1,0.0
807845384,5,1,0.0
807845384,6,1,0.0
807845384,7,1,0.0
807845384,8,1,0.0
807845384,9,1,0.0
807845384,10,1,0.0
807848235,8,1,0.3
807850502,7,1,0.005
807850502,8,1,0.005
807863625,7,1,0.04
807900063,7,1,0.16
807900063,8,1,1.2
807909398,6,1,0.2
807909398,7,1,0.2
807930475,1,1,0.0
807930475,2,1,0.11
807930475,3,1,0.0
807930475,4,1,0.0
807930475,5,1,0.0
807930475,6,1,0.0
807930475,7,1,0.0
807930475,8,1,0.0
807930475,9,1,0.0
807930475,10,1,0.0
807949664,6,1,0.2
807949664,7,1,0.8
807970071,4,1,1.0
807970071,6,1,3.0
807970071,7,1,2.0
807970071,8,1,2.0
807970071,9,1,4.0
807970071,10,1,22.0
807980083,7,1,0.01
808040480,8,1,2.96
808136642,8,1,0.06
808136642,9,1,0.2
808140268,8,1,0.2
808140268,10,1,0.05
808168506,4,1,0.02
808178091,1,1,0.5
808178091,7,1,0.2
808188013,8,1,1.0
808192715,4,1,0.5
808192715,7,1,0.25
808192715,8,1,0.25
808202955,3,1,1.0
808202955,7,1,0.5
808202955,8,1,1.2
808209474,8,1,1.5
808225229,8,1,0.26
808227651,8,1,19.3
808230712,7,1,0.005
808230712,8,1,0.005
808235941,7,1,0.1
808235941,8,1,0.7
808242992,8,1,0.15
808242992,9,1,0.01
808243757,8,1,0.003
808247563,7,1,0.01
808248657,7,1,0.5
808248657,8,1,1.5
808262905,1,1,6.03
808262905,2,1,0.0
808262905,3,1,10.0
808262905,4,1,6.0
808262905,5,1,0.0
808262905,6,1,0.9
808262905,7,1,1.24
808262905,8,1,0.67
808262905,9,1,0.0
808262905,10,1,0.5
808264810,6,1,1.2
808271049,8,1,0.2
808299710,7,1,0.7
808299710,8,1,1.3
808319699,1,1,0.9
808319699,2,1,0.0
808319699,3,1,0.0
808319699,4,1,0.0
808319699,5,1,0.0
808319699,6,1,0.0
808319699,7,1,0.3
808319699,8,1,0.1
808319699,9,1,0.0
808319699,10,1,0.0
808319961,7,1,0.054
808319961,8,1,0.006
808330520,8,1,0.03
808375208,1,1,0.0
808375208,2,1,1.0644
808375208,3,1,0.0
808375208,4,1,0.0
808375208,5,1,0.0
808375208,6,1,2.2859
808375208,7,1,7.9756
808375208,8,1,0.0
808375208,9,1,0.0
808375208,10,1,0.2662
808388265,1,1,0.0
808388265,2,1,0.0
808388265,3,1,0.0
808388265,4,1,3.19
808388265,5,1,0.0
808388265,6,1,0.0
808388265,7,1,1.5
808388265,8,1,1.5
808388265,9,1,0.0
808388265,10,1,8.0
808393833,5,1,0.05
808393833,6,1,0.15
808393833,7,1,0.4
808393833,8,1,4.0
808395719,1,1,0.0
808395719,2,1,0.0
808395719,3,1,0.0
808395719,4,1,0.0
808395719,5,1,0.0
808395719,6,1,0.0
808395719,7,1,0.01
808395719,8,1,0.0
808395719,9,1,0.0
808395719,10,1,0.0
808415116,10,1,0.5
808622039,7,1,0.3
808622039,8,1,0.2
808670492,7,1,0.04
808670492,8,1,0.1
808697341,7,1,1.1
808697341,8,1,5.5
808697341,10,1,2.0
808701678,8,1,0.07
808705993,4,1,0.5
808707334,7,1,0.5
808707334,10,1,2.7
808709550,6,1,1.0
808709550,8,1,0.8
808713915,4,1,0.1
808713915,5,1,0.4
808713915,7,1,1.0
808713915,8,1,1.5
808729582,4,1,0.6
808729582,7,1,0.2
808733729,5,1,0.06
808733729,7,1,0.5
808733729,8,1,2.0
808742485,4,1,0.1
808742485,8,1,0.2
808748358,4,1,0.13
808748358,8,1,0.7
808767169,7,1,0.05
808767169,8,1,0.05
808784825,8,1,2.5
808792372,7,1,0.76
808792372,8,1,1.0
808796830,4,1,0.3
808796830,7,1,0.1
808796830,8,1,0.2
808799645,6,1,0.3
808799645,7,1,0.6
808799645,8,1,0.1
808801805,8,1,2.17
808803669,7,1,0.025
808803669,8,1,0.015
808843752,6,1,0.3
808843752,7,1,0.5
808843752,8,1,0.2
808848060,4,1,0.3
808848060,8,1,0.2
808865009,7,1,0.2
808865009,8,1,0.8
808874429,7,1,0.1
808874429,8,1,0.4
808881037,7,1,0.2
808882082,8,1,0.05
808887252,8,1,0.4
808921113,6,1,0.02
808921113,7,1,0.01
809004508,4,1,2.5
809004508,6,1,2.5
809054773,1,1,0.0
809054773,2,1,0.0
809054773,3,1,0.0
809054773,4,1,17.58
809054773,5,1,0.0
809054773,6,1,0.0
809054773,7,1,0.0
809054773,8,1,0.0
809054773,9,1,0.0
809054773,10,1,0.0
809081854,1,1,0.0
809081854,2,1,0.0
809081854,3,1,0.26
809081854,4,1,0.0
809081854,5,1,0.0
809081854,6,1,0.0
809081854,7,1,0.0
809081854,8,1,0.0
809081854,9,1,0.0
809081854,10,1,0.0
809095313,1,1,0.0
809095313,2,1,0.0
809095313,3,1,0.0
809095313,4,1,0.0
809095313,5,1,0.0
809095313,6,1,0.0
809095313,7,1,0.01
809095313,8,1,0.0
809095313,9,1,0.0
809095313,10,1,0.0
809101898,1,1,0.0
809101898,2,1,0.0
809101898,3,1,0.0
809101898,4,1,0.0
809101898,5,1,0.0
809101898,6,1,0.0
809101898,7,1,0.29
809101898,8,1,0.0
809101898,9,1,0.0
809101898,10,1,0.0
809105300,8,1,0.1
809121157,1,1,0.0
809121157,2,1,0.0
809121157,3,1,0.0
809121157,4,1,0.0
809121157,5,1,0.0
809121157,6,1,0.0
809121157,7,1,0.09
809121157,8,1,0.0
809121157,9,1,0.0
809121157,10,1,0.0
809121759,1,1,0.0
809121759,2,1,0.0
809121759,3,1,0.0
809121759,4,1,0.0
809121759,5,1,0.0
809121759,6,1,0.0
809121759,7,1,0.01
809121759,8,1,0.0
809121759,9,1,0.0
809121759,10,1,0.0
809146563,6,1,0.13
809146563,7,1,0.13
809146563,8,1,0.13
809146563,10,1,0.13
809148260,1,1,0.0
809148260,2,1,0.0
809148260,3,1,0.0
809148260,4,1,0.0
809148260,5,1,0.0
809148260,6,1,0.0
809148260,7,1,0.5
809148260,8,1,0.0
809148260,9,1,0.0
809148260,10,1,0.0
809160368,2,1,0.1
809160368,7,1,0.3
809160368,8,1,0.9
809163840,6,1,0.2
809163840,7,1,0.05
809163840,8,1,0.2
809174933,1,1,0.0
809174933,2,1,0.0
809174933,3,1,0.0
809174933,4,1,0.0
809174933,5,1,0.0
809174933,6,1,0.0
809174933,7,1,3.4
809174933,8,1,0.0
809174933,9,1,0.0
809174933,10,1,0.0
809183215,1,1,0.0
809183215,2,1,0.0
809183215,3,1,0.0
809183215,4,1,0.0
809183215,5,1,0.0
809183215,6,1,0.0
809183215,7,1,0.015
809183215,8,1,0.015
809183215,9,1,0.0
809183215,10,1,0.0
809184923,1,1,0.0
809184923,2,1,0.0
809184923,3,1,0.0
809184923,4,1,0.0
809184923,5,1,0.0
809184923,6,1,0.0
809184923,7,1,0.48
809184923,8,1,0.0
809184923,9,1,0.0
809184923,10,1,0.0
809200197,6,1,0.02
809203579,4,1,2.0
809203579,7,1,3.0
809205060,4,1,0.03
809205060,6,1,1.27
809205060,9,1,56.01
809206105,7,1,0.5
809206105,8,1,0.5
809207976,4,1,0.435
809207976,7,1,0.29
809207976,8,1,0.725
809208694,1,1,0.0
809208694,2,1,0.0
809208694,3,1,0.0
809208694,4,1,0.45
809208694,5,1,0.0
809208694,6,1,0.18
809208694,7,1,0.4
809208694,8,1,0.52
809208694,9,1,0.0
809208694,10,1,0.0
809214200,1,1,0.2
809214200,4,1,0.3
809214200,7,1,0.5
809214200,8,1,0.5
809221962,7,1,0.4
809221962,8,1,0.4
809222297,7,1,0.5
809222297,8,1,0.6
809224194,4,1,0.1
809224194,7,1,0.4
809246424,1,1,0.0
809246424,2,1,0.0
809246424,3,1,0.0
809246424,4,1,0.0
809246424,5,1,0.0
809246424,6,1,0.0
809246424,7,1,0.01
809246424,8,1,0.01
809246424,9,1,0.0
809246424,10,1,0.0
809248753,6,1,0.01
809248753,8,1,0.09
809257779,1,1,0.2
809257779,8,1,0.05
809258171,8,1,0.001
809287186,7,1,0.2
809287186,8,1,2.0
809287817,8,1,4.6
809299429,4,1,0.1
809299429,7,1,0.2
809299429,8,1,0.5
809375010,9,1,1.0
809437887,7,1,0.005
809437887,8,1,0.005
809463638,6,1,2.0
809463638,7,1,3.0
809463638,8,1,1.0
809467309,7,1,0.02
809467309,8,1,0.05
809475658,1,1,0.0
809475658,2,1,0.0
809475658,3,1,0.0
809475658,4,1,0.0
809475658,5,1,0.0
809475658,6,1,0.0
809475658,7,1,0.94
809475658,8,1,0.0
809475658,9,1,0.0
809475658,10,1,0.0
809476180,4,1,0.3
809476180,7,1,0.3
809521152,8,1,0.05
809527433,7,1,0.1
809527433,8,1,0.1
809527651,7,1,0.1
809533737,1,1,0.0
809533737,2,1,0.0
809533737,3,1,0.0
809533737,4,1,0.0
809533737,5,1,0.0
809533737,6,1,0.0
809533737,7,1,2.0
809533737,8,1,4.0
809533737,9,1,0.0
809533737,10,1,0.0
809535917,1,1,0.0
809535917,2,1,0.0
809535917,3,1,0.0
809535917,4,1,1.2
809535917,5,1,0.0
809535917,6,1,0.0
809535917,7,1,1.0
809535917,8,1,0.0
809535917,9,1,0.0
809535917,10,1,0.0
809541113,7,1,43.79
809541113,8,1,109.46
809541956,1,1,0.0
809541956,2,1,0.0
809541956,3,1,0.8
809541956,4,1,0.0
809541956,5,1,0.0
809541956,6,1,0.0
809541956,7,1,0.0
809541956,8,1,0.0
809541956,9,1,0.0
809541956,10,1,0.0
809542153,1,1,0.5
809542153,4,1,1.7
809542153,8,1,7.5
809545574,1,1,0.0
809545574,2,1,0.0
809545574,3,1,0.057
809545574,4,1,0.0
809545574,5,1,0.0
809545574,6,1,0.0162
809545574,7,1,3.8457
809545574,8,1,0.0
809545574,9,1,0.0
809545574,10,1,0.0811
809576061,4,1,1.0
809576061,7,1,0.5
809576061,8,1,0.5
809576987,7,1,0.03
809578481,6,1,0.05
809578481,8,1,0.75
809582869,8,1,0.03
809592645,7,1,0.1
809592645,8,1,0.4
809593633,1,1,0.0
809593633,2,1,0.0
809593633,3,1,0.0
809593633,4,1,0.0
809593633,5,1,0.0
809593633,6,1,0.0
809593633,7,1,0.03
809593633,8,1,0.0
809593633,9,1,0.0
809593633,10,1,0.0
809603734,6,1,0.5
809603734,7,1,3.5
809603734,8,1,2.0
809603914,7,1,0.1
809603914,8,1,0.2
809623978,8,1,1.0
809628039,8,1,0.5
809640664,8,1,0.01
809643188,8,1,0.3
809644479,1,1,0.0
809644479,2,1,0.0
809644479,3,1,0.0
809644479,4,1,0.0
809644479,5,1,0.0
809644479,6,1,0.0
809644479,7,1,1.0
809644479,8,1,0.0
809644479,9,1,0.0
809644479,10,1,0.0
809648008,8,1,0.01
809651846,1,1,0.0
809651846,2,1,0.0
809651846,3,1,0.0
809651846,4,1,0.0
809651846,5,1,0.0
809651846,6,1,5.0
809651846,7,1,1.0
809651846,8,1,0.0
809651846,9,1,0.0
809651846,10,1,31.0
809655406,7,1,0.1
809655406,8,1,0.12
809680862,8,1,0.015
809682645,8,1,1.2
809687512,1,1,0.0
809687512,2,1,0.0
809687512,3,1,0.0
809687512,4,1,0.0
809687512,5,1,0.0
809687512,6,1,0.0
809687512,7,1,0.0
809687512,8,1,0.0
809687512,9,1,0.0
809687512,10,1,0.01
809691939,7,1,0.01
809691939,8,1,0.005
809691939,10,1,0.005
809707856,1,1,0.0
809707856,2,1,0.0
809707856,3,1,0.0
809707856,4,1,0.8
809707856,5,1,0.0
809707856,6,1,0.0
809707856,7,1,0.0
809707856,8,1,0.0
809707856,9,1,0.0
809707856,10,1,1.2
809726542,6,1,0.1
809726542,7,1,0.05
809727314,7,1,0.05
809727314,8,1,0.05
809728005,4,1,0.8
809728005,7,1,0.2
809732146,1,1,0.0
809732146,2,1,0.0
809732146,3,1,0.0
809732146,4,1,0.0
809732146,5,1,0.0
809732146,6,1,0.0
809732146,7,1,0.08
809732146,8,1,0.0
809732146,9,1,0.0
809732146,10,1,0.0
809771160,1,1,31.78
809771160,3,1,14.77
809771160,6,1,1.2
809771160,7,1,17.73
809771160,8,1,45.01
809781635,1,1,0.0
809781635,2,1,0.0
809781635,3,1,0.0
809781635,4,1,0.42
809781635,5,1,0.66
809781635,6,1,0.0
809781635,7,1,4.0
809781635,8,1,4.14
809781635,9,1,0.0
809781635,10,1,0.0
809893747,1,1,0.0
809893747,2,1,0.0
809893747,3,1,0.0
809893747,4,1,0.0
809893747,5,1,0.0
809893747,6,1,0.0
809893747,7,1,0.3
809893747,8,1,0.0
809893747,9,1,0.0
809893747,10,1,0.0
809909618,8,1,1.7
809909618,10,1,4.0
809947924,4,1,0.09
809947924,7,1,2.6
809956372,7,1,0.3
809956372,8,1,0.2
809956372,10,1,0.1
809968278,7,1,0.07
809968278,8,1,0.1
810018766,7,1,0.5
810018766,8,1,0.9
810029093,7,1,0.03
810029093,8,1,0.03
810035892,7,1,0.5
810035892,8,1,0.5
810037941,8,1,0.02
810046276,8,1,0.02
810049696,1,1,24.4264
810049696,2,1,0.0
810049696,3,1,0.0
810049696,4,1,0.0
810049696,5,1,0.0
810049696,6,1,6.0034
810049696,7,1,7.3573
810049696,8,1,0.0
810049696,9,1,0.0
810049696,10,1,6.067
810052719,1,1,0.0
810052719,2,1,0.0
810052719,3,1,0.0
810052719,4,1,1.33
810052719,5,1,0.0
810052719,6,1,0.0
810052719,7,1,1.54
810052719,8,1,0.0
810052719,9,1,0.0
810052719,10,1,0.0
810074383,6,1,0.1
810074383,7,1,0.3
810074383,8,1,0.05
810081732,8,1,0.001
810082465,4,1,5.0
810082465,7,1,1.0
810082465,8,1,1.0
810091745,7,1,0.03
810091745,8,1,0.05
810095337,10,1,0.03
810096053,4,1,0.55
810098033,6,1,0.03
810098033,7,1,0.5
810098033,8,1,1.0
810100384,7,1,2.0
810102450,8,1,0.3
810102557,7,1,0.4
810102557,8,1,0.1
810111675,7,1,3.0
810111675,8,1,4.0
810111675,9,1,2.5
810122918,6,1,0.3
810122918,7,1,0.11
810134838,6,1,0.5
810134838,8,1,16.0
810134838,9,1,7.0
810134838,10,1,2.0
810139645,6,1,0.2
810144109,1,1,0.0
810144109,2,1,0.0
810144109,3,1,0.0
810144109,4,1,0.0
810144109,5,1,0.12
810144109,6,1,0.0
810144109,7,1,0.0
810144109,8,1,0.0
810144109,9,1,0.0
810144109,10,1,0.0
810144528,1,1,0.0
810144528,2,1,0.0
810144528,3,1,0.0
810144528,4,1,0.0
810144528,5,1,2.4
810144528,6,1,0.0
810144528,7,1,0.0
810144528,8,1,0.0
810144528,9,1,0.0
810144528,10,1,0.0
810145048,1,1,0.0
810145048,2,1,0.0
810145048,3,1,0.0
810145048,4,1,0.0
810145048,5,1,0.0
810145048,6,1,0.0
810145048,7,1,0.3
810145048,8,1,0.6
810145048,9,1,0.0
810145048,10,1,0.0
810154507,4,1,0.2
810154507,7,1,0.3
810154507,8,1,1.2
810176506,7,1,0.006
810176506,8,1,0.006
810176506,9,1,0.006
810207052,7,1,0.01
810207052,8,1,0.01
810232542,7,1,0.005
810232542,8,1,0.005
810261454,6,1,0.1
810261454,8,1,0.3
810401085,1,1,0.0
810401085,2,1,0.0
810401085,3,1,0.0
810401085,4,1,0.0
810401085,5,1,0.0
810401085,6,1,0.0
810401085,7,1,0.2
810401085,8,1,0.0
810401085,9,1,0.0
810401085,10,1,0.0
810403962,7,1,0.4
810403962,8,1,0.8
810403962,10,1,3.0
810410161,1,1,0.0
810410161,2,1,0.0
810410161,3,1,0.0
810410161,4,1,0.0
810410161,5,1,0.0
810410161,6,1,0.0
810410161,7,1,0.0
810410161,8,1,0.0
810410161,9,1,0.0
810410161,10,1,0.01
810411878,1,1,0.0
810411878,2,1,0.0
810411878,3,1,0.0
810411878,4,1,0.0
810411878,5,1,0.0
810411878,6,1,0.0
810411878,7,1,1.67
810411878,8,1,0.0
810411878,9,1,0.0
810411878,10,1,0.0
810426904,4,1,10.0
810426904,6,1,7.55
810426904,7,1,50.0
810426904,8,1,70.0
810426904,9,1,30.0
810431157,4,1,0.1
810437389,1,1,0.1
810437389,2,1,0.0
810437389,3,1,0.0
810437389,4,1,0.0
810437389,5,1,0.0
810437389,6,1,0.0
810437389,7,1,0.0
810437389,8,1,0.0
810437389,9,1,0.0
810437389,10,1,0.0
810446851,6,1,0.15
810449637,10,1,1.0
810453761,6,1,6.5
810453761,7,1,0.5
810453761,8,1,1.5
810463921,6,1,0.5
810463921,7,1,1.0
810463921,8,1,2.0
810471039,4,1,4.0
810471039,7,1,0.6
810471039,8,1,1.3
810476389,1,1,0.0
810476389,2,1,0.0
810476389,3,1,0.0
810476389,4,1,0.0
810476389,5,1,0.0
810476389,6,1,0.0
810476389,7,1,0.2
810476389,8,1,0.4
810476389,9,1,0.0
810476389,10,1,0.0
810478706,8,1,1.4
810480879,1,1,0.0
810480879,2,1,0.0
810480879,3,1,0.0
810480879,4,1,0.0
810480879,5,1,0.0
810480879,6,1,1.5
810480879,7,1,1.0
810480879,8,1,0.0
810480879,9,1,0.0
810480879,10,1,6.0
810514731,3,1,1.0
810514731,4,1,4.0
810514731,7,1,2.0
810514731,8,1,1.0
810516520,8,1,0.01
810519791,4,1,1.5
810519791,6,1,4.0
810519791,7,1,3.5
810519791,8,1,11.23
810521080,7,1,8.19
810527640,1,1,0.0
810527640,2,1,0.0
810527640,3,1,0.0
810527640,4,1,0.0
810527640,5,1,0.0
810527640,6,1,0.0
810527640,7,1,2.3
810527640,8,1,0.0
810527640,9,1,0.0
810527640,10,1,0.0
810535821,7,1,0.1
810536192,4,1,3.0
810536192,7,1,0.8
810536997,3,1,0.1
810536997,10,1,2.6
810537500,4,1,3.5
810537500,8,1,2.0
810537545,8,1,0.06
810540901,8,1,0.1
810549749,5,1,0.1
810549749,7,1,1.44
810549749,8,1,1.0
810550233,7,1,0.1
810550233,8,1,0.1
810568680,6,1,0.01
810570907,7,1,0.4
810570907,8,1,0.6
810584951,8,1,4.91
810584951,9,1,51.59
810586814,8,1,0.2
810594019,7,1,0.02
810594019,8,1,0.08
810609248,7,1,0.2
810609248,8,1,0.1
810613447,8,1,0.5
810635951,1,1,0.0
810635951,2,1,13.02
810635951,3,1,0.0
810635951,4,1,0.54
810635951,5,1,0.0
810635951,6,1,4.726
810635951,7,1,12.117
810635951,8,1,0.0
810635951,9,1,0.0
810635951,10,1,1.9408
810655638,8,1,0.01
810662613,4,1,0.2
810662613,7,1,0.18
810662613,8,1,0.3
810663336,10,1,0.01
810687279,10,1,0.5
810716940,7,1,0.01
810839051,8,1,0.1
810839051,10,1,1.4
810862114,6,1,0.1
810862114,7,1,0.1
810862114,8,1,0.3
810874449,4,1,57.87
810874449,6,1,0.72
810874449,9,1,59.9
810876073,4,1,8.0
810876566,1,1,0.0
810876566,2,1,0.0
810876566,3,1,0.0
810876566,4,1,0.0
810876566,5,1,0.0
810876566,6,1,0.0
810876566,7,1,3.17
810876566,8,1,0.0
810876566,9,1,0.0
810876566,10,1,0.0
810876996,7,1,0.2
810876996,8,1,0.9
810898797,7,1,0.3
810898797,8,1,0.5
810898797,10,1,19.5
810898835,1,1,4.742
810898835,3,1,5.254
810898835,4,1,37.458
810898835,6,1,7.536
810898835,7,1,3.543
810898835,8,1,13.343
810898835,10,1,2.718
810903605,1,1,0.0
810903605,2,1,0.0
810903605,3,1,2.59
810903605,4,1,0.0
810903605,5,1,0.0
810903605,6,1,0.0
810903605,7,1,0.6
810903605,8,1,0.5
810903605,9,1,0.0
810903605,10,1,0.0
810907482,8,1,0.0183
810917136,6,1,0.5
810917136,7,1,0.5
810917136,8,1,5.0
810917167,7,1,0.04
810917167,8,1,0.12
810929226,7,1,0.005
810929226,8,1,0.0811
810956167,6,1,0.005
810956167,7,1,0.005
810956213,7,1,0.3
810956213,10,1,0.8
810972245,9,1,7.9
810979189,6,1,0.5
810979189,8,1,3.0
810984013,7,1,0.2
810984013,8,1,0.13
810999588,1,1,0.0
810999588,2,1,0.03
810999588,3,1,0.0
810999588,4,1,0.0
810999588,5,1,0.0
810999588,6,1,0.0
810999588,7,1,0.0
810999588,8,1,0.0
810999588,9,1,0.0
810999588,10,1,0.0
811004319,1,1,0.0
811004319,2,1,0.0
811004319,3,1,0.0
811004319,4,1,0.0
811004319,5,1,0.0
811004319,6,1,1.0
811004319,7,1,0.0
811004319,8,1,1.0
811004319,9,1,0.5
811004319,10,1,0.0
811013944,6,1,0.03
811013944,7,1,0.3
811013944,8,1,0.1
811018307,4,1,0.15
811018307,10,1,0.1
811024567,6,1,0.4
811024567,7,1,0.08
811028136,7,1,1.5
811028136,8,1,4.0
811039920,6,1,0.02
811039920,7,1,0.16
811039920,8,1,0.02
811082039,5,1,0.92
811082039,7,1,0.4
811082039,8,1,0.6
811095400,1,1,0.0
811095400,2,1,0.0
811095400,3,1,0.0
811095400,4,1,0.0
811095400,5,1,0.0
811095400,6,1,0.0
811095400,7,1,12.21
811095400,8,1,0.0
811095400,9,1,0.0
811095400,10,1,0.0
811110311,7,1,0.6
811110311,8,1,0.4
811113773,7,1,0.05
811142520,4,1,0.01
811177067,1,1,0.0
811177067,2,1,0.0
811177067,3,1,0.0
811177067,4,1,0.0
811177067,5,1,0.0
811177067,6,1,0.0
811177067,7,1,0.84
811177067,8,1,0.0
811177067,9,1,0.0
811177067,10,1,0.0
811181541,1,1,0.0
811181541,2,1,1.21
811181541,3,1,0.0
811181541,4,1,0.0
811181541,5,1,0.0
811181541,6,1,0.0
811181541,7,1,0.0
811181541,8,1,0.0
811181541,9,1,0.0
811181541,10,1,0.0
811189384,8,1,0.01
811206947,1,1,0.0
811206947,2,1,0.0
811206947,3,1,0.0
811206947,4,1,0.0
811206947,5,1,0.0
811206947,6,1,4518.87
811206947,7,1,0.0
811206947,8,1,0.0
811206947,9,1,0.0
811206947,10,1,0.0
811216707,1,1,0.0
811216707,2,1,0.0
811216707,3,1,0.0
811216707,4,1,0.0
811216707,5,1,0.0
811216707,6,1,0.0
811216707,7,1,0.03
811216707,8,1,0.0
811216707,9,1,0.0
811216707,10,1,0.0
811225255,7,1,0.01
811226185,1,1,0.0
811226185,2,1,0.0
811226185,3,1,0.0
811226185,4,1,0.0
811226185,5,1,0.0
811226185,6,1,0.0
811226185,7,1,0.01
811226185,8,1,0.0
811226185,9,1,0.0
811226185,10,1,0.0
811226763,7,1,0.01
811227139,1,1,0.0
811227139,2,1,0.0
811227139,3,1,0.0
811227139,4,1,0.0
811227139,5,1,0.0
811227139,6,1,0.0
811227139,7,1,0.03
811227139,8,1,0.0
811227139,9,1,0.0
811227139,10,1,0.0
811228223,7,1,0.03
811251177,7,1,0.1
811256878,7,1,0.1
811259942,8,1,0.01
811260516,5,1,0.05
811260516,8,1,0.05
811262507,2,1,0.05
811262507,7,1,0.05
811267207,7,1,0.005
811267610,8,1,0.03
811274700,1,1,0.0
811274700,2,1,0.0
811274700,3,1,0.0
811274700,4,1,0.0
811274700,5,1,0.0
811274700,6,1,0.0
811274700,7,1,1.36
811274700,8,1,0.0
811274700,9,1,0.0
811274700,10,1,0.0
811276579,1,1,0.0
811276579,2,1,0.0
811276579,3,1,0.0
811276579,4,1,0.0
811276579,5,1,0.0
811276579,6,1,0.0
811276579,7,1,0.06
811276579,8,1,0.0
811276579,9,1,0.0
811276579,10,1,0.0
811295002,4,1,0.25
811295978,7,1,0.08
811297711,1,1,0.0
811297711,2,1,0.0
811297711,3,1,0.0
811297711,4,1,0.0
811297711,5,1,0.0
811297711,6,1,0.0
811297711,7,1,0.05
811297711,8,1,0.0
811297711,9,1,0.0
811297711,10,1,0.0
811301228,1,1,0.0
811301228,2,1,0.0
811301228,3,1,0.0
811301228,4,1,0.0
811301228,5,1,0.0
811301228,6,1,0.0
811301228,7,1,0.11
811301228,8,1,0.0
811301228,9,1,0.0
811301228,10,1,0.0
811301880,1,1,0.0
811301880,2,1,0.0
811301880,3,1,0.0
811301880,4,1,0.0
811301880,5,1,0.0
811301880,6,1,0.0
811301880,7,1,0.0
811301880,8,1,0.0
811301880,9,1,0.0
811301880,10,1,0.01
811308541,7,1,0.01
811313284,1,1,0.0
811313284,2,1,0.0
811313284,3,1,0.0
811313284,4,1,0.0
811313284,5,1,0.0
811313284,6,1,0.0
811313284,7,1,0.04
811313284,8,1,0.0
811313284,9,1,0.0
811313284,10,1,0.0
811339434,1,1,0.0
811339434,2,1,0.0
811339434,3,1,0.0
811339434,4,1,0.0
811339434,5,1,0.0
811339434,6,1,0.0
811339434,7,1,0.1
811339434,8,1,0.0
811339434,9,1,0.0
811339434,10,1,0.0
811340501,1,1,0.0
811340501,2,1,0.4
811340501,3,1,0.0
811340501,4,1,0.0
811340501,5,1,0.0
811340501,6,1,0.0
811340501,7,1,0.0
811340501,8,1,0.0
811340501,9,1,0.0
811340501,10,1,0.0
811340908,4,1,9.0
811340908,8,1,1.53
811341743,10,1,0.02
811342007,1,1,0.0
811342007,2,1,0.0
811342007,3,1,0.0
811342007,4,1,0.0
811342007,5,1,0.0
811342007,6,1,0.0
811342007,7,1,14.53
811342007,8,1,0.0
811342007,9,1,0.0
811342007,10,1,0.0
811354280,1,1,0.0
811354280,2,1,0.0
811354280,3,1,0.0
811354280,4,1,0.0
811354280,5,1,0.0
811354280,6,1,0.0
811354280,7,1,0.01
811354280,8,1,0.0
811354280,9,1,0.0
811354280,10,1,0.0
811355510,4,1,0.05
811355510,8,1,0.15
811366662,6,1,0.01
811366758,7,1,1.0
811366758,8,1,5.0
811367250,1,1,0.0
811367250,2,1,0.0
811367250,3,1,0.0
811367250,4,1,0.1
811367250,5,1,0.0
811367250,6,1,0.0
811367250,7,1,0.9
811367250,8,1,0.6
811367250,9,1,0.0
811367250,10,1,0.0
811368361,1,1,0.0
811368361,2,1,0.0
811368361,3,1,0.0
811368361,4,1,0.0
811368361,5,1,0.0
811368361,6,1,0.0
811368361,7,1,0.05
811368361,8,1,0.05
811368361,9,1,0.0
811368361,10,1,0.0
811399848,8,1,0.3
811411025,1,1,0.02
811411025,6,1,0.02
811411929,7,1,0.5
811411929,8,1,4.8
811416217,1,1,0.0
811416217,2,1,0.0
811416217,3,1,0.0
811416217,4,1,0.0
811416217,5,1,0.0
811416217,6,1,0.0
811416217,7,1,0.0025
811416217,8,1,0.0
811416217,9,1,0.0
811416217,10,1,0.0
811423037,3,1,0.04
811423037,6,1,0.04
811435390,7,1,0.05
811438120,1,1,0.0
811438120,2,1,0.0
811438120,3,1,0.0
811438120,4,1,0.0
811438120,5,1,0.0
811438120,6,1,0.0
811438120,7,1,0.18
811438120,8,1,0.0
811438120,9,1,0.0
811438120,10,1,0.0
811440483,1,1,0.0
811440483,2,1,0.0
811440483,3,1,0.0
811440483,4,1,0.0
811440483,5,1,0.0
811440483,6,1,0.28
811440483,7,1,0.0
811440483,8,1,0.0
811440483,9,1,0.0
811440483,10,1,0.0
811443683,10,1,0.01
811443892,3,1,0.03
811443892,7,1,0.03
811445880,6,1,5.0
811454665,6,1,1.5
811479990,1,1,0.0
811479990,2,1,0.0
811479990,3,1,0.0
811479990,4,1,0.0
811479990,5,1,0.0
811479990,6,1,0.0
811479990,7,1,1.31
811479990,8,1,0.0
811479990,9,1,0.0
811479990,10,1,0.0
811484807,6,1,0.01
811490441,6,1,0.01
811490441,7,1,0.01
811490441,8,1,0.01
811495683,6,1,0.01
811510180,10,1,0.01
811549959,1,1,0.0
811549959,2,1,0.0
811549959,3,1,0.0
811549959,4,1,0.0
811549959,5,1,0.0
811549959,6,1,0.0
811549959,7,1,0.0
811549959,8,1,0.0
811549959,9,1,0.0
811549959,10,1,0.01
811554803,1,1,0.0
811554803,2,1,0.0
811554803,3,1,0.0
811554803,4,1,0.0
811554803,5,1,0.0
811554803,6,1,0.0
811554803,7,1,0.01
811554803,8,1,0.0
811554803,9,1,0.0
811554803,10,1,0.0
811555468,1,1,0.0
811555468,2,1,0.0
811555468,3,1,0.0
811555468,4,1,0.0
811555468,5,1,0.0
811555468,6,1,0.0
811555468,7,1,0.01
811555468,8,1,0.0
811555468,9,1,0.0
811555468,10,1,0.0
811572602,7,1,0.1
811572602,8,1,0.1
811663589,7,1,0.05
811663589,8,1,0.05
811663589,10,1,0.11
811684450,1,1,0.0
811684450,2,1,0.0
811684450,3,1,0.0
811684450,4,1,0.0
811684450,5,1,0.0
811684450,6,1,0.0
811684450,7,1,0.01
811684450,8,1,0.0
811684450,9,1,0.0
811684450,10,1,0.0
811701219,6,1,0.02
811702270,1,1,0.0
811702270,2,1,0.0
811702270,3,1,0.0
811702270,4,1,0.0
811702270,5,1,0.0
811702270,6,1,0.0
811702270,7,1,0.14
811702270,8,1,0.0
811702270,9,1,0.0
811702270,10,1,0.0
811715968,1,1,0.0
811715968,2,1,0.0
811715968,3,1,0.0
811715968,4,1,0.0
811715968,5,1,0.0
811715968,6,1,0.0
811715968,7,1,0.3
811715968,8,1,0.0
811715968,9,1,0.0
811715968,10,1,0.0
811716348,1,1,0.0
811716348,2,1,0.0
811716348,3,1,0.0
811716348,4,1,0.0
811716348,5,1,0.0
811716348,6,1,0.0
811716348,7,1,0.12
811716348,8,1,0.0
811716348,9,1,0.0
811716348,10,1,0.0
811717932,1,1,0.0
811717932,2,1,0.0
811717932,3,1,0.0
811717932,4,1,0.0
811717932,5,1,0.0
811717932,6,1,0.0
811717932,7,1,0.27
811717932,8,1,0.0
811717932,9,1,0.0
811717932,10,1,0.0
811718431,1,1,0.0
811718431,2,1,0.0
811718431,3,1,0.0
811718431,4,1,0.0
811718431,5,1,0.0
811718431,6,1,0.08
811718431,7,1,0.0
811718431,8,1,0.0
811718431,9,1,0.0
811718431,10,1,0.0
811720397,8,1,0.14
811721049,7,1,0.01
811721049,8,1,0.01
811724217,1,1,0.0
811724217,2,1,0.0
811724217,3,1,0.0
811724217,4,1,0.0
811724217,5,1,0.0
811724217,6,1,0.0
811724217,7,1,0.0025
811724217,8,1,0.0
811724217,9,1,0.0
811724217,10,1,0.0
811725303,1,1,0.0
811725303,2,1,0.0
811725303,3,1,0.0
811725303,4,1,0.0
811725303,5,1,0.0
811725303,6,1,0.0
811725303,7,1,0.8
811725303,8,1,0.0
811725303,9,1,0.0
811725303,10,1,0.0
811725763,6,1,0.5
811726294,1,1,0.0
811726294,2,1,0.0
811726294,3,1,0.0
811726294,4,1,0.0
811726294,5,1,0.0
811726294,6,1,0.0
811726294,7,1,0.02
811726294,8,1,0.0
811726294,9,1,0.0
811726294,10,1,0.0
811727443,1,1,0.0
811727443,2,1,0.0
811727443,3,1,0.0
811727443,4,1,0.0
811727443,5,1,0.0
811727443,6,1,0.0
811727443,7,1,0.01
811727443,8,1,0.0
811727443,9,1,0.0
811727443,10,1,0.0
811727894,1,1,0.0
811727894,2,1,0.0
811727894,3,1,0.0
811727894,4,1,0.0
811727894,5,1,0.0
811727894,6,1,0.0
811727894,7,1,0.2
811727894,8,1,0.0
811727894,9,1,0.0
811727894,10,1,0.0
811728386,1,1,0.0
811728386,2,1,0.0
811728386,3,1,0.0
811728386,4,1,0.0
811728386,5,1,0.0
811728386,6,1,0.0
811728386,7,1,0.01
811728386,8,1,0.0
811728386,9,1,0.0
811728386,10,1,0.0
811732673,1,1,0.0
811732673,2,1,0.0
811732673,3,1,0.0
811732673,4,1,0.0
811732673,5,1,0.0
811732673,6,1,0.0
811732673,7,1,0.02
811732673,8,1,0.0
811732673,9,1,0.0
811732673,10,1,0.0
811734349,1,1,0.0
811734349,2,1,0.0
811734349,3,1,0.0
811734349,4,1,0.0
811734349,5,1,0.0
811734349,6,1,0.0
811734349,7,1,0.01
811734349,8,1,0.0
811734349,9,1,0.0
811734349,10,1,0.0
811736149,1,1,0.0
811736149,2,1,0.0
811736149,3,1,0.03
811736149,4,1,0.0
811736149,5,1,0.0
811736149,6,1,0.0
811736149,7,1,0.0
811736149,8,1,0.0
811736149,9,1,0.0
811736149,10,1,0.0
811742085,1,1,0.0
811742085,2,1,0.0
811742085,3,1,0.0
811742085,4,1,0.0
811742085,5,1,0.0
811742085,6,1,0.0
811742085,7,1,0.01
811742085,8,1,0.02
811742085,9,1,0.0
811742085,10,1,0.0
811743720,6,1,21.5
811761645,1,1,0.0
811761645,2,1,0.0
811761645,3,1,0.0
811761645,4,1,0.0
811761645,5,1,0.0
811761645,6,1,0.0
811761645,7,1,0.01
811761645,8,1,0.0
811761645,9,1,0.0
811761645,10,1,0.0
811764665,1,1,0.0
811764665,2,1,0.0
811764665,3,1,0.0
811764665,4,1,0.0
811764665,5,1,0.0
811764665,6,1,0.0
811764665,7,1,0.7
811764665,8,1,0.0
811764665,9,1,0.0
811764665,10,1,0.0
811765208,7,1,0.15
811765208,8,1,0.15
811770270,7,1,0.01
811773436,1,1,0.0
811773436,2,1,0.0
811773436,3,1,0.0
811773436,4,1,0.0
811773436,5,1,0.0
811773436,6,1,0.0
811773436,7,1,0.21
811773436,8,1,0.0
811773436,9,1,0.0
811773436,10,1,0.0
811776056,8,1,0.3
811778665,4,1,0.0025
811778665,6,1,0.0025
811778665,7,1,0.005
811778665,8,1,0.02
811779455,1,1,0.28
811779455,2,1,0.0
811779455,3,1,0.0
811779455,4,1,0.0
811779455,5,1,0.0
811779455,6,1,0.0
811779455,7,1,0.0
811779455,8,1,0.0
811779455,9,1,0.0
811779455,10,1,0.0
811782732,1,1,0.0
811782732,2,1,0.0
811782732,3,1,0.0
811782732,4,1,0.0
811782732,5,1,0.0
811782732,6,1,0.0
811782732,7,1,0.04
811782732,8,1,0.0
811782732,9,1,0.0
811782732,10,1,0.0
811787343,8,1,0.2
811787343,10,1,0.5
811800669,1,1,0.0
811800669,2,1,0.0
811800669,3,1,0.0
811800669,4,1,0.25
811800669,5,1,0.0
811800669,6,1,0.0
811800669,7,1,0.0
811800669,8,1,0.0
811800669,9,1,0.0
811800669,10,1,0.0
811807785,10,1,0.08
811819348,6,1,0.05
811819348,7,1,0.1
811819358,7,1,0.4
811819358,8,1,0.4
811822290,6,1,0.002
811822290,7,1,0.008
811832199,7,1,0.05
811832199,8,1,0.08
811843435,7,1,0.1
811844973,1,1,0.0
811844973,2,1,0.15
811844973,3,1,0.0
811844973,4,1,0.0
811844973,5,1,0.0
811844973,6,1,0.0
811844973,7,1,0.0
811844973,8,1,0.15
811844973,9,1,0.0
811844973,10,1,0.0
811854420,6,1,1686.14
811854420,7,1,30.0
811854420,8,1,60.0
811863512,8,1,0.004
811868459,4,1,0.002
811868459,10,1,0.008
811888414,8,1,0.04
811896275,7,1,0.1
811896275,8,1,0.2
811949775,6,1,1.0
812082438,4,1,0.17
812086185,1,1,16.34
812086185,3,1,5.56
812086185,4,1,0.53
812086185,6,1,0.27
812086185,10,1,59.541
812097571,3,1,0.12
812118364,6,1,0.01
812123237,1,1,0.0
812123237,2,1,0.0
812123237,3,1,0.0
812123237,4,1,0.5
812123237,5,1,0.0
812123237,6,1,0.0
812123237,7,1,0.91
812123237,8,1,2.5
812123237,9,1,0.0
812123237,10,1,0.0
812126277,8,1,0.4
812133100,1,1,0.0
812133100,2,1,0.0
812133100,3,1,0.0
812133100,4,1,0.0
812133100,5,1,0.0
812133100,6,1,0.18
812133100,7,1,0.0
812133100,8,1,0.0
812133100,9,1,0.0
812133100,10,1,0.0
812134790,1,1,2.0
812134790,2,1,0.0
812134790,3,1,0.0
812134790,4,1,2.0
812134790,5,1,0.0
812134790,6,1,0.0
812134790,7,1,0.0
812134790,8,1,0.29
812134790,9,1,0.0
812134790,10,1,0.0
812135843,1,1,0.0
812135843,2,1,0.0
812135843,3,1,0.53
812135843,4,1,0.0
812135843,5,1,0.0
812135843,6,1,0.0
812135843,7,1,0.0
812135843,8,1,0.0
812135843,9,1,0.0
812135843,10,1,0.0
812138364,6,1,0.05
812138364,7,1,0.05
812162900,7,1,0.6
812162900,8,1,0.3
812165471,1,1,0.0
812165471,2,1,0.0
812165471,3,1,0.0
812165471,4,1,0.0
812165471,5,1,0.0
812165471,6,1,0.0
812165471,7,1,0.07
812165471,8,1,0.0
812165471,9,1,0.0
812165471,10,1,0.0
812170727,6,1,0.33
812170727,8,1,1.33
812172861,7,1,0.4
812172861,9,1,4.5
812174035,5,1,0.45
812174035,8,1,0.45
812180830,3,1,1.5
812180830,4,1,5.0
812180830,7,1,0.5
812180830,8,1,1.3
812182976,8,1,1.3
812186079,1,1,0.0
812186079,2,1,0.0
812186079,3,1,0.0
812186079,4,1,0.0
812186079,5,1,0.0
812186079,6,1,0.0
812186079,7,1,0.09
812186079,8,1,0.2
812186079,9,1,0.0
812186079,10,1,0.0
812186122,1,1,0.0
812186122,2,1,0.0
812186122,3,1,0.0
812186122,4,1,0.0
812186122,5,1,0.0
812186122,6,1,0.0
812186122,7,1,1.3
812186122,8,1,0.0
812186122,9,1,0.0
812186122,10,1,0.0
812198218,4,1,0.07
812198218,8,1,0.03
812198345,1,1,2.521
812198345,2,1,0.0
812198345,3,1,0.0
812198345,4,1,22.641
812198345,5,1,0.0
812198345,6,1,0.0
812198345,7,1,46.195
812198345,8,1,1.548
812198345,9,1,0.0
812198345,10,1,0.677
812200151,4,1,0.7
812200151,7,1,0.35
812200151,8,1,0.35
812212722,7,1,0.05
812212722,8,1,0.1
812218443,1,1,0.0
812218443,2,1,0.0
812218443,3,1,0.0
812218443,4,1,0.0
812218443,5,1,0.0
812218443,6,1,0.0
812218443,7,1,2.1
812218443,8,1,0.0
812218443,9,1,0.0
812218443,10,1,0.0
812225506,7,1,1.5
812225506,8,1,0.3
812229320,8,1,1.1
812248897,1,1,0.122
812248897,2,1,0.0
812248897,3,1,0.0
812248897,4,1,0.0
812248897,5,1,0.0
812248897,6,1,0.0
812248897,7,1,3.922
812248897,8,1,0.0
812248897,9,1,0.0
812248897,10,1,0.0
812252924,4,1,4.0
812252924,7,1,4.0
812252924,8,1,4.0
812268611,4,1,0.45
812295410,1,1,0.0
812295410,2,1,0.0
812295410,3,1,0.3
812295410,4,1,0.0
812295410,5,1,0.0
812295410,6,1,0.0
812295410,7,1,0.0
812295410,8,1,0.0
812295410,9,1,0.0
812295410,10,1,0.0
812437876,4,1,0.005
812437876,7,1,0.023
812437876,8,1,0.016
812440642,1,1,0.0
812440642,2,1,0.0
812440642,3,1,0.0
812440642,4,1,0.0
812440642,5,1,0.0
812440642,6,1,0.0
812440642,7,1,0.92
812440642,8,1,0.0
812440642,9,1,0.0
812440642,10,1,0.0
812478263,1,1,0.0
812478263,2,1,0.0
812478263,3,1,0.0
812478263,4,1,0.0
812478263,5,1,0.0
812478263,6,1,0.0
812478263,7,1,0.1
812478263,8,1,0.2
812478263,9,1,0.0
812478263,10,1,0.0
812504110,7,1,0.3
812522623,1,1,0.0
812522623,2,1,0.0
812522623,3,1,0.0
812522623,4,1,0.0
812522623,5,1,0.02
812522623,6,1,0.0
812522623,7,1,0.0
812522623,8,1,0.08
812522623,9,1,0.0
812522623,10,1,0.0
812530366,1,1,0.001
812542463,7,1,1.29
812542463,8,1,8.0
812548315,1,1,0.0
812548315,2,1,0.0
812548315,3,1,0.0
812548315,4,1,0.0
812548315,5,1,0.0
812548315,6,1,0.0
812548315,7,1,0.02
812548315,8,1,0.01
812548315,9,1,0.0
812548315,10,1,0.0
812555302,1,1,0.0
812555302,2,1,0.0
812555302,3,1,0.0
812555302,4,1,0.0
812555302,5,1,0.0
812555302,6,1,0.0
812555302,7,1,0.0
812555302,8,1,0.0
812555302,9,1,0.0
812555302,10,1,0.12
812556347,1,1,0.0
812556347,2,1,0.0
812556347,3,1,0.0
812556347,4,1,0.0
812556347,5,1,0.0
812556347,6,1,0.0
812556347,7,1,0.15
812556347,8,1,0.0
812556347,9,1,0.0
812556347,10,1,0.0
812557336,1,1,0.0
812557336,2,1,0.0
812557336,3,1,0.0
812557336,4,1,0.0
812557336,5,1,0.0
812557336,6,1,0.0
812557336,7,1,0.03
812557336,8,1,0.0
812557336,9,1,0.0
812557336,10,1,0.0
812557793,1,1,0.0
812557793,2,1,0.0
812557793,3,1,0.0
812557793,4,1,0.0
812557793,5,1,0.0
812557793,6,1,0.0
812557793,7,1,0.03
812557793,8,1,0.0
812557793,9,1,0.0
812557793,10,1,0.0
812558426,1,1,0.0
812558426,2,1,0.0
812558426,3,1,0.0
812558426,4,1,0.0
812558426,5,1,0.0
812558426,6,1,0.0
812558426,7,1,0.11
812558426,8,1,0.0
812558426,9,1,0.0
812558426,10,1,0.0
812561794,1,1,0.0
812561794,2,1,0.0
812561794,3,1,0.0
812561794,4,1,0.0
812561794,5,1,0.0
812561794,6,1,0.0
812561794,7,1,0.58
812561794,8,1,0.0
812561794,9,1,0.0
812561794,10,1,0.0
812565838,1,1,0.0
812565838,2,1,0.0
812565838,3,1,0.0
812565838,4,1,0.0
812565838,5,1,0.0
812565838,6,1,0.0
812565838,7,1,0.02
812565838,8,1,0.0
812565838,9,1,0.0
812565838,10,1,0.0
812590254,1,1,0.0
812590254,2,1,0.51
812590254,3,1,0.0
812590254,4,1,0.0
812590254,5,1,0.0
812590254,6,1,0.6
812590254,7,1,5.15
812590254,8,1,0.0
812590254,9,1,0.0
812590254,10,1,0.0
812594627,4,1,1.0
812594627,7,1,0.24
812594627,8,1,0.24
812594956,1,1,0.0
812594956,2,1,0.0
812594956,3,1,0.0
812594956,4,1,0.0
812594956,5,1,0.0
812594956,6,1,0.0
812594956,7,1,0.18
812594956,8,1,0.0
812594956,9,1,0.0
812594956,10,1,0.0
812596023,1,1,0.0
812596023,2,1,0.0
812596023,3,1,0.0
812596023,4,1,0.0
812596023,5,1,0.0
812596023,6,1,0.0
812596023,7,1,0.12
812596023,8,1,0.0
812596023,9,1,0.0
812596023,10,1,0.0
812597678,1,1,0.0
812597678,2,1,0.0
812597678,3,1,0.0
812597678,4,1,0.0
812597678,5,1,0.0
812597678,6,1,0.0
812597678,7,1,0.6
812597678,8,1,0.0
812597678,9,1,0.0
812597678,10,1,0.0
812600124,1,1,0.0
812600124,2,1,0.0
812600124,3,1,0.0
812600124,4,1,0.0
812600124,5,1,0.0
812600124,6,1,0.0
812600124,7,1,0.6
812600124,8,1,0.0
812600124,9,1,0.0
812600124,10,1,0.0
812600263,1,1,0.0
812600263,2,1,0.0
812600263,3,1,0.0
812600263,4,1,0.0
812600263,5,1,0.0
812600263,6,1,0.0
812600263,7,1,0.2
812600263,8,1,0.0
812600263,9,1,0.0
812600263,10,1,0.0
812621364,8,1,0.01
812643938,7,1,16.567
812643938,8,1,16.527
812643938,9,1,0.172
812643938,10,1,0.001
812646340,8,1,0.01
812656583,6,1,0.1
812656583,8,1,0.05
812656583,10,1,0.15
812658289,8,1,0.01
812658645,7,1,4.0
812658645,8,1,15.0
812661720,4,1,2.0
812661720,7,1,0.8
812701128,1,1,0.0
812701128,2,1,0.0
812701128,3,1,0.0
812701128,4,1,0.0
812701128,5,1,0.0
812701128,6,1,0.0
812701128,7,1,0.01
812701128,8,1,0.0
812701128,9,1,0.0
812701128,10,1,0.0
812706998,1,1,0.0
812706998,2,1,0.0
812706998,3,1,0.0
812706998,4,1,0.0
812706998,5,1,0.0
812706998,6,1,0.0
812706998,7,1,0.005
812706998,8,1,0.0
812706998,9,1,0.0
812706998,10,1,0.0
812710137,6,1,0.01
812710137,8,1,0.39
812710211,1,1,0.0
812710211,2,1,0.0
812710211,3,1,0.0
812710211,4,1,0.0
812710211,5,1,0.0
812710211,6,1,0.0
812710211,7,1,0.0
812710211,8,1,0.06
812710211,9,1,0.0
812710211,10,1,0.0
812717156,1,1,0.0
812717156,2,1,5.96
812717156,3,1,0.0
812717156,4,1,0.0
812717156,5,1,0.0
812717156,6,1,0.0
812717156,7,1,0.0
812717156,8,1,0.0
812717156,9,1,0.0
812717156,10,1,0.0
812721948,1,1,0.0
812721948,2,1,0.0
812721948,3,1,3.82
812721948,4,1,0.0
812721948,5,1,0.0
812721948,6,1,0.0
812721948,7,1,36.31
812721948,8,1,3.03
812721948,9,1,0.0
812721948,10,1,0.0
812722227,1,1,0.0
812722227,2,1,0.0
812722227,3,1,10.47
812722227,4,1,0.0
812722227,5,1,0.0
812722227,6,1,0.0
812722227,7,1,0.0
812722227,8,1,0.0
812722227,9,1,0.0
812722227,10,1,0.0
812722511,1,1,0.0
812722511,2,1,0.0
812722511,3,1,0.0
812722511,4,1,0.0
812722511,5,1,0.0
812722511,6,1,0.0
812722511,7,1,0.0
812722511,8,1,0.0
812722511,9,1,0.0
812722511,10,1,0.01
812734367,7,1,0.1
812734367,8,1,0.2
812734862,1,1,0.0
812734862,2,1,0.0
812734862,3,1,0.0
812734862,4,1,0.0
812734862,5,1,0.0
812734862,6,1,2.3815
812734862,7,1,12.4862
812734862,8,1,0.0
812734862,9,1,0.0
812734862,10,1,0.7817
812740408,1,1,0.0
812740408,2,1,0.0
812740408,3,1,0.0
812740408,4,1,0.0
812740408,5,1,0.0
812740408,6,1,0.0
812740408,7,1,0.09
812740408,8,1,0.0
812740408,9,1,0.0
812740408,10,1,0.0
812741754,1,1,0.0
812741754,2,1,0.0
812741754,3,1,0.0
812741754,4,1,0.0
812741754,5,1,0.2
812741754,6,1,0.0
812741754,7,1,0.0
812741754,8,1,0.0
812741754,9,1,0.0
812741754,10,1,0.0
812981616,1,1,0.0
812981616,2,1,0.0
812981616,3,1,0.0
812981616,4,1,0.0
812981616,5,1,0.0
812981616,6,1,0.0
812981616,7,1,0.01
812981616,8,1,0.0
812981616,9,1,0.0
812981616,10,1,0.0
813028959,7,1,0.2
813033037,8,1,0.13
813035740,7,1,0.02
813035740,8,1,0.08
813063231,7,1,0.7
813063231,8,1,0.3
813063711,6,1,0.005
813063711,8,1,0.015
813072752,8,1,0.07
813072962,8,1,0.001
813075912,7,1,0.04
813075912,8,1,0.04
813081611,7,1,0.01
813081611,8,1,0.01
813087371,7,1,0.15
813087371,8,1,0.15
813088586,8,1,0.06
813089159,6,1,1.25
813089159,7,1,2.5
813089159,8,1,1.25
813100259,1,1,0.0
813100259,2,1,0.0
813100259,3,1,0.0
813100259,4,1,0.0
813100259,5,1,0.0
813100259,6,1,0.0
813100259,7,1,0.26
813100259,8,1,0.0
813100259,9,1,0.0
813100259,10,1,0.0
813100846,1,1,0.0
813100846,2,1,0.0
813100846,3,1,0.0
813100846,4,1,0.0
813100846,5,1,0.0
813100846,6,1,0.0
813100846,7,1,0.01
813100846,8,1,0.0
813100846,9,1,0.0
813100846,10,1,0.0
813105591,6,1,0.5
813105591,7,1,0.5
813105591,8,1,1.5
813105591,9,1,0.5
813170916,7,1,0.1
813170916,8,1,0.1
813324999,8,1,0.01
813336416,7,1,8.0
813336416,8,1,5.0
813356846,8,1,0.1
813367847,10,1,2.0
813382503,7,1,0.01
813382503,8,1,0.02
813384341,1,1,0.0364
813384341,8,1,0.0156
813411119,7,1,0.04
813411119,8,1,0.05
813412671,7,1,0.01
813412671,8,1,0.04
813413478,8,1,0.02
813433624,1,1,0.0
813433624,2,1,0.0
813433624,3,1,3.3
813433624,4,1,0.0
813433624,5,1,0.0
813433624,6,1,0.0
813433624,7,1,0.0
813433624,8,1,0.0
813433624,9,1,0.0
813433624,10,1,0.0
813436056,8,1,0.01
813464479,8,1,0.01
813477682,8,1,0.1
813483239,8,1,0.04
813515127,7,1,0.005
813515127,8,1,0.005
813645493,7,1,0.03
813645493,8,1,0.03
813719726,7,1,0.1
813777408,7,1,0.2
813777408,8,1,1.7
813786016,4,1,0.01
813786016,7,1,0.12
813786016,8,1,0.2
813810992,6,1,5.0
813810992,7,1,3.0
813810992,8,1,1.0
813834933,7,1,0.38
813834933,8,1,1.01
813837058,6,1,0.1
813837745,6,1,0.1
813837745,7,1,0.1
813837745,8,1,0.3
813856544,7,1,0.2
813856544,8,1,1.0
813868113,7,1,0.1
813868113,8,1,1.0
813869493,8,1,0.6
813870678,1,1,0.0
813870678,2,1,0.0
813870678,3,1,0.0
813870678,4,1,0.0
813870678,5,1,0.0
813870678,6,1,0.0
813870678,7,1,0.08
813870678,8,1,0.2
813870678,9,1,0.0
813870678,10,1,0.2
813877054,7,1,0.02
813877054,8,1,0.02
813877835,1,1,0.0
813877835,2,1,2.65
813877835,3,1,0.0
813877835,4,1,0.0
813877835,5,1,0.0
813877835,6,1,0.0
813877835,7,1,0.0
813877835,8,1,0.0
813877835,9,1,0.0
813877835,10,1,0.0
813885340,1,1,0.0
813885340,2,1,0.0
813885340,3,1,0.0
813885340,4,1,0.0
813885340,5,1,0.0
813885340,6,1,0.0
813885340,7,1,0.0
813885340,8,1,0.01
813885340,9,1,0.0
813885340,10,1,0.0
813889852,7,1,0.003
813889852,8,1,0.001
813909576,8,1,1.5
813911598,9,1,0.03
813915753,6,1,0.0174
813915753,8,1,0.0696
813921923,8,1,0.4
813961028,8,1,0.3
813970846,9,1,0.3
813986490,7,1,0.01
813987217,8,1,0.01
814025897,8,1,0.28
814255225,8,1,0.01
814266055,8,1,0.2
814286728,1,1,0.0
814286728,2,1,0.0
814286728,3,1,0.0
814286728,4,1,0.0
814286728,5,1,0.0
814286728,6,1,0.0
814286728,7,1,0.28
814286728,8,1,0.0
814286728,9,1,0.0
814286728,10,1,0.0
814290342,1,1,0.0
814290342,2,1,0.0
814290342,3,1,0.0
814290342,4,1,0.0
814290342,5,1,0.0
814290342,6,1,0.0
814290342,7,1,0.01
814290342,8,1,0.0
814290342,9,1,0.0
814290342,10,1,0.0
814308365,8,1,2.9
814308783,8,1,0.05
814308783,10,1,0.05
814317694,1,1,0.0
814317694,2,1,0.0
814317694,3,1,0.0
814317694,4,1,0.0
814317694,5,1,0.0
814317694,6,1,0.0
814317694,7,1,0.6
814317694,8,1,0.0
814317694,9,1,0.0
814317694,10,1,0.0
814336383,1,1,0.0
814336383,2,1,0.0
814336383,3,1,0.0
814336383,4,1,0.0
814336383,5,1,0.0
814336383,6,1,0.0
814336383,7,1,0.02
814336383,8,1,0.0
814336383,9,1,0.0
814336383,10,1,0.0
814336538,1,1,0.0
814336538,2,1,0.0
814336538,3,1,0.0
814336538,4,1,0.0
814336538,5,1,0.0
814336538,6,1,0.0
814336538,7,1,0.004
814336538,8,1,0.0
814336538,9,1,0.0
814336538,10,1,0.0
814336781,1,1,0.0
814336781,2,1,0.0
814336781,3,1,0.0
814336781,4,1,0.0
814336781,5,1,0.0
814336781,6,1,0.0
814336781,7,1,0.001
814336781,8,1,0.0
814336781,9,1,0.0
814336781,10,1,0.0
814337053,1,1,0.0
814337053,2,1,0.0
814337053,3,1,0.0
814337053,4,1,0.0
814337053,5,1,0.0
814337053,6,1,0.0
814337053,7,1,0.02
814337053,8,1,0.0
814337053,9,1,0.0
814337053,10,1,0.0
814337383,1,1,0.0
814337383,2,1,0.0
814337383,3,1,0.0
814337383,4,1,0.0
814337383,5,1,0.0
814337383,6,1,0.0
814337383,7,1,0.009
814337383,8,1,0.0
814337383,9,1,0.0
814337383,10,1,0.0
814339097,1,1,0.0
814339097,2,1,0.0
814339097,3,1,0.0
814339097,4,1,0.0
814339097,5,1,0.0
814339097,6,1,0.0
814339097,7,1,0.002
814339097,8,1,0.0
814339097,9,1,0.0
814339097,10,1,0.0
814340282,1,1,0.0
814340282,2,1,0.0
814340282,3,1,0.0
814340282,4,1,0.0
814340282,5,1,0.0
814340282,6,1,0.0
814340282,7,1,0.03
814340282,8,1,0.0
814340282,9,1,0.0
814340282,10,1,0.0
814342088,8,1,0.02
814345221,7,1,0.03
814345221,8,1,0.07
814345221,10,1,0.04
814348642,6,1,1.0
814348642,7,1,0.8
814348642,8,1,1.5
814348642,10,1,10.0
814356993,8,1,0.04
814357629,7,1,0.2
814357629,10,1,7.0
814359629,8,1,0.8
814363754,8,1,0.04
814368668,7,1,0.05
814368668,8,1,0.02
814369878,8,1,0.02
814369878,10,1,0.02
814370434,1,1,0.0
814370434,2,1,0.0
814370434,3,1,0.0
814370434,4,1,0.0
814370434,5,1,0.0
814370434,6,1,0.0
814370434,7,1,0.0
814370434,8,1,9.0
814370434,9,1,0.0
814370434,10,1,0.0
814396280,6,1,0.7
814396280,7,1,0.9
814396280,8,1,0.9
814396945,6,1,0.02
814396945,7,1,0.02
814396945,8,1,0.03
814400252,7,1,0.01
814402217,4,1,5.34
814402217,6,1,1.94
814402217,7,1,1.76
814402217,8,1,1.55
814402217,9,1,16.78
814402810,6,1,0.2
814402810,7,1,0.2
814402810,9,1,5.0
814413522,8,1,1.0
814422096,8,1,0.3
814422096,9,1,1.0
814439402,1,1,0.0
814439402,2,1,0.0
814439402,3,1,0.0
814439402,4,1,0.5
814439402,5,1,2.0
814439402,6,1,0.0
814439402,7,1,0.12
814439402,8,1,19.0
814439402,9,1,0.0
814439402,10,1,0.0
814460148,6,1,0.5
814460148,7,1,7.0
814460148,8,1,2.0
814465308,7,1,0.01
814469128,1,1,0.004
814469128,2,1,0.0
814469128,3,1,0.0
814469128,4,1,0.0
814469128,5,1,0.0
814469128,6,1,0.0
814469128,7,1,0.0
814469128,8,1,0.0
814469128,9,1,0.0
814469128,10,1,0.0
814502146,7,1,0.005
814502146,8,1,0.005
814564544,1,1,0.0
814564544,2,1,0.0
814564544,3,1,0.0
814564544,4,1,0.0
814564544,5,1,0.0
814564544,6,1,0.0
814564544,7,1,2.2
814564544,8,1,1.0
814564544,9,1,0.0
814564544,10,1,0.0
814567942,1,1,0.0
814567942,2,1,0.0
814567942,3,1,2.68
814567942,4,1,0.0
814567942,5,1,0.0
814567942,6,1,0.0
814567942,7,1,1.86
814567942,8,1,0.0
814567942,9,1,0.0
814567942,10,1,0.0
814684118,4,1,0.02
814684118,6,1,0.04
814684118,7,1,0.07
814684118,8,1,0.02
814700926,6,1,0.02
814700926,7,1,0.03
814700926,8,1,0.1
814705201,7,1,0.03
814705201,8,1,1.0
814746513,8,1,0.1
814747468,7,1,0.4
814747468,8,1,0.6
814748296,1,1,0.0
814748296,2,1,0.0
814748296,3,1,0.0
814748296,4,1,0.0
814748296,5,1,0.0
814748296,6,1,0.0
814748296,7,1,0.0021
814748296,8,1,0.0
814748296,9,1,0.0
814748296,10,1,0.0
814751113,4,1,1.3
814751113,8,1,0.2
814751762,1,1,0.0
814751762,2,1,0.0
814751762,3,1,0.0
814751762,4,1,0.0
814751762,5,1,0.0
814751762,6,1,0.0
814751762,7,1,0.01
814751762,8,1,0.0
814751762,9,1,0.0
814751762,10,1,0.0
814765247,7,1,0.1
814765247,8,1,0.9
814790878,7,1,0.1
814790878,10,1,0.1
814797207,7,1,0.05
814805559,3,1,0.01
814807195,8,1,0.1
814837393,6,1,0.7
814837393,7,1,1.0
814837393,8,1,4.0
814840977,7,1,0.01
814842378,6,1,0.2
814842378,8,1,0.4
814846064,1,1,0.0
814846064,2,1,0.0
814846064,3,1,0.0
814846064,4,1,0.0
814846064,5,1,0.0
814846064,6,1,0.0
814846064,7,1,1.0
814846064,8,1,0.0
814846064,9,1,0.0
814846064,10,1,0.0
814861335,6,1,0.01
814861335,8,1,0.02
814864295,7,1,0.06
814864295,8,1,0.24
814882228,7,1,0.04
814882228,8,1,0.14
814882464,7,1,0.2
814890107,7,1,0.23
814890107,8,1,0.02
814890107,10,1,0.01
814896170,7,1,0.5
814896170,8,1,1.0
814896734,6,1,4.0
814896734,7,1,2.0
814896734,8,1,4.0
814898024,8,1,0.2
814902333,7,1,0.2
814902333,8,1,0.2
814902544,2,1,0.6
814902544,6,1,0.25
814902544,7,1,0.3
814902544,8,1,0.1
814926701,6,1,0.1
814926701,7,1,0.1
814926701,8,1,0.2
815004980,1,1,0.0
815004980,2,1,0.0
815004980,3,1,0.1
815004980,4,1,0.0
815004980,5,1,0.0
815004980,6,1,0.0
815004980,7,1,2.44
815004980,8,1,0.0
815004980,9,1,0.0
815004980,10,1,0.0
815136771,1,1,0.0
815136771,2,1,0.0
815136771,3,1,0.0
815136771,4,1,0.0
815136771,5,1,0.0
815136771,6,1,0.0
815136771,7,1,0.0
815136771,8,1,0.004
815136771,9,1,0.0
815136771,10,1,0.0
815137161,1,1,0.0
815137161,2,1,0.0
815137161,3,1,0.0
815137161,4,1,0.0
815137161,5,1,0.0
815137161,6,1,0.0
815137161,7,1,2.9
815137161,8,1,0.0
815137161,9,1,0.0
815137161,10,1,0.0
815151680,7,1,0.4
815151680,8,1,0.5
815151680,10,1,0.1
815154744,6,1,2.0
815154744,7,1,5.0
815154744,8,1,8.0
815154869,8,1,0.05
815154869,10,1,1.2
815157495,8,1,0.17
815186180,7,1,0.1
815195365,7,1,0.02
815195365,8,1,0.04
815222844,7,1,0.3
815222844,8,1,0.2
815222844,10,1,0.5
815234511,7,1,0.01
815237797,6,1,1.6
815237797,7,1,2.7
815237797,8,1,5.7
815240959,9,1,0.01
815241252,6,1,5.2
815241252,7,1,5.0
815241252,8,1,23.4
815262856,1,1,0.0
815262856,2,1,0.0
815262856,3,1,0.0
815262856,4,1,0.0
815262856,5,1,0.0
815262856,6,1,0.0
815262856,7,1,0.0
815262856,8,1,0.3
815262856,9,1,0.0
815262856,10,1,0.0
815267634,7,1,0.5
815267634,8,1,1.0
815268158,1,1,0.0
815268158,2,1,0.0
815268158,3,1,0.0
815268158,4,1,0.0
815268158,5,1,0.0
815268158,6,1,0.5
815268158,7,1,1.0
815268158,8,1,0.0
815268158,9,1,0.0
815268158,10,1,0.0
815281574,7,1,0.5
815285659,7,1,0.1
815285659,8,1,0.1
815306601,8,1,0.1
815310296,1,1,0.0
815310296,2,1,0.41
815310296,3,1,0.0
815310296,4,1,0.0
815310296,5,1,0.0
815310296,6,1,0.0
815310296,7,1,0.0
815310296,8,1,0.0
815310296,9,1,0.0
815310296,10,1,0.0
815312235,6,1,1.5
815312235,7,1,2.0
815312235,8,1,35.0
815317545,8,1,0.01
815325173,1,1,0.0
815325173,2,1,0.0
815325173,3,1,0.0
815325173,4,1,0.0
815325173,5,1,0.2
815325173,6,1,0.0
815325173,7,1,0.0
815325173,8,1,0.0
815325173,9,1,0.0
815325173,10,1,0.0
815380439,7,1,0.01
815391279,6,1,0.003
815391279,8,1,0.007
815609044,6,1,0.5
815609044,7,1,0.35
815609044,8,1,0.4
815615324,6,1,1.0
815615324,7,1,3.0
815615324,8,1,2.0
815615324,10,1,11.0
815642788,1,1,0.0
815642788,2,1,0.0
815642788,3,1,0.0
815642788,4,1,0.0
815642788,5,1,0.0
815642788,6,1,0.0
815642788,7,1,10.7
815642788,8,1,0.0
815642788,9,1,0.0
815642788,10,1,0.0
815643178,1,1,0.0
815643178,2,1,0.0
815643178,3,1,0.0
815643178,4,1,0.0
815643178,5,1,0.0
815643178,6,1,0.0
815643178,7,1,0.0
815643178,8,1,0.0
815643178,9,1,0.0
815643178,10,1,0.25
815662513,1,1,0.5
815662513,4,1,0.3
815662513,10,1,1.0
815679665,8,1,0.8
815684110,8,1,0.3
815686048,3,1,0.4
815686048,6,1,0.1
815686048,7,1,0.3
815686048,8,1,1.3
815710702,10,1,7.0
815711071,1,1,0.0
815711071,2,1,0.0
815711071,3,1,0.0
815711071,4,1,0.0
815711071,5,1,0.0
815711071,6,1,0.0
815711071,7,1,0.07
815711071,8,1,0.0
815711071,9,1,0.0
815711071,10,1,0.0
815716205,4,1,34.65
815716205,6,1,0.057
815716205,7,1,3.6
815716205,8,1,11.84
815716205,9,1,71.58
815720371,7,1,0.005
815720371,8,1,0.005
815720779,4,1,1.3
815723662,7,1,0.09
815735257,7,1,0.2
815735257,8,1,0.4
815735257,10,1,0.13
815744214,1,1,0.5
815744214,4,1,21.0
815744214,8,1,10.0
815744214,9,1,2.0
815744214,10,1,4.0
815764109,8,1,0.5
815764799,1,1,0.0
815764799,2,1,0.0
815764799,3,1,0.0
815764799,4,1,0.0
815764799,5,1,0.0
815764799,6,1,0.0
815764799,7,1,1.32
815764799,8,1,0.0
815764799,9,1,0.0
815764799,10,1,0.0
815770807,7,1,0.3
815770807,10,1,2.5
815772535,7,1,3.3
815772535,8,1,5.0
815772535,10,1,7.0
815782283,8,1,0.12
815787539,8,1,0.01
815818663,6,1,0.44
815818663,8,1,0.29
815818663,10,1,1.17
815862671,4,1,0.05
815862671,8,1,0.15
815896205,10,1,0.6
816008051,1,1,0.0
816008051,2,1,0.0
816008051,3,1,0.0
816008051,4,1,0.0
816008051,5,1,0.0
816008051,6,1,0.0
816008051,7,1,0.0
816008051,8,1,0.0
816008051,9,1,0.31
816008051,10,1,0.0
816081525,6,1,0.02
816081525,7,1,0.2
816081525,8,1,0.55
816081525,10,1,0.02
816108383,7,1,0.1
816108383,8,1,0.1
816126204,1,1,0.0
816126204,2,1,0.0
816126204,3,1,0.0
816126204,4,1,0.7217
816126204,5,1,0.0
816126204,6,1,0.0
816126204,7,1,0.3114
816126204,8,1,0.0
816126204,9,1,0.0
816126204,10,1,1.0669
816127703,1,1,0.0
816127703,2,1,0.0
816127703,3,1,0.0
816127703,4,1,0.0
816127703,5,1,0.0
816127703,6,1,0.0
816127703,7,1,2.0
816127703,8,1,1.2
816127703,9,1,0.0
816127703,10,1,0.0
816159201,10,1,0.03
816177621,1,1,4.6913
816177621,2,1,17.0147
816177621,3,1,1.3962
816177621,4,1,3.9906
816177621,5,1,0.0
816177621,6,1,3.4263
816177621,7,1,7.7669
816177621,8,1,0.0
816177621,9,1,0.0
816177621,10,1,4.8169
816179697,8,1,0.02
816199595,7,1,0.28
816199595,8,1,9.0
816207575,10,1,0.17
816208324,8,1,0.01
816210539,1,1,0.0
816210539,2,1,0.0
816210539,3,1,0.0
816210539,4,1,0.0
816210539,5,1,0.0
816210539,6,1,0.0
816210539,7,1,0.0
816210539,8,1,0.7
816210539,9,1,0.0
816210539,10,1,0.0
816212998,7,1,0.009
816212998,8,1,0.001
816222699,1,1,0.5
816228075,6,1,1.0
816228075,7,1,2.0
816228075,8,1,5.0
816235778,8,1,0.55
816236587,1,1,0.41
816267994,7,1,0.56
816267994,8,1,0.6
816282398,7,1,0.01
816282398,8,1,0.02
816283570,8,1,0.08
816285122,8,1,0.3
816309510,4,1,0.02
816309510,7,1,0.03
816309510,8,1,0.04
816570833,9,1,0.03
816614182,6,1,23.74
816614182,7,1,14.65
816615020,8,1,1.2
816615020,10,1,6.0
816616883,7,1,0.03
816616883,8,1,0.2
816622168,6,1,0.7
816622168,8,1,1.0
816638580,7,1,0.3
816638580,8,1,0.7
816646963,7,1,0.3
816646963,8,1,0.1
816652227,7,1,0.002
816654867,6,1,10.0
816654867,7,1,30.0
816654867,8,1,49.47
816667227,7,1,0.2
816667227,8,1,0.8
816673339,7,1,0.005
816673339,8,1,0.025
816696196,1,1,0.0
816696196,2,1,0.0
816696196,3,1,0.0
816696196,4,1,0.5
816696196,5,1,0.0
816696196,6,1,0.0
816696196,7,1,0.35
816696196,8,1,0.35
816696196,9,1,0.0
816696196,10,1,0.0
816699679,7,1,0.12
816699679,8,1,0.15
816700715,1,1,0.0
816700715,2,1,0.0
816700715,3,1,0.0
816700715,4,1,0.01
816700715,5,1,0.0
816700715,6,1,0.0
816700715,7,1,0.0
816700715,8,1,0.01
816700715,9,1,0.0
816700715,10,1,0.0
816701680,7,1,0.02
816701680,8,1,0.07
816721468,7,1,0.1
816721468,8,1,0.2
816723481,8,1,0.8
816733788,8,1,0.1
816735416,7,1,0.75
816735416,8,1,3.0
816754439,6,1,1.0
816754439,7,1,2.0
816754439,8,1,1.0
816754486,7,1,0.06
816754486,8,1,0.42
816754691,1,1,0.0
816754691,2,1,0.0
816754691,3,1,0.3
816754691,4,1,0.5
816754691,5,1,0.0
816754691,6,1,0.0
816754691,7,1,0.0
816754691,8,1,0.0
816754691,9,1,0.0
816754691,10,1,0.0
816761921,8,1,0.01
816762739,4,1,3.0
816762739,5,1,3.5
816762739,6,1,11.0
816762739,7,1,4.5
816762739,8,1,13.0
816763282,7,1,4.561
816763282,8,1,16.0
816763282,9,1,0.0034
816777593,4,1,2.0
816777593,6,1,0.11
816777593,7,1,4.0
816809349,7,1,0.4
816809349,8,1,0.4
816901656,7,1,0.17
816901656,8,1,1.5
816902321,4,1,0.02
817069833,7,1,0.5
817069833,8,1,0.6
817077963,4,1,0.1
817088229,7,1,0.04
817088229,8,1,0.06
817093660,7,1,0.1
817093660,8,1,0.1
817115343,7,1,0.5
817115343,8,1,2.0
817116541,7,1,0.1
817116541,8,1,0.1
817126515,10,1,0.8
817138871,8,1,0.5
817138880,7,1,0.05
817138880,8,1,0.3
817163229,7,1,0.1
817163229,8,1,0.7
817163229,10,1,3.0
817169495,8,1,0.1
817171874,6,1,0.2
817171874,7,1,0.3
817171874,8,1,2.0
817177297,7,1,0.06
817177297,8,1,0.06
817181139,1,1,0.0
817181139,2,1,0.0
817181139,3,1,0.0
817181139,4,1,0.0
817181139,5,1,0.0
817181139,6,1,0.0
817181139,7,1,0.1
817181139,8,1,0.0
817181139,9,1,0.0
817181139,10,1,0.0
817186126,6,1,0.01
817186126,7,1,0.02
817186126,8,1,0.01
817196023,7,1,0.05
817196023,8,1,0.2
817202971,8,1,0.4
817223110,8,1,0.3
817225139,1,1,0.35
817225139,2,1,0.0
817225139,3,1,0.0
817225139,4,1,0.0
817225139,5,1,0.0
817225139,6,1,0.0
817225139,7,1,1.0
817225139,8,1,1.65
817225139,9,1,0.0
817225139,10,1,2.0
817229721,7,1,0.1
817229721,8,1,0.2
817231592,1,1,0.0
817231592,2,1,0.0
817231592,3,1,0.0
817231592,4,1,0.3
817231592,5,1,0.0
817231592,6,1,0.0
817231592,7,1,0.5
817231592,8,1,0.5
817231592,9,1,0.0
817231592,10,1,0.0
817237802,4,1,0.2
817237802,7,1,1.8
817237802,8,1,0.5
817249284,6,1,0.09
817249284,7,1,0.45
817249284,8,1,0.5
817250933,7,1,0.3
817250933,8,1,0.83
817260807,1,1,0.0
817260807,2,1,0.0
817260807,3,1,0.0
817260807,4,1,1.194
817260807,5,1,0.0
817260807,6,1,21.497
817260807,7,1,167.569
817260807,8,1,3.68
817260807,9,1,5.217
817260807,10,1,0.0
817288588,8,1,1.24
817297113,7,1,0.1
817297113,8,1,0.4
817300803,4,1,0.3
817300803,7,1,0.1
817300803,8,1,0.6
817309965,7,1,0.02
817309965,8,1,0.04
817311651,8,1,0.01
817319544,7,1,0.03
817322586,1,1,0.7
817322586,4,1,1.0
817322586,7,1,0.2
817479494,1,1,0.0
817479494,2,1,0.15
817479494,3,1,0.0
817479494,4,1,0.0
817479494,5,1,0.0
817479494,6,1,0.0
817479494,7,1,0.0
817479494,8,1,0.0
817479494,9,1,0.0
817479494,10,1,0.0
817531327,5,1,1.5
817531327,6,1,0.26
817531327,8,1,0.5
817631108,9,1,1.5
817635788,4,1,0.8
817635788,6,1,0.5
817635788,7,1,0.5
817635788,8,1,2.0
817637714,1,1,0.0
817637714,2,1,0.0
817637714,3,1,0.0
817637714,4,1,0.0
817637714,5,1,0.0
817637714,6,1,0.0
817637714,7,1,0.41
817637714,8,1,0.0
817637714,9,1,0.0
817637714,10,1,0.0
817640728,8,1,0.62
817660938,1,1,0.0
817660938,2,1,0.0
817660938,3,1,0.0
817660938,4,1,0.0
817660938,5,1,0.0
817660938,6,1,0.0
817660938,7,1,0.005
817660938,8,1,0.0
817660938,9,1,0.0
817660938,10,1,0.0
817662987,2,1,0.2
817662987,4,1,0.2
817662987,8,1,0.1
817682923,10,1,0.16
817685324,8,1,0.08
817686719,4,1,0.02
817686719,6,1,0.0
817686719,7,1,0.1
817686719,8,1,0.14
817717805,8,1,0.02
817727349,8,1,0.06
817728410,4,1,7.0
817728410,7,1,1.5
817728410,8,1,5.27
817733207,6,1,0.23
817733207,7,1,9.38
817733207,8,1,130.565
817741983,8,1,0.0
817744273,7,1,0.08
817744273,8,1,0.1
817754401,8,1,2.5
817755444,8,1,0.1
817756648,6,1,0.01
817760791,8,1,0.3
817781108,5,1,0.006
817781108,6,1,0.05
817781108,7,1,1.222
817784877,8,1,0.5
817785471,7,1,0.1
817785471,10,1,0.4
817787492,10,1,6.9
817788041,4,1,0.1
817788041,6,1,50.0
817788041,7,1,150.0
817788041,8,1,95.83
817799552,8,1,0.01
817806666,1,1,0.0
817806666,2,1,0.0
817806666,3,1,0.0
817806666,4,1,0.0
817806666,5,1,0.0
817806666,6,1,0.0
817806666,7,1,1.4
817806666,8,1,1.0
817806666,9,1,0.0
817806666,10,1,0.0
817811133,7,1,0.3
817811133,10,1,0.5
817815379,6,1,0.5
817815379,7,1,1.0
817815379,8,1,2.53
817816674,5,1,0.6
817816674,7,1,1.6
817816674,8,1,2.9
817819469,6,1,1.01
817819469,7,1,0.34
817819469,8,1,1.01
817821357,7,1,1.0
817821357,8,1,0.88
817823747,7,1,0.05
817823747,8,1,0.05
817857469,1,1,1.5
817857469,4,1,4.5
817857469,6,1,1.0
817857469,7,1,0.5
817857469,8,1,1.5
817858417,4,1,9.0
817858417,7,1,1.0
817858417,8,1,2.0
817858825,4,1,0.1
817858825,7,1,0.05
817861693,7,1,0.1
817861693,8,1,0.2
817870346,7,1,0.1
817870346,10,1,0.2
817879834,7,1,30.0
817879834,8,1,52.0634
817881972,10,1,0.01
817907302,6,1,0.5
817907302,7,1,2.3
817915614,10,1,0.11
817977266,7,1,3.5
817977266,8,1,5.0
818000294,10,1,0.35
818144623,7,1,0.03
818198981,8,1,0.1
818202788,10,1,3.47
818222000,1,1,0.0
818222000,2,1,0.0
818222000,3,1,200.0
818222000,4,1,120.0
818222000,5,1,0.0
818222000,6,1,30.0
818222000,7,1,140.0
818222000,8,1,70.879
818222000,9,1,0.0
818222000,10,1,0.0
818223408,6,1,0.0
818223408,8,1,0.0
818231401,8,1,6.53
818239609,2,1,1.0
818239609,4,1,0.1
818239609,6,1,0.1
818239609,7,1,0.1
818239609,8,1,0.2
818246907,8,1,0.89
818253488,1,1,6.64
818253488,3,1,11.55
818253488,7,1,0.88
818253488,8,1,14.17
818253488,9,1,2.53
818280115,7,1,1.5
818280115,8,1,0.5
818280115,10,1,3.0
818298468,7,1,0.1
818298468,8,1,0.2
818309048,4,1,0.2
818309048,6,1,0.8
818309048,7,1,12.0
818309048,8,1,17.0
818335612,1,1,0.0
818335612,2,1,0.0
818335612,3,1,0.0
818335612,4,1,0.0
818335612,5,1,0.0
818335612,6,1,0.0
818335612,7,1,0.0
818335612,8,1,0.0
818335612,9,1,0.0
818335612,10,1,1.22
818358260,8,1,0.01
818361304,1,1,0.0
818361304,2,1,0.0
818361304,3,1,0.0
818361304,4,1,0.0
818361304,5,1,0.0
818361304,6,1,0.0
818361304,7,1,0.0
818361304,8,1,0.09
818361304,9,1,0.0
818361304,10,1,0.0
818372699,4,1,17.48
818372699,7,1,7.05
818372699,8,1,4.99
818372699,9,1,6.53
818373061,1,1,0.0
818373061,2,1,0.0
818373061,3,1,0.0
818373061,4,1,0.0
818373061,5,1,0.0
818373061,6,1,0.0
818373061,7,1,0.2
818373061,8,1,0.49
818373061,9,1,0.0
818373061,10,1,0.0
818375761,1,1,0.02
818375761,7,1,0.68
818398031,7,1,0.1
818398031,8,1,0.1
818400214,8,1,0.01
818410280,7,1,0.6
818410280,8,1,3.0
818415403,7,1,0.01
818452700,7,1,0.94
818452700,8,1,2.0
818453519,1,1,0.0
818453519,2,1,0.0
818453519,3,1,0.8
818453519,4,1,0.0
818453519,5,1,0.0
818453519,6,1,0.1
818453519,7,1,0.1
818453519,8,1,0.0
818453519,9,1,0.0
818453519,10,1,0.0
818506782,1,1,0.0
818506782,2,1,0.0
818506782,3,1,0.0
818506782,4,1,0.0
818506782,5,1,0.0
818506782,6,1,0.0
818506782,7,1,0.02
818506782,8,1,0.0
818506782,9,1,0.0
818506782,10,1,0.0
818695321,1,1,0.0
818695321,2,1,0.0
818695321,3,1,0.0
818695321,4,1,0.0
818695321,5,1,0.0
818695321,6,1,0.0
818695321,7,1,0.02
818695321,8,1,0.0
818695321,9,1,0.0
818695321,10,1,0.0
818714365,1,1,0.01
818714365,2,1,0.0
818714365,3,1,0.0
818714365,4,1,0.0
818714365,5,1,0.0
818714365,6,1,0.0
818714365,7,1,0.06
818714365,8,1,0.0
818714365,9,1,0.0
818714365,10,1,0.0
818747188,6,1,0.05
818747188,10,1,0.2
818751513,8,1,0.01
818763507,6,1,0.0
818765219,8,1,0.25
818768240,1,1,0.6
818768240,6,1,1.0
818768240,7,1,5.0
818768240,8,1,2.0
818796683,6,1,0.7
818796683,7,1,2.0
818798935,6,1,0.01
818798935,8,1,0.05
818806560,6,1,0.2
818810130,8,1,0.3
818815419,8,1,0.3
818836354,4,1,0.03
818838431,10,1,0.4
818844068,1,1,0.0
818844068,2,1,0.0
818844068,3,1,0.0
818844068,4,1,0.0
818844068,5,1,0.0
818844068,6,1,0.0
818844068,7,1,0.26
818844068,8,1,0.0
818844068,9,1,0.0
818844068,10,1,0.0
818854826,7,1,0.4
818854826,8,1,0.1
818859867,6,1,0.05
818859867,8,1,0.1
818863636,5,1,0.4
818863636,7,1,2.8
818863636,8,1,0.02
818866391,1,1,0.0
818866391,2,1,2.61
818866391,3,1,0.0
818866391,4,1,0.0
818866391,5,1,0.0
818866391,6,1,0.0
818866391,7,1,0.0
818866391,8,1,0.0
818866391,9,1,0.0
818866391,10,1,0.0
818867674,1,1,0.2
818867674,7,1,0.05
818867674,8,1,0.15
818884695,8,1,0.7
818884695,9,1,0.1
818884695,10,1,0.1
818885064,4,1,2.0
818885064,7,1,0.5
818885616,6,1,0.1
818885616,8,1,0.1
818887316,7,1,0.5
818889515,7,1,0.5
818889515,8,1,0.27
818896833,6,1,0.01
818897237,7,1,0.0
818897237,8,1,2.0
818910157,1,1,2.5
818910157,4,1,3.0
818910157,7,1,0.5
818936889,8,1,0.01
818937620,10,1,0.03
818958672,1,1,0.0
818958672,2,1,0.0
818958672,3,1,0.0
818958672,4,1,0.0
818958672,5,1,0.0
818958672,6,1,0.0
818958672,7,1,0.4
818958672,8,1,0.0
818958672,9,1,0.0
818958672,10,1,0.0
818980569,1,1,0.0
818980569,2,1,0.0
818980569,3,1,0.0
818980569,4,1,0.0
818980569,5,1,0.0
818980569,6,1,0.0
818980569,7,1,0.01
818980569,8,1,0.0
818980569,9,1,0.0
818980569,10,1,0.0
819194747,1,1,0.0
819194747,2,1,0.01
819194747,3,1,0.0
819194747,4,1,0.0
819194747,5,1,0.0
819194747,6,1,0.0
819194747,7,1,0.0
819194747,8,1,0.0
819194747,9,1,0.0
819194747,10,1,0.0
819218256,4,1,0.01
819218256,7,1,0.04
819218256,8,1,0.08
819238236,8,1,0.01
819239245,1,1,0.0
819239245,2,1,0.0
819239245,3,1,0.0
819239245,4,1,0.0
819239245,5,1,0.0
819239245,6,1,0.0
819239245,7,1,0.0
819239245,8,1,0.0
819239245,9,1,0.0
819239245,10,1,0.3
819244598,1,1,0.0
819244598,2,1,0.0
819244598,3,1,0.0
819244598,4,1,0.0
819244598,5,1,0.0
819244598,6,1,0.0
819244598,7,1,0.09
819244598,8,1,0.0
819244598,9,1,0.0
819244598,10,1,0.0
819245380,1,1,0.0
819245380,2,1,0.0
819245380,3,1,0.0
819245380,4,1,0.0
819245380,5,1,0.0
819245380,6,1,0.0
819245380,7,1,0.01
819245380,8,1,0.0
819245380,9,1,0.0
819245380,10,1,0.0
819252797,6,1,0.03
819252797,8,1,0.12
819254368,4,1,1.0
819254368,6,1,0.1
819254368,7,1,0.16
819254368,8,1,0.7
819254368,9,1,0.5
819255452,3,1,0.5
819255452,7,1,1.5
819255452,8,1,1.0
819264574,4,1,0.5
819264574,6,1,0.5
819264574,7,1,0.5
819264574,8,1,0.5
819264574,10,1,19.0
819264597,8,1,0.01
819296385,2,1,0.01
819296385,7,1,0.07
819296385,8,1,0.08
819299786,1,1,0.0
819299786,2,1,0.0
819299786,3,1,0.0
819299786,4,1,0.0
819299786,5,1,0.0
819299786,6,1,0.0
819299786,7,1,0.11
819299786,8,1,0.0
819299786,9,1,0.0
819299786,10,1,0.0
819300112,1,1,0.0
819300112,2,1,0.0
819300112,3,1,0.0
819300112,4,1,0.0
819300112,5,1,0.0
819300112,6,1,0.0
819300112,7,1,0.0
819300112,8,1,0.0
819300112,9,1,0.0
819300112,10,1,0.01
819301401,1,1,0.15
819305088,7,1,0.05
819305088,8,1,0.4
819306531,1,1,0.0
819306531,2,1,0.0
819306531,3,1,0.5
819306531,4,1,0.0
819306531,5,1,0.0
819306531,6,1,0.0
819306531,7,1,2.5
819306531,8,1,4.0
819306531,9,1,0.0
819306531,10,1,0.8
819308651,7,1,0.8
819308651,8,1,0.39
819310683,1,1,0.0
819310683,2,1,0.0
819310683,3,1,0.0
819310683,4,1,0.0
819310683,5,1,0.0
819310683,6,1,0.0
819310683,7,1,0.04
819310683,8,1,0.0
819310683,9,1,0.0
819310683,10,1,0.0
819318375,6,1,0.8
819318375,7,1,1.0
819318375,8,1,1.0
819318375,10,1,4.0
819321837,4,1,1.05
819321837,8,1,0.52
819355626,7,1,0.01
819355626,8,1,0.05
819359534,7,1,3.6
819359534,8,1,1.0
819370207,8,1,0.5
819378951,8,1,0.11
819384121,7,1,0.03
819384121,8,1,0.02
819393731,4,1,0.02
819393731,7,1,0.15
819424716,10,1,0.02
819425970,1,1,0.0
819425970,2,1,0.0
819425970,3,1,0.0
819425970,4,1,0.0
819425970,5,1,0.0
819425970,6,1,0.01
819425970,7,1,0.04
819425970,8,1,0.02
819425970,9,1,0.0
819425970,10,1,0.0
819437408,7,1,0.02
819437788,7,1,0.1
819437788,8,1,0.8
819437788,10,1,0.6
819443383,3,1,0.5
819443383,4,1,0.5
819443383,8,1,0.5
819469910,6,1,0.379
819469910,7,1,1.651
819469910,8,1,1.123
819489378,4,1,1.0
819490981,7,1,0.01
819490981,10,1,0.01
819493234,7,1,0.01
819519226,7,1,0.005
819519226,8,1,0.005
819519226,10,1,0.01
819532904,1,1,0.01
819532904,7,1,0.04
819556305,8,1,0.01
819664053,6,1,0.38
819664053,7,1,1.84
819702940,1,1,0.0
819702940,2,1,0.0
819702940,3,1,0.0
819702940,4,1,0.0
819702940,5,1,0.0
819702940,6,1,0.0
819702940,7,1,0.004
819702940,8,1,0.0
819702940,9,1,0.0
819702940,10,1,0.0
819752141,8,1,0.08
819787047,1,1,0.0
819787047,2,1,0.0
819787047,3,1,0.0
819787047,4,1,0.0
819787047,5,1,0.0
819787047,6,1,0.0
819787047,7,1,0.1
819787047,8,1,0.1
819787047,9,1,0.0
819787047,10,1,0.0
819787139,8,1,0.5
819790336,4,1,0.15
819790336,7,1,0.05
819790336,8,1,0.3
819809359,7,1,0.05
819809359,8,1,0.1
819830770,8,1,0.01
819832656,7,1,4.0
819832656,8,1,9.0
819851296,8,1,0.7
819851949,7,1,0.5
819851949,8,1,2.5
819851975,6,1,15.0
819851975,7,1,15.0
819851975,8,1,24.1042
819855382,7,1,0.05
819855382,8,1,0.25
819857234,7,1,0.5
819857234,8,1,2.0
819860173,1,1,0.0
819860173,2,1,0.0
819860173,3,1,0.0
819860173,4,1,0.0
819860173,5,1,0.0
819860173,6,1,0.0
819860173,7,1,0.1
819860173,8,1,0.0
819860173,9,1,0.0
819860173,10,1,0.0
819860424,1,1,0.0
819860424,2,1,0.0
819860424,3,1,0.0
819860424,4,1,0.0
819860424,5,1,0.0
819860424,6,1,0.0
819860424,7,1,0.52
819860424,8,1,0.0
819860424,9,1,0.0
819860424,10,1,0.0
819860626,1,1,0.0
819860626,2,1,0.0
819860626,3,1,0.0
819860626,4,1,0.0
819860626,5,1,0.0
819860626,6,1,0.0
819860626,7,1,0.45
819860626,8,1,0.0
819860626,9,1,0.0
819860626,10,1,0.0
819867158,8,1,0.27
819887480,6,1,2.0
819887480,7,1,0.7
819887480,8,1,2.0
819898073,1,1,0.0
819898073,2,1,0.0
819898073,3,1,0.0
819898073,4,1,0.0
819898073,5,1,0.0
819898073,6,1,0.0
819898073,7,1,0.0
819898073,8,1,0.8
819898073,9,1,0.0
819898073,10,1,0.0
819920128,7,1,0.05
819920128,8,1,0.07
819938543,4,1,0.39
819938543,6,1,1.56
819938543,7,1,12.84
819938543,8,1,24.12
819948599,10,1,0.6
819949750,6,1,0.1
819949750,8,1,0.1
820236897,4,1,0.8
820242231,1,1,0.0
820242231,2,1,0.0
820242231,3,1,0.0
820242231,4,1,0.0
820242231,5,1,0.0
820242231,6,1,0.0
820242231,7,1,0.24
820242231,8,1,0.0
820242231,9,1,0.0
820242231,10,1,0.0
820249557,2,1,0.05
820290319,3,1,0.01
820290319,8,1,0.01
820311542,7,1,2.5
820311542,8,1,0.32
820311542,10,1,0.1
820312229,8,1,0.2
820332712,7,1,0.2
820332712,8,1,0.5
820339764,7,1,15.73
820339764,8,1,23.6
820343657,7,1,1.2
820343657,8,1,0.35
820343657,9,1,0.1
820343920,8,1,0.03
820356442,7,1,0.02
820361262,6,1,0.1
820361262,7,1,0.3
820361262,8,1,0.6
820362982,7,1,0.7
820362982,8,1,1.24
820398465,8,1,0.3
820399056,4,1,0.7
820400070,7,1,0.3
820400070,8,1,0.3
820410798,10,1,0.5
820412810,6,1,0.15
820412810,7,1,0.15
820412810,10,1,0.1
820413545,7,1,0.1
820413545,8,1,0.1
820415880,4,1,1.0
820415880,7,1,0.2
820415880,8,1,7.3
820416162,7,1,1.0
820416162,8,1,4.0
820419074,8,1,1.0
820422894,6,1,0.01
820422894,7,1,0.01
820422894,8,1,0.02
820444486,10,1,0.01
820444743,4,1,0.33
820444743,8,1,0.4
820457879,1,1,0.0
820457879,2,1,0.0
820457879,3,1,0.0
820457879,4,1,0.0
820457879,5,1,0.0
820457879,6,1,0.0
820457879,7,1,0.1
820457879,8,1,0.0
820457879,9,1,0.0
820457879,10,1,0.0
820466016,6,1,0.2
820466016,7,1,0.5
820466016,8,1,0.5
820502598,1,1,0.0
820502598,2,1,0.0
820502598,3,1,0.0
820502598,4,1,0.0
820502598,5,1,0.0
820502598,6,1,0.0
820502598,7,1,0.0
820502598,8,1,0.0
820502598,9,1,0.0
820502598,10,1,0.09
820513875,7,1,0.01
820513875,10,1,0.01
820549843,7,1,0.2
820549843,8,1,0.8
820606234,7,1,0.01
820606234,8,1,0.01
820721729,8,1,0.1
820753209,4,1,0.02
820753209,7,1,0.05
820753209,8,1,0.03
820761175,10,1,0.3
820763644,1,1,0.1
820763644,4,1,3.0
820763644,8,1,0.7
820792836,1,1,0.0
820792836,2,1,0.0
820792836,3,1,0.0
820792836,4,1,0.0
820792836,5,1,0.0
820792836,6,1,0.01
820792836,7,1,0.0
820792836,8,1,0.0
820792836,9,1,0.0
820792836,10,1,0.0
820816993,7,1,6.8
820853890,8,1,0.05
820853890,10,1,0.05
820857598,8,1,1.14
820859436,8,1,0.1
820861797,6,1,1.0
820861797,7,1,2.0
820861797,8,1,10.0
820861811,1,1,1.0
820861811,4,1,3.0
820861811,7,1,0.5
820861811,8,1,0.4
820861811,9,1,1.0
820868851,1,1,0.0
820868851,2,1,0.0
820868851,3,1,0.0
820868851,4,1,0.0
820868851,5,1,0.0
820868851,6,1,0.0
820868851,7,1,2.28
820868851,8,1,0.0
820868851,9,1,0.0
820868851,10,1,0.0
820870700,8,1,0.03
820904670,4,1,0.01
820906942,1,1,0.0
820906942,2,1,0.0
820906942,3,1,0.0
820906942,4,1,1.52
820906942,5,1,0.0
820906942,6,1,0.59
820906942,7,1,0.54
820906942,8,1,0.0
820906942,9,1,0.0
820906942,10,1,0.0
820911837,3,1,1.0
820911837,7,1,1.5
820911837,8,1,2.0
820912910,6,1,0.05
820912910,7,1,0.05
820913889,1,1,0.0
820913889,2,1,0.1
820913889,3,1,0.0
820913889,4,1,0.0
820913889,5,1,0.0
820913889,6,1,0.0
820913889,7,1,0.2
820913889,8,1,1.0
820913889,9,1,0.0
820913889,10,1,0.0
820919704,7,1,1.3
820919704,8,1,2.5
820932498,7,1,0.005
820932498,8,1,0.005
820936927,8,1,0.04
820939617,6,1,1.2
820939617,7,1,3.6
820939617,8,1,7.2
820940746,8,1,0.02
820976894,6,1,0.002
820976894,7,1,0.004
820976894,8,1,0.004
820984539,9,1,2.21
820989118,8,1,1.0
820989118,9,1,0.6
821020892,7,1,0.5
821020892,8,1,0.5
821038907,7,1,0.1
821038907,8,1,0.1
821200536,8,1,0.2
821244449,7,1,0.05
821244449,8,1,0.15
821273048,6,1,16.4
821305544,8,1,0.04
821324832,1,1,0.1
821324832,6,1,0.1
821324832,8,1,0.3
821345731,9,1,0.01
821348236,6,1,8.0
821348236,7,1,5.0
821348236,8,1,2.0
821356661,9,1,0.5
821357534,1,1,0.0
821357534,2,1,0.0
821357534,3,1,0.0
821357534,4,1,2.5
821357534,5,1,0.0
821357534,6,1,0.0
821357534,7,1,0.2
821357534,8,1,0.0
821357534,9,1,8.3
821357534,10,1,0.0
821360522,4,1,40.0
821360522,7,1,21.8516
821360522,8,1,31.0
821380560,4,1,0.7
821380560,8,1,0.4
821400779,8,1,0.2
821401216,4,1,1.0
821401216,7,1,0.5
821410813,1,1,0.0
821410813,2,1,0.0
821410813,3,1,0.0
821410813,4,1,0.0
821410813,5,1,0.0
821410813,6,1,0.0
821410813,7,1,0.04
821410813,8,1,0.0
821410813,9,1,0.0
821410813,10,1,0.0
821434779,8,1,0.42
821437845,1,1,0.0
821437845,2,1,0.0
821437845,3,1,0.0
821437845,4,1,0.0
821437845,5,1,0.0
821437845,6,1,0.0
821437845,7,1,0.029
821437845,8,1,0.0
821437845,9,1,0.0
821437845,10,1,0.0
821438145,4,1,1.0
821438145,6,1,0.6
821438145,7,1,1.6
821438145,8,1,1.8
821438523,1,1,0.0
821438523,2,1,0.0
821438523,3,1,11.4423
821438523,4,1,3.31
821438523,5,1,0.0
821438523,6,1,2.9851
821438523,7,1,38.9712
821438523,8,1,0.0
821438523,9,1,0.0
821438523,10,1,22.9514
821439574,8,1,5.66
821450498,4,1,28.24
821450498,6,1,0.09
821450498,7,1,35.83
821450498,9,1,14.64
821453917,8,1,0.5
821457738,8,1,0.03
821486260,7,1,2.0
821486260,8,1,1.0
821507620,8,1,1.0
821543354,1,1,0.0
821543354,2,1,0.0
821543354,3,1,0.0
821543354,4,1,0.0
821543354,5,1,0.0
821543354,6,1,0.0
821543354,7,1,0.0
821543354,8,1,0.0
821543354,9,1,0.0
821543354,10,1,0.03
821591815,7,1,0.01
821658147,7,1,0.4
821658147,8,1,1.0
821682525,3,1,0.2
821682525,4,1,0.5
821682525,7,1,2.2
821682525,8,1,0.5
821682525,9,1,2.5
821682525,10,1,0.6
821796726,3,1,0.4
821796726,4,1,55.38
821796726,6,1,10.71
821796726,9,1,0.45
821803982,7,1,0.01
821807028,1,1,0.0
821807028,2,1,0.0
821807028,3,1,0.0
821807028,4,1,0.25
821807028,5,1,0.0
821807028,6,1,0.0
821807028,7,1,0.0
821807028,8,1,0.0
821807028,9,1,0.0
821807028,10,1,0.0
821836694,9,1,47.895
821844715,7,1,0.25
821844715,8,1,0.5
821852010,8,1,0.02
821853470,7,1,1.0
821853470,8,1,2.5
821854114,8,1,0.01
821855037,4,1,0.1
821855037,7,1,0.05
821855037,8,1,0.05
821862956,1,1,0.0
821862956,2,1,0.0
821862956,3,1,0.0
821862956,4,1,1.0
821862956,5,1,0.0
821862956,6,1,0.0
821862956,7,1,0.0
821862956,8,1,0.0
821862956,9,1,0.0
821862956,10,1,0.0
821885878,1,1,0.0
821885878,2,1,0.0
821885878,3,1,0.0
821885878,4,1,0.0
821885878,5,1,0.0
821885878,6,1,0.0
821885878,7,1,0.0
821885878,8,1,0.37
821885878,9,1,0.0
821885878,10,1,0.0
821886981,8,1,0.03
821888952,1,1,0.0
821888952,2,1,0.0
821888952,3,1,0.0
821888952,4,1,0.0
821888952,5,1,0.0
821888952,6,1,0.0
821888952,7,1,0.03
821888952,8,1,0.0
821888952,9,1,0.0
821888952,10,1,0.0
821890614,7,1,0.5
821890614,8,1,1.0
821897626,4,1,0.1
821897626,7,1,0.1
821897626,8,1,0.3
821898656,8,1,0.07
821909003,4,1,0.55
821909003,7,1,0.15
821910427,1,1,0.0
821910427,2,1,0.0
821910427,3,1,0.0
821910427,4,1,0.0
821910427,5,1,0.0
821910427,6,1,0.0
821910427,7,1,0.05
821910427,8,1,0.0
821910427,9,1,0.0
821910427,10,1,0.0
821914646,7,1,0.2
821914646,8,1,0.1
821919938,1,1,0.0
821919938,2,1,0.0
821919938,3,1,0.0
821919938,4,1,0.0
821919938,5,1,0.0
821919938,6,1,0.0
821919938,7,1,2.0
821919938,8,1,2.0
821919938,9,1,0.0
821919938,10,1,0.0
821938105,7,1,0.2
821940069,1,1,0.0
821940069,2,1,0.0
821940069,3,1,0.0
821940069,4,1,0.0
821940069,5,1,0.0
821940069,6,1,0.0
821940069,7,1,0.06
821940069,8,1,0.0
821940069,9,1,0.0
821940069,10,1,0.0
821941214,4,1,0.2
821941214,6,1,0.2
821941214,7,1,0.6
821941626,8,1,0.01
821946032,1,1,0.0
821946032,2,1,0.0
821946032,3,1,0.0
821946032,4,1,0.0
821946032,5,1,0.0
821946032,6,1,0.0
821946032,7,1,0.0
821946032,8,1,0.0
821946032,9,1,0.3
821946032,10,1,0.0
821947252,1,1,0.0
821947252,2,1,0.0
821947252,3,1,0.0
821947252,4,1,0.0
821947252,5,1,0.0
821947252,6,1,0.0
821947252,7,1,0.4
821947252,8,1,0.6
821947252,9,1,0.0
821947252,10,1,0.0
821948632,7,1,0.3
821948632,8,1,1.1
821948657,6,1,0.04
821948657,7,1,0.1
821948657,8,1,0.2
821954396,4,1,2.22
821954396,7,1,0.5
821954396,8,1,0.26
821954396,10,1,2.22
821977171,8,1,0.2
821978191,1,1,0.0
821978191,2,1,0.0
821978191,3,1,0.0
821978191,4,1,0.0
821978191,5,1,0.0
821978191,6,1,0.0
821978191,7,1,0.4
821978191,8,1,0.0
821978191,9,1,0.0
821978191,10,1,0.0
821979220,7,1,0.5
821979220,8,1,1.2
821979220,10,1,0.9
821998422,4,1,29.15
821998422,6,1,6.44
821998422,7,1,6.518
821998422,9,1,53.62
822009652,7,1,0.1
822009652,10,1,0.2
822050156,7,1,0.4
822050156,8,1,2.8
822050938,6,1,0.01
822053691,3,1,0.01
822056214,8,1,0.05
822058337,4,1,0.1
822058337,8,1,0.1
822065547,6,1,0.25
822145431,1,1,0.0
822145431,2,1,0.0
822145431,3,1,11.0
822145431,4,1,0.0
822145431,5,1,0.0
822145431,6,1,0.0
822145431,7,1,3.5
822145431,8,1,0.0
822145431,9,1,0.0
822145431,10,1,0.0
822264663,8,1,0.04
822351252,1,1,0.0
822351252,2,1,0.0
822351252,3,1,0.0
822351252,4,1,0.17
822351252,5,1,0.0
822351252,6,1,0.0
822351252,7,1,0.0
822351252,8,1,0.0
822351252,9,1,0.0
822351252,10,1,0.0
822385059,1,1,0.0
822385059,2,1,0.12
822385059,3,1,0.0
822385059,4,1,0.0
822385059,5,1,0.0
822385059,6,1,0.0
822385059,7,1,0.0
822385059,8,1,0.0
822385059,9,1,0.0
822385059,10,1,0.0
822385577,4,1,0.6
822385577,7,1,0.1
822386164,1,1,0.0
822386164,2,1,0.0
822386164,3,1,0.0
822386164,4,1,0.0
822386164,5,1,0.0
822386164,6,1,0.0
822386164,7,1,0.05
822386164,8,1,0.0
822386164,9,1,0.0
822386164,10,1,0.0
822388129,1,1,0.0
822388129,2,1,0.0
822388129,3,1,0.0
822388129,4,1,0.0
822388129,5,1,0.0
822388129,6,1,0.0
822388129,7,1,0.005
822388129,8,1,0.0
822388129,9,1,0.0
822388129,10,1,0.0
822401830,7,1,0.002
822401830,8,1,0.008
822402017,1,1,0.0
822402017,2,1,0.0
822402017,3,1,0.0
822402017,4,1,0.0
822402017,5,1,0.0
822402017,6,1,0.0
822402017,7,1,0.1
822402017,8,1,0.0
822402017,9,1,0.0
822402017,10,1,0.0
822435530,1,1,0.0
822435530,2,1,0.0
822435530,3,1,0.0
822435530,4,1,0.0
822435530,5,1,0.0
822435530,6,1,0.0
822435530,7,1,1.1
822435530,8,1,0.0
822435530,9,1,0.0
822435530,10,1,0.0
822437568,4,1,0.2
822437568,8,1,0.6
822441981,6,1,2.41
822441981,7,1,0.43
822447816,1,1,54.97
822447816,4,1,375.452
822447816,7,1,116.484
822447816,8,1,130.59
822447816,9,1,1.609
822447816,10,1,13.905
822469478,7,1,0.01
822469478,8,1,0.01
822469478,10,1,0.01
822469817,6,1,3.0
822469817,7,1,0.99
822469915,3,1,2.5
822471718,2,1,1.0
822471718,7,1,0.5
822471718,8,1,1.0
822471760,8,1,0.03
822498413,8,1,0.05
822500029,6,1,0.2
822501374,1,1,0.2
822501374,4,1,0.1
822501374,8,1,0.2
822501374,10,1,0.12
822501487,4,1,0.4
822502958,6,1,2.0
822502958,7,1,2.0
822502958,8,1,6.0
822513903,10,1,0.1
822519726,8,1,0.5
822549420,7,1,0.25
822549420,8,1,0.75
822556950,10,1,0.001
822561333,7,1,0.01
822561333,8,1,0.01
822561958,1,1,0.0
822561958,2,1,0.0
822561958,3,1,0.0
822561958,4,1,0.03
822561958,5,1,0.0
822561958,6,1,0.0
822561958,7,1,0.03
822561958,8,1,0.04
822561958,9,1,0.0
822561958,10,1,0.0
822577522,7,1,0.02
822577522,8,1,0.01
822609554,7,1,0.04
822658332,6,1,0.25
822658332,7,1,0.25
822929661,1,1,0.0
822929661,2,1,0.0
822929661,3,1,0.0
822929661,4,1,0.0
822929661,5,1,0.0
822929661,6,1,0.0
822929661,7,1,0.05
822929661,8,1,0.0
822929661,9,1,0.0
822929661,10,1,0.0
822935826,1,1,0.0
822935826,2,1,0.0
822935826,3,1,0.0
822935826,4,1,0.0
822935826,5,1,0.0
822935826,6,1,0.0
822935826,7,1,0.1
822935826,8,1,0.0
822935826,9,1,0.0
822935826,10,1,0.0
822958542,1,1,0.0
822958542,2,1,0.0
822958542,3,1,0.0
822958542,4,1,0.0
822958542,5,1,0.0
822958542,6,1,0.0
822958542,7,1,0.0
822958542,8,1,0.1
822958542,9,1,0.0
822958542,10,1,0.1
822961815,8,1,0.01
822963736,1,1,0.0
822963736,2,1,0.0
822963736,3,1,0.0
822963736,4,1,0.5
822963736,5,1,0.0
822963736,6,1,0.0
822963736,7,1,0.0
822963736,8,1,0.5
822963736,9,1,0.0
822963736,10,1,0.0
822963976,1,1,0.0
822963976,2,1,0.0
822963976,3,1,0.0
822963976,4,1,0.0
822963976,5,1,0.0
822963976,6,1,0.0
822963976,7,1,0.4
822963976,8,1,0.0
822963976,9,1,0.0
822963976,10,1,0.0
822988943,7,1,0.1
822988943,8,1,0.4
822993594,1,1,0.0
822993594,2,1,0.0
822993594,3,1,0.0
822993594,4,1,0.0
822993594,5,1,0.0
822993594,6,1,0.0
822993594,7,1,0.01
822993594,8,1,0.008
822993594,9,1,0.0
822993594,10,1,0.0
822994370,8,1,0.01
822994779,7,1,0.8
822994779,8,1,0.1
823002534,10,1,1.5
823010056,1,1,0.0
823010056,2,1,0.0
823010056,3,1,0.0
823010056,4,1,0.0
823010056,5,1,0.0
823010056,6,1,0.0
823010056,7,1,0.0001
823010056,8,1,0.0
823010056,9,1,0.0
823010056,10,1,0.0
823011239,6,1,0.01
823011239,7,1,0.1
823011239,8,1,0.1
823013668,6,1,0.25
823013668,8,1,0.1
823013668,9,1,0.05
823015048,7,1,0.2
823015048,8,1,0.9
823016692,6,1,0.1
823016692,8,1,0.37
823016692,10,1,0.4
823021083,8,1,0.3
823021083,10,1,0.2
823022021,1,1,0.0
823022021,2,1,0.0
823022021,3,1,5.0
823022021,4,1,0.0
823022021,5,1,0.0
823022021,6,1,0.0
823022021,7,1,14.0
823022021,8,1,30.0
823022021,9,1,0.0
823022021,10,1,0.0
823023859,7,1,30.1743
823023859,8,1,31.0
823027639,1,1,0.0
823027639,2,1,0.0
823027639,3,1,0.0
823027639,4,1,0.0
823027639,5,1,0.0
823027639,6,1,0.0
823027639,7,1,0.3
823027639,8,1,0.0
823027639,9,1,0.0
823027639,10,1,0.0
823060340,7,1,0.5
823060340,8,1,0.7
823083595,7,1,0.03
823083595,8,1,0.1
823100126,8,1,0.01
823104008,4,1,39.94
823104008,7,1,115.26
823104008,8,1,45.21
823105405,8,1,0.1
823113120,8,1,0.1
823113919,4,1,0.03
823113919,7,1,0.04
823113919,8,1,0.03
823133468,1,1,0.0
823133468,2,1,0.0
823133468,3,1,0.52
823133468,4,1,0.0
823133468,5,1,0.0
823133468,6,1,0.0
823133468,7,1,0.5
823133468,8,1,0.0
823133468,9,1,0.0
823133468,10,1,0.0
823134657,4,1,0.4
823134657,7,1,0.1
823157624,10,1,6.0
823166377,8,1,0.02
823178949,6,1,0.2
823178949,7,1,0.4
823178949,8,1,1.0
823208851,1,1,0.0
823208851,2,1,0.0
823208851,3,1,0.0
823208851,4,1,0.0
823208851,5,1,0.0
823208851,6,1,0.0
823208851,7,1,0.41
823208851,8,1,0.0
823208851,9,1,0.0
823208851,10,1,0.0
823245564,4,1,0.5
823245564,8,1,0.5
823436348,7,1,0.3
823436348,8,1,0.2
823453231,7,1,0.2
823457989,4,1,0.1
823457989,7,1,0.2
823457989,8,1,1.2
823500508,6,1,0.1
823500508,8,1,0.8
823500932,7,1,0.15
823505031,7,1,0.01
823505031,8,1,0.09
823505816,7,1,0.13
823505816,8,1,0.3
823528461,3,1,0.01
823530492,1,1,0.0
823530492,2,1,0.0
823530492,3,1,0.0
823530492,4,1,0.0
823530492,5,1,0.0
823530492,6,1,0.0
823530492,7,1,0.1
823530492,8,1,0.0
823530492,9,1,0.0
823530492,10,1,0.15
823536453,6,1,69.43
823536453,7,1,3.298
823539854,8,1,0.1
823545016,4,1,0.15
823545422,1,1,0.0
823545422,2,1,0.0
823545422,3,1,0.0
823545422,4,1,0.0
823545422,5,1,0.0
823545422,6,1,0.0
823545422,7,1,0.1
823545422,8,1,0.0
823545422,9,1,0.0
823545422,10,1,0.0
823552579,8,1,0.1
823555564,7,1,0.3
823555564,8,1,0.1
823581264,1,1,0.5
823581264,4,1,0.5
823581264,7,1,1.3
823581264,8,1,2.0
823581264,9,1,2.0
823588012,4,1,7.6
823591436,8,1,0.1
823591853,8,1,0.1
823596865,7,1,0.04
823603445,4,1,2.5
823603445,7,1,2.5
823603445,8,1,10.0
823603581,6,1,0.2
823603581,8,1,0.1
823604215,7,1,0.15
823616896,4,1,2.0
823616896,6,1,6.0
823616896,7,1,7.0
823616896,8,1,10.0
823617739,7,1,1.5
823619842,1,1,0.0
823619842,2,1,0.0
823619842,3,1,0.0
823619842,4,1,0.0
823619842,5,1,0.0
823619842,6,1,0.0
823619842,7,1,0.02
823619842,8,1,0.0
823619842,9,1,0.0
823619842,10,1,0.05
823632585,4,1,0.35
823632585,7,1,0.25
823632585,8,1,0.4
823636530,4,1,2.0
823636530,7,1,2.0
823636530,8,1,1.0
823638473,4,1,0.5
823638473,8,1,0.5
823671637,8,1,0.0
823673629,8,1,0.125
823878421,1,1,0.0
823878421,2,1,0.0
823878421,3,1,0.0
823878421,4,1,0.0
823878421,5,1,0.0
823878421,6,1,0.0
823878421,7,1,0.02
823878421,8,1,0.0
823878421,9,1,0.0
823878421,10,1,0.0
823923878,4,1,0.04
823923878,7,1,0.01
823923878,8,1,0.4
823935031,1,1,0.0
823935031,2,1,0.0
823935031,3,1,0.0
823935031,4,1,0.0
823935031,5,1,0.0
823935031,6,1,0.0
823935031,7,1,0.04
823935031,8,1,0.0
823935031,9,1,0.0
823935031,10,1,0.0
823935473,1,1,0.0
823935473,2,1,0.0
823935473,3,1,0.0
823935473,4,1,0.0
823935473,5,1,0.0
823935473,6,1,0.0
823935473,7,1,0.1
823935473,8,1,0.0
823935473,9,1,0.0
823935473,10,1,0.0
823943824,6,1,0.1
823943824,8,1,0.8
823944511,1,1,0.0
823944511,2,1,0.0
823944511,3,1,0.0
823944511,4,1,0.0
823944511,5,1,0.0
823944511,6,1,0.0
823944511,7,1,0.1
823944511,8,1,0.0
823944511,9,1,0.0
823944511,10,1,0.0
823956478,2,1,2.5
823956478,4,1,4.0
823956478,6,1,7.0
823956478,7,1,1.5
823980964,7,1,0.03
823980964,8,1,0.01
823984975,4,1,0.1
823984975,7,1,0.2
823984975,8,1,0.1
824001787,4,1,0.12
824001787,6,1,0.2
824001787,8,1,0.4
824002133,6,1,3.6
824002133,7,1,10.0
824002133,8,1,5.0
824003119,4,1,0.4
824003119,7,1,0.05
824003119,8,1,0.15
824008594,3,1,4.4074
824008594,6,1,562.2889
824008594,7,1,43.8219
824008594,10,1,39.6448
824009540,4,1,0.1
824009540,7,1,0.1
824009540,8,1,0.2
824040398,4,1,0.7
824040398,7,1,0.53
824040398,8,1,0.3
824040822,6,1,0.01
824040822,7,1,0.02
824040822,8,1,0.07
824043030,8,1,0.01
824053877,1,1,0.0
824053877,2,1,0.0
824053877,3,1,0.0
824053877,4,1,0.0
824053877,5,1,0.0
824053877,6,1,0.0
824053877,7,1,0.41
824053877,8,1,0.5
824053877,9,1,0.0
824053877,10,1,0.0
824069270,1,1,0.05
824069270,7,1,0.05
824069270,8,1,0.4
824071564,8,1,0.09
824071703,7,1,0.05
824071703,8,1,0.05
824073545,3,1,5.33
824073545,4,1,14.58
824073545,6,1,17.58
824073545,7,1,15.73
824073545,9,1,167.39
824074564,7,1,0.05
824074564,8,1,0.05
824100286,7,1,0.02
824106927,1,1,0.0
824106927,2,1,0.0
824106927,3,1,0.0
824106927,4,1,0.0
824106927,5,1,0.0
824106927,6,1,0.0
824106927,7,1,0.38
824106927,8,1,1.2
824106927,9,1,0.0
824106927,10,1,4.0
824109875,8,1,0.12
824112577,4,1,0.04
824112577,7,1,0.04
824129298,6,1,0.2
824129298,7,1,0.3
824129298,8,1,0.5
824130490,4,1,60.368
824130490,6,1,7.817
824130490,7,1,6.191
824130490,9,1,33.661
824137259,7,1,0.15
824163123,7,1,1.5
824163123,8,1,3.0
824173458,2,1,5.314
824173458,3,1,29.98
824173458,4,1,4.293
824173458,6,1,28.614
824173458,7,1,24.062
824173458,8,1,6.23
824173458,9,1,13.465
824175013,6,1,0.8
824176685,1,1,3.78
824176685,2,1,0.87
824176685,4,1,7.42
824176685,7,1,26.55
824176685,8,1,11.72
824176685,10,1,46.32
824182470,7,1,0.05
824182470,8,1,0.2
824182470,10,1,0.05
824182931,7,1,0.2
824186337,10,1,0.1
824188374,1,1,0.0
824188374,2,1,0.0
824188374,3,1,0.0
824188374,4,1,0.02
824188374,5,1,0.0
824188374,6,1,0.0
824188374,7,1,0.05
824188374,8,1,0.15
824188374,9,1,0.0
824188374,10,1,0.02
824223364,7,1,0.005
824223364,8,1,0.005
824223483,7,1,0.1
824223483,8,1,0.7
824263980,6,1,1.0
824263980,7,1,9.0
824263980,8,1,10.0
824271276,3,1,26.58
824271276,4,1,51.8
824271276,6,1,7.76
824271276,7,1,5.36
824271276,8,1,1.81
824271276,9,1,20.38
824286506,1,1,0.0
824286506,2,1,0.0
824286506,3,1,0.0
824286506,4,1,0.0
824286506,5,1,0.0
824286506,6,1,0.0
824286506,7,1,0.0
824286506,8,1,0.0
824286506,9,1,45.0
824286506,10,1,0.0
824289353,1,1,0.0
824289353,2,1,0.0
824289353,3,1,0.0
824289353,4,1,0.0
824289353,5,1,0.0
824289353,6,1,0.0
824289353,7,1,0.22
824289353,8,1,0.0
824289353,9,1,0.0
824289353,10,1,0.0
824318889,8,1,1.2
824330611,7,1,0.07
824330611,8,1,0.03
824332318,10,1,0.02
824400225,1,1,0.0
824400225,2,1,0.0
824400225,3,1,0.0
824400225,4,1,0.0
824400225,5,1,0.0
824400225,6,1,0.0
824400225,7,1,7.5
824400225,8,1,0.0
824400225,9,1,0.0
824400225,10,1,0.0
824478475,4,1,0.4
824478475,7,1,0.1
824478475,8,1,0.2
824530112,8,1,1.0
824532363,1,1,0.0
824532363,2,1,0.0
824532363,3,1,0.0
824532363,4,1,0.0
824532363,5,1,0.0
824532363,6,1,0.0
824532363,7,1,0.12
824532363,8,1,0.0
824532363,9,1,0.0
824532363,10,1,0.0
824532672,1,1,0.0
824532672,2,1,0.0
824532672,3,1,0.0
824532672,4,1,0.0
824532672,5,1,0.0
824532672,6,1,0.0
824532672,7,1,0.015
824532672,8,1,0.0
824532672,9,1,0.0
824532672,10,1,0.0
824533272,1,1,0.0
824533272,2,1,0.0
824533272,3,1,0.0
824533272,4,1,0.0
824533272,5,1,0.0
824533272,6,1,0.0
824533272,7,1,0.071
824533272,8,1,0.0
824533272,9,1,0.0
824533272,10,1,0.0
824534670,6,1,0.1
824534670,8,1,0.1
824534983,7,1,0.1
824534983,8,1,0.3
824535682,1,1,0.0
824535682,2,1,0.0
824535682,3,1,0.0
824535682,4,1,0.0
824535682,5,1,0.0
824535682,6,1,0.0
824535682,7,1,0.01
824535682,8,1,0.0
824535682,9,1,0.0
824535682,10,1,0.0
824538078,1,1,1.9
824538078,2,1,0.0
824538078,3,1,0.0
824538078,4,1,0.0
824538078,5,1,0.0
824538078,6,1,0.0
824538078,7,1,0.0
824538078,8,1,0.0
824538078,9,1,0.0
824538078,10,1,0.0
824539426,7,1,0.3
824539426,8,1,0.3
824561019,6,1,0.5
824561019,10,1,4.5
824562785,7,1,0.03
824562785,8,1,0.01
824568338,6,1,0.01
824568338,7,1,0.06
824573701,7,1,1.0
824586938,10,1,10.0
824618828,6,1,0.2
824618828,7,1,0.55
824622123,7,1,0.02
824625121,7,1,0.04
824625542,4,1,0.5
824625542,10,1,1.5
824628041,10,1,3.0
824632575,8,1,0.36
824634368,7,1,0.4
824634368,8,1,0.6
824652328,8,1,0.2
824655454,6,1,0.05
824655454,8,1,0.05
824656826,1,1,0.0
824656826,2,1,0.0
824656826,3,1,0.0
824656826,4,1,0.5
824656826,5,1,0.0
824656826,6,1,0.0
824656826,7,1,2.0
824656826,8,1,2.0
824656826,9,1,0.0
824656826,10,1,2.5
824656829,6,1,5.364
824656829,7,1,0.126
824656829,9,1,6.121
824675768,1,1,0.0
824675768,2,1,0.0
824675768,3,1,0.0
824675768,4,1,0.0
824675768,5,1,0.0
824675768,6,1,0.0
824675768,7,1,0.06
824675768,8,1,0.0
824675768,9,1,0.0
824675768,10,1,0.0
824675990,4,1,1.73
824675990,6,1,3.5
824675990,7,1,4.5
824675990,8,1,8.0
824676603,10,1,0.1
824682516,4,1,1.5
824682516,7,1,0.1
824692760,4,1,0.2
824692760,6,1,0.3
824692760,7,1,0.5
824692760,8,1,1.0
824693443,3,1,0.2
824693443,4,1,0.1
824693443,7,1,0.8
824693443,8,1,2.5
824738771,6,1,0.01
824738771,7,1,0.01
824738771,8,1,0.04
824747507,7,1,0.006
824747507,8,1,0.054
824752650,8,1,0.02
824753171,6,1,0.2
824753171,7,1,0.4
824754283,6,1,0.05
824754283,7,1,0.05
824761152,6,1,0.075
824761152,7,1,0.075
824761152,8,1,0.3
824821717,1,1,0.0
824821717,2,1,0.0
824821717,3,1,0.0
824821717,4,1,0.0
824821717,5,1,0.0
824821717,6,1,0.0
824821717,7,1,21.0
824821717,8,1,0.0
824821717,9,1,0.0
824821717,10,1,0.0
824843119,7,1,20.0
824843119,8,1,20.0
824850831,7,1,0.4
824850831,8,1,0.1
825036428,6,1,0.015
825036428,8,1,0.045
825042769,8,1,1.0
825042769,10,1,2.0
825090966,7,1,0.02
825090966,8,1,0.04
825093947,1,1,0.03
825093947,8,1,0.07
825097398,6,1,0.02
825097398,7,1,0.01
825098434,7,1,0.1
825145852,7,1,0.02
825145852,8,1,0.01
825147461,7,1,0.18
825147461,8,1,0.02
825148995,8,1,0.1
825159418,6,1,0.7
825159418,7,1,1.0
825159418,8,1,3.0
825196916,6,1,0.5
825196916,7,1,0.5
825196916,8,1,1.0
825197971,4,1,0.1
825197971,7,1,0.2
825197971,8,1,0.2
825199900,6,1,0.1
825199900,7,1,0.2
825199900,8,1,0.7
825207009,1,1,0.0
825207009,2,1,0.0
825207009,3,1,0.0
825207009,4,1,0.0
825207009,5,1,0.0
825207009,6,1,0.0
825207009,7,1,0.02
825207009,8,1,0.0
825207009,9,1,0.0
825207009,10,1,0.0
825215438,6,1,0.05
825215438,8,1,0.15
825218888,8,1,0.03
825223942,6,1,1.0
825223942,7,1,2.9
825223942,8,1,5.0
825225778,7,1,210.02
825225778,8,1,4.57
825230823,7,1,0.3
825230823,8,1,1.0
825230823,10,1,1.0
825254228,7,1,0.5
825254705,8,1,1.0
825257973,7,1,1.0
825257973,8,1,2.0
825257973,10,1,3.8
825258133,8,1,0.45
825261154,1,1,10.0
825261154,2,1,4.0
825261154,3,1,10.0
825261154,4,1,0.0
825261154,5,1,0.0
825261154,6,1,0.0
825261154,7,1,1.0
825261154,8,1,3.0
825261154,9,1,0.0
825261154,10,1,0.0
825263601,1,1,0.0
825263601,2,1,0.0
825263601,3,1,0.0
825263601,4,1,0.0
825263601,5,1,0.0
825263601,6,1,0.0
825263601,7,1,4.0
825263601,8,1,6.0
825263601,9,1,0.0
825263601,10,1,0.0
825265364,6,1,0.001
825267825,6,1,2.0
825267825,7,1,2.0
825279307,8,1,1.0
825281292,6,1,0.4
825281292,7,1,0.9
825281292,8,1,1.0
825285760,2,1,0.01
825310382,6,1,0.24
825310382,8,1,1.0
825314978,8,1,0.003
825340063,8,1,1.5
825346406,1,1,0.0
825346406,2,1,0.0
825346406,3,1,0.0
825346406,4,1,0.0
825346406,5,1,0.0
825346406,6,1,0.0
825346406,7,1,0.27
825346406,8,1,0.0
825346406,9,1,0.0
825346406,10,1,0.0
825379769,8,1,0.01
825417505,8,1,0.11
825491200,7,1,0.1
825491200,8,1,0.43
825499787,8,1,0.06
825651861,1,1,0.0
825651861,2,1,0.0
825651861,3,1,0.0
825651861,4,1,0.0
825651861,5,1,0.0
825651861,6,1,0.0
825651861,7,1,0.3
825651861,8,1,0.0
825651861,9,1,0.0
825651861,10,1,0.0
825658530,6,1,0.01
825658530,8,1,0.02
825658970,1,1,0.0
825658970,2,1,0.0
825658970,3,1,0.0
825658970,4,1,0.0
825658970,5,1,0.0
825658970,6,1,0.0
825658970,7,1,0.1
825658970,8,1,0.3
825658970,9,1,0.0
825658970,10,1,0.0
825697646,8,1,0.11
825731180,7,1,0.32
825731180,8,1,0.35
825738709,1,1,0.0
825738709,2,1,0.0
825738709,3,1,0.0
825738709,4,1,0.0
825738709,5,1,0.0
825738709,6,1,0.0
825738709,7,1,0.02
825738709,8,1,0.0
825738709,9,1,0.0
825738709,10,1,0.0
825741232,8,1,1.0
825741376,8,1,0.25
825750371,1,1,0.0
825750371,2,1,15.0
825750371,3,1,0.0
825750371,4,1,15.0
825750371,5,1,0.0
825750371,6,1,0.0
825750371,7,1,25.0
825750371,8,1,29.8765
825750371,9,1,0.0
825750371,10,1,0.0
825780635,4,1,0.2
825780635,7,1,0.3
825780635,8,1,0.5
825781869,7,1,3.0
825781869,8,1,4.0
825789812,8,1,1.47
825803204,8,1,0.007
825803204,10,1,0.003
825833136,7,1,0.1
825833136,8,1,0.5
825837240,8,1,0.13
825840602,7,1,0.09
825856305,1,1,0.0
825856305,2,1,0.0
825856305,3,1,0.0
825856305,4,1,0.0
825856305,5,1,0.0
825856305,6,1,0.0
825856305,7,1,0.0
825856305,8,1,0.01
825856305,9,1,0.0
825856305,10,1,0.0
825882124,8,1,0.5
825891912,7,1,0.1
825891912,8,1,0.9
825894311,7,1,0.005
825894311,10,1,0.005
825923166,8,1,0.05
825956836,8,1,0.05
825967690,1,1,3.0
825967690,7,1,1.0
825967690,8,1,1.15
825967690,10,1,2.0
825968240,10,1,0.01
826036435,3,1,0.01
826036435,4,1,0.01
826036435,7,1,0.02
826135505,4,1,0.4
826135505,7,1,0.5
826179370,6,1,0.003
826179370,8,1,0.0004
826197682,7,1,0.005
826197682,8,1,0.005
826198914,8,1,0.02
826202300,1,1,0.0
826202300,2,1,0.0
826202300,3,1,0.0
826202300,4,1,0.0
826202300,5,1,0.0
826202300,6,1,0.0
826202300,7,1,0.19
826202300,8,1,0.4
826202300,9,1,0.0
826202300,10,1,0.0
826226813,1,1,1.0
826226813,4,1,0.5
826236299,7,1,0.1
826236299,8,1,0.2
826237729,8,1,0.02
826240520,6,1,2.34
826240520,9,1,79.05
826241401,7,1,2.0
826241401,8,1,1.5
826246174,7,1,0.1
826267421,8,1,0.01
826268145,10,1,0.0
826271997,7,1,0.7
826271997,8,1,0.04
826277324,7,1,1.0
826277324,8,1,5.0
826287066,1,1,0.0
826287066,2,1,0.1
826287066,3,1,0.0
826287066,4,1,0.0
826287066,5,1,0.0
826287066,6,1,0.0
826287066,7,1,1.12
826287066,8,1,1.0
826287066,9,1,0.0
826287066,10,1,0.0
826289979,7,1,0.12
826289979,8,1,0.12
826291594,1,1,0.0
826291594,2,1,0.0
826291594,3,1,0.0
826291594,4,1,0.0
826291594,5,1,0.0
826291594,6,1,0.0
826291594,7,1,0.01
826291594,8,1,0.0
826291594,9,1,0.0
826291594,10,1,0.0
826293039,7,1,0.01
826293039,8,1,0.01
826293281,1,1,0.0
826293281,2,1,0.0
826293281,3,1,0.0
826293281,4,1,9.0
826293281,5,1,0.0
826293281,6,1,0.0
826293281,7,1,0.7
826293281,8,1,0.8
826293281,9,1,0.0
826293281,10,1,0.0
826293526,8,1,0.05
826325978,8,1,0.14
826419277,1,1,1.55
826419277,2,1,0.0
826419277,3,1,0.0
826419277,4,1,0.0
826419277,5,1,0.0
826419277,6,1,0.0
826419277,7,1,0.0
826419277,8,1,0.0
826419277,9,1,0.0
826419277,10,1,0.0
826440483,7,1,0.04
826440483,8,1,0.03
826446007,6,1,0.2
826446007,10,1,0.1
826595085,1,1,0.0
826595085,2,1,0.0
826595085,3,1,0.0
826595085,4,1,0.0
826595085,5,1,0.0
826595085,6,1,0.0
826595085,7,1,0.01
826595085,8,1,0.0
826595085,9,1,0.0
826595085,10,1,0.0
826595777,1,1,0.0
826595777,2,1,0.0
826595777,3,1,0.0
826595777,4,1,0.0
826595777,5,1,0.0
826595777,6,1,0.0
826595777,7,1,0.0035
826595777,8,1,0.0
826595777,9,1,0.0
826595777,10,1,0.0
826691791,6,1,0.2
826691791,7,1,0.2
826691791,8,1,0.1
826694101,8,1,0.64
826725406,6,1,0.1
826725406,7,1,0.1
826725406,8,1,0.1
826742207,7,1,0.005
826742207,8,1,0.005
826743048,8,1,0.14
826836761,6,1,0.01
826836761,8,1,0.01
826838170,6,1,0.01
826838170,7,1,0.01
826838170,8,1,0.01
826838170,10,1,0.42
827042757,1,1,0.0
827042757,2,1,0.0
827042757,3,1,0.0
827042757,4,1,1.296
827042757,5,1,0.0
827042757,6,1,0.0205
827042757,7,1,0.6042
827042757,8,1,0.0
827042757,9,1,0.0
827042757,10,1,1.0524
827132844,7,1,1.93
827132844,8,1,0.61
827166660,7,1,0.02
827166660,8,1,0.03
827166660,10,1,0.05
827184752,8,1,0.1
827189972,1,1,0.0
827189972,2,1,0.0
827189972,3,1,0.15
827189972,4,1,0.0
827189972,5,1,0.0
827189972,6,1,0.0
827189972,7,1,0.0
827189972,8,1,0.15
827189972,9,1,0.0
827189972,10,1,0.0
827214370,1,1,0.0
827214370,2,1,0.0
827214370,3,1,0.0
827214370,4,1,0.0
827214370,5,1,0.0
827214370,6,1,0.0
827214370,7,1,0.27
827214370,8,1,1.1
827214370,9,1,0.0
827214370,10,1,0.0
827220140,7,1,0.3
827220140,10,1,3.2
827241087,8,1,0.3
827242030,8,1,0.1
827242382,6,1,0.5
827242382,7,1,3.5
827242382,8,1,1.0
827265123,6,1,0.2
827265123,7,1,0.7
827265123,8,1,0.6
827267924,8,1,5.3
827291549,10,1,5.0
827292262,8,1,2.0
827319899,4,1,0.1
827319899,7,1,0.4
827324222,8,1,0.01
827325644,1,1,0.04
827325644,7,1,0.01
827383893,7,1,0.01
827383893,8,1,0.02
827486886,4,1,0.04
827486886,8,1,0.02
827486886,10,1,0.02
827640280,10,1,0.2
827674491,7,1,0.4
827674491,8,1,6.0
827674595,1,1,0.0
827674595,2,1,1.5
827674595,3,1,0.0
827674595,4,1,0.0
827674595,5,1,0.0
827674595,6,1,0.0
827674595,7,1,0.0
827674595,8,1,0.0
827674595,9,1,0.0
827674595,10,1,0.0
827691679,4,1,0.1
827691679,7,1,0.2
827691679,8,1,0.2
827718337,7,1,0.005
827718337,8,1,0.005
827733394,6,1,8.19
827733394,7,1,53.51
827733394,8,1,87.906
827743192,4,1,0.25
827743192,8,1,0.25
827745829,4,1,0.2
827745829,7,1,0.2
827745829,8,1,0.1
827745829,10,1,0.1
827751158,1,1,0.0
827751158,2,1,4.025
827751158,3,1,0.0
827751158,4,1,4.143
827751158,5,1,4.742
827751158,6,1,0.0
827751158,7,1,5.783
827751158,8,1,9.222
827751158,9,1,7.862
827751158,10,1,0.0
827780221,4,1,0.3
827781844,6,1,0.1
827781844,7,1,0.1
827781844,8,1,0.3
827782741,8,1,0.2
827785703,8,1,0.24
827791766,7,1,0.05
827791766,9,1,0.04
827804008,10,1,2.0
827814573,8,1,0.005
827814573,10,1,0.005
827816532,1,1,0.4
827816532,4,1,0.2
827816532,7,1,0.3
827816532,8,1,1.5
827816532,10,1,0.6
827861472,4,1,2.2
827861472,6,1,1.0
827861472,7,1,0.4
827861472,8,1,0.6
827891010,3,1,0.2
827891010,7,1,0.13
827891010,8,1,0.3
827938339,1,1,0.0
827938339,2,1,0.0
827938339,3,1,0.0
827938339,4,1,0.0
827938339,5,1,0.0
827938339,6,1,0.0
827938339,7,1,23.7
827938339,8,1,0.0
827938339,9,1,0.0
827938339,10,1,0.0
827938391,1,1,0.0
827938391,2,1,0.0
827938391,3,1,0.0
827938391,4,1,0.0
827938391,5,1,0.0
827938391,6,1,0.0
827938391,7,1,0.0
827938391,8,1,0.0
827938391,9,1,0.0
827938391,10,1,0.24
827940751,1,1,0.3301
827940751,2,1,0.0
827940751,3,1,0.0
827940751,4,1,0.0
827940751,5,1,0.0
827940751,6,1,0.0963
827940751,7,1,0.5371
827940751,8,1,0.0
827940751,9,1,0.0
827940751,10,1,0.8355
827985733,7,1,0.2
827985733,10,1,0.3
828008095,7,1,0.1
828008095,8,1,0.2
828021652,10,1,3.0
828157037,8,1,0.16
828161754,6,1,0.05
828161754,7,1,0.15
828221856,1,1,0.0
828221856,2,1,0.0
828221856,3,1,0.0
828221856,4,1,0.0
828221856,5,1,0.0
828221856,6,1,0.0
828221856,7,1,2.1
828221856,8,1,0.0
828221856,9,1,0.0
828221856,10,1,0.0
828222208,1,1,0.0
828222208,2,1,0.0
828222208,3,1,0.0
828222208,4,1,0.0
828222208,5,1,0.0
828222208,6,1,0.0
828222208,7,1,0.01
828222208,8,1,0.0
828222208,9,1,0.0
828222208,10,1,0.0
828276391,1,1,0.0
828276391,2,1,0.0
828276391,3,1,0.0
828276391,4,1,0.0
828276391,5,1,0.0
828276391,6,1,0.0
828276391,7,1,1.3
828276391,8,1,0.0
828276391,9,1,0.0
828276391,10,1,0.0
828280457,7,1,0.2
828280457,8,1,0.6
828285356,1,1,0.05
828285356,2,1,0.0
828285356,3,1,0.0
828285356,4,1,0.0
828285356,5,1,0.0
828285356,6,1,0.0
828285356,7,1,0.2
828285356,8,1,0.05
828285356,9,1,0.0
828285356,10,1,0.0
828287676,4,1,0.01
828287676,7,1,0.04
828293222,1,1,0.0
828293222,2,1,0.0
828293222,3,1,0.0
828293222,4,1,0.0
828293222,5,1,0.0
828293222,6,1,0.0
828293222,7,1,0.05
828293222,8,1,0.05
828293222,9,1,0.0
828293222,10,1,0.0
828301276,3,1,0.04
828301276,7,1,0.15
828308224,7,1,0.06
828308224,8,1,0.09
828310300,2,1,0.56
828310300,4,1,17.71
828310300,7,1,2.75
828310300,8,1,6.48
828310300,10,1,1.86
828337217,8,1,1.16
828356404,1,1,0.0
828356404,2,1,0.0
828356404,3,1,0.0
828356404,4,1,0.3
828356404,5,1,0.0
828356404,6,1,0.0
828356404,7,1,0.0
828356404,8,1,0.0
828356404,9,1,0.0
828356404,10,1,0.0
828364754,6,1,0.1
828364754,7,1,0.1
828364754,8,1,0.7
828395624,8,1,0.01
828397157,6,1,0.05
828397157,7,1,0.05
828397157,8,1,0.2
828397746,7,1,0.08
828397746,8,1,0.06
828403172,4,1,6.0
828403172,6,1,9.0
828403172,7,1,0.22
828403172,8,1,18.0
828416625,7,1,0.002
828416625,8,1,0.008
828416778,10,1,0.07
828644877,1,1,0.0
828644877,2,1,0.0
828644877,3,1,0.0
828644877,4,1,0.0
828644877,5,1,0.0
828644877,6,1,0.0
828644877,7,1,0.02
828644877,8,1,0.0
828644877,9,1,0.0
828644877,10,1,0.0
828719162,10,1,8.0
828769396,10,1,0.1
828789568,7,1,0.21
828789568,8,1,0.21
828790324,8,1,0.01
828795700,8,1,0.0542
828797221,1,1,0.0
828797221,2,1,0.0
828797221,3,1,0.0
828797221,4,1,0.0
828797221,5,1,0.0
828797221,6,1,0.0
828797221,7,1,0.08
828797221,8,1,0.0
828797221,9,1,0.0
828797221,10,1,0.0
828818878,8,1,0.3
828819448,1,1,0.0
828819448,2,1,0.0
828819448,3,1,0.0
828819448,4,1,0.0
828819448,5,1,0.0
828819448,6,1,0.0
828819448,7,1,36.5
828819448,8,1,0.0
828819448,9,1,0.0
828819448,10,1,0.0
828826166,4,1,3.0
828826166,6,1,1.0
828826166,7,1,0.5
828826166,8,1,0.5
828826166,10,1,0.1
828829545,8,1,0.09
828841386,7,1,1.5
828841386,8,1,1.0
828847556,7,1,0.5
828847556,8,1,2.4
828852768,8,1,0.3
828880748,1,1,0.0
828880748,2,1,0.0
828880748,3,1,0.0
828880748,4,1,0.0
828880748,5,1,0.0
828880748,6,1,0.0
828880748,7,1,0.3
828880748,8,1,0.4
828880748,9,1,0.0
828880748,10,1,0.0
828881522,7,1,0.02
828881522,8,1,0.05
828882979,10,1,0.05
828884022,8,1,2.13
828886766,7,1,0.01
828886766,8,1,0.02
828887403,8,1,2.5
828895581,3,1,0.5
828895581,4,1,2.5
828895581,8,1,0.5
828895590,7,1,0.03
828895590,8,1,0.05
828896971,8,1,0.88
828905732,8,1,0.05
828906994,1,1,0.0
828906994,2,1,0.16
828906994,3,1,0.0
828906994,4,1,0.0
828906994,5,1,0.0
828906994,6,1,0.0
828906994,7,1,0.0
828906994,8,1,0.0
828906994,9,1,0.0
828906994,10,1,0.0
828908244,7,1,0.02
828927810,4,1,0.7
828927810,7,1,0.2
828954039,6,1,0.4
828961131,8,1,0.3
828998733,7,1,5.0
828998733,8,1,5.0
829028483,6,1,0.1
829028483,8,1,0.1
829069798,6,1,0.03
829069798,8,1,0.15
829196352,1,1,0.0
829196352,2,1,0.0
829196352,3,1,0.0
829196352,4,1,0.0
829196352,5,1,0.0
829196352,6,1,0.0
829196352,7,1,1.93
829196352,8,1,0.0
829196352,9,1,0.0
829196352,10,1,0.0
829208941,7,1,0.7
829239086,1,1,0.0
829239086,2,1,0.0
829239086,3,1,0.0
829239086,4,1,0.0
829239086,5,1,0.0
829239086,6,1,0.0
829239086,7,1,9.98
829239086,8,1,0.0
829239086,9,1,0.0
829239086,10,1,0.0
829252986,6,1,0.7
829252986,8,1,6.0
829254221,7,1,0.5
829254221,8,1,1.0
829281662,6,1,0.1
829281662,7,1,0.2
829281662,8,1,1.8
829289558,7,1,0.06
829289558,8,1,0.2
829306722,7,1,0.58
829306722,8,1,1.0
829339431,8,1,0.5
829340889,4,1,0.01
829340889,8,1,0.01
829347617,8,1,1.3
829356269,7,1,0.2
829356269,8,1,0.3
829359706,7,1,0.02
829363629,4,1,0.04
829363629,7,1,0.03
829363629,8,1,0.07
829364006,8,1,0.1
829364006,10,1,1.7
829385728,7,1,0.4
829385728,8,1,2.7
829387066,1,1,0.0
829387066,2,1,0.0
829387066,3,1,0.0
829387066,4,1,0.0
829387066,5,1,0.0
829387066,6,1,0.0
829387066,7,1,0.3
829387066,8,1,0.0
829387066,9,1,0.0
829387066,10,1,0.0
829387644,7,1,2.8
829387644,8,1,2.8
829388514,8,1,0.05
829388870,7,1,0.01
829404821,10,1,0.001
829409653,7,1,0.4
829409653,8,1,0.6
829410440,7,1,0.01
829410440,8,1,0.01
829411106,6,1,0.15
829411106,8,1,0.05
829440947,7,1,0.5
829440947,8,1,0.5
829443366,1,1,0.0
829443366,2,1,0.0
829443366,3,1,0.0
829443366,4,1,0.0
829443366,5,1,0.0
829443366,6,1,0.0
829443366,7,1,0.0
829443366,8,1,0.0
829443366,9,1,0.3
829443366,10,1,0.0
829443367,5,1,118.5
829443367,6,1,118.5
829458910,7,1,0.2
829458910,8,1,0.6
829460503,7,1,0.1
829600587,8,1,0.01
829680796,7,1,0.2
829795531,1,1,0.2
829795531,8,1,0.4
829795647,1,1,0.0
829795647,2,1,0.0
829795647,3,1,0.0
829795647,4,1,0.0
829795647,5,1,0.0
829795647,6,1,0.0
829795647,7,1,0.01
829795647,8,1,0.04
829795647,9,1,0.0
829795647,10,1,0.0
829804687,10,1,0.5
829807112,4,1,0.038
829807112,8,1,0.336
829809192,4,1,9.0
829809192,6,1,0.5
829809192,7,1,1.0
829809192,8,1,1.5
829831729,6,1,0.01
829831729,8,1,3.25
829837108,1,1,0.0
829837108,2,1,0.0
829837108,3,1,0.0
829837108,4,1,0.0
829837108,5,1,0.0
829837108,6,1,0.0
829837108,7,1,2.71
829837108,8,1,0.0
829837108,9,1,0.0
829837108,10,1,0.0
829878154,7,1,0.2
829878428,8,1,11.0
829879839,8,1,0.25
829879839,10,1,0.25
829881738,7,1,0.25
829881738,8,1,0.4
829890776,7,1,0.05
829890776,8,1,0.05
829921101,1,1,0.0
829921101,2,1,0.0
829921101,3,1,0.0
829921101,4,1,0.1
829921101,5,1,0.0
829921101,6,1,0.0
829921101,7,1,0.05
829921101,8,1,0.0
829921101,9,1,0.0
829921101,10,1,0.0
829924979,1,1,0.0
829924979,2,1,0.0
829924979,3,1,0.0
829924979,4,1,0.0
829924979,5,1,0.0
829924979,6,1,0.0
829924979,7,1,0.15
829924979,8,1,0.0
829924979,9,1,0.0
829924979,10,1,0.0
829940546,7,1,0.07
829940546,8,1,0.1
829964098,7,1,0.036
829964098,8,1,0.024
829965978,7,1,0.01
829965978,8,1,0.01
829978169,7,1,0.1
829978169,8,1,0.04
829979075,1,1,0.0
829979075,2,1,0.0
829979075,3,1,0.0
829979075,4,1,1.0
829979075,5,1,0.0
829979075,6,1,0.0
829979075,7,1,0.65
829979075,8,1,0.0
829979075,9,1,0.0
829979075,10,1,0.0
830174136,4,1,0.03
830174136,10,1,0.03
830271899,4,1,0.8
830271899,7,1,0.18
830271899,8,1,0.2
830275025,8,1,0.17
830279324,1,1,0.0
830279324,2,1,0.0
830279324,3,1,0.0
830279324,4,1,0.0
830279324,5,1,0.0
830279324,6,1,0.0
830279324,7,1,0.01
830279324,8,1,0.0
830279324,9,1,0.0
830279324,10,1,0.0
830302929,4,1,1.0
830302929,8,1,0.13
830323932,8,1,0.16
830324649,4,1,6.8
830324649,7,1,1.0
830324649,8,1,1.483
830324649,10,1,1.5
830352568,6,1,0.1
830352568,7,1,0.7
830352568,8,1,0.2
830352843,7,1,0.3
830352843,8,1,0.4
830353212,1,1,0.0
830353212,2,1,0.0
830353212,3,1,0.0
830353212,4,1,0.0
830353212,5,1,0.0
830353212,6,1,0.0
830353212,7,1,0.0
830353212,8,1,0.3
830353212,9,1,0.0
830353212,10,1,0.0
830356862,7,1,0.35
830356862,8,1,0.35
830385688,1,1,24.18
830385688,4,1,7.45
830385688,8,1,19.88
830385755,4,1,0.03
830385755,7,1,0.06
830385755,8,1,0.1
830389647,4,1,0.005
830389647,7,1,0.005
830405175,7,1,0.07
830405175,8,1,0.1
830408369,7,1,0.2
830412199,3,1,0.2
830412199,4,1,5.0
830412199,7,1,8.0
830412199,8,1,5.0
830439466,4,1,0.1
830439466,6,1,0.1
830439466,8,1,0.3
830440754,4,1,0.1
830440754,8,1,0.12
830443549,8,1,0.01
830446888,8,1,0.01
830448596,8,1,1.2
830457868,8,1,0.1
830505956,8,1,0.16
830512813,10,1,0.2
830539451,1,1,0.0
830539451,2,1,0.0
830539451,3,1,0.0
830539451,4,1,0.0
830539451,5,1,0.0
830539451,6,1,0.0
830539451,7,1,0.0
830539451,8,1,0.0
830539451,9,1,0.0
830539451,10,1,2.35
830539552,1,1,0.0
830539552,2,1,0.0
830539552,3,1,0.0
830539552,4,1,0.0
830539552,5,1,0.0
830539552,6,1,0.0
830539552,7,1,0.0
830539552,8,1,0.0
830539552,9,1,0.0
830539552,10,1,4.6
830539650,1,1,0.0
830539650,2,1,0.0
830539650,3,1,0.0
830539650,4,1,0.0
830539650,5,1,0.0
830539650,6,1,0.0
830539650,7,1,1.92
830539650,8,1,0.0
830539650,9,1,0.0
830539650,10,1,0.0
830620002,7,1,0.01
830620002,8,1,0.01
830765551,1,1,0.0
830765551,2,1,0.0
830765551,3,1,0.0
830765551,4,1,0.0
830765551,5,1,0.0
830765551,6,1,0.0
830765551,7,1,0.1
830765551,8,1,0.0
830765551,9,1,0.0
830765551,10,1,0.0
830774446,10,1,1.1
830784010,6,1,0.2
830784010,8,1,1.6
830819992,8,1,1.5
830826916,7,1,0.03
830826916,8,1,0.01
830835813,8,1,0.2
830837502,6,1,1.3
830837502,7,1,0.2
830844157,8,1,24.5
830874617,4,1,0.05
830874617,7,1,0.1
830874617,8,1,0.05
830874617,10,1,0.1
830879061,6,1,0.01
830879061,8,1,0.03
830889361,8,1,0.59
830891797,4,1,0.13
830895366,1,1,0.0
830895366,2,1,0.0
830895366,3,1,0.0
830895366,4,1,0.0
830895366,5,1,0.0
830895366,6,1,0.0
830895366,7,1,0.01
830895366,8,1,0.0
830895366,9,1,0.0
830895366,10,1,0.0
830903522,4,1,0.2
830903522,6,1,0.6
830903522,7,1,0.4
830903522,8,1,0.3
830929850,4,1,12.6
830929850,6,1,5.0
830929850,7,1,15.0
830929850,8,1,65.52
830932418,8,1,0.3
830935248,6,1,0.1
830935248,7,1,0.5
830935248,8,1,0.4
830938714,1,1,0.0
830938714,2,1,0.0
830938714,3,1,0.0
830938714,4,1,0.0
830938714,5,1,0.0
830938714,6,1,0.0
830938714,7,1,0.1
830938714,8,1,0.0
830938714,9,1,0.0
830938714,10,1,0.0
830943990,8,1,0.01
830957701,6,1,0.5
830957701,7,1,0.35
830957701,8,1,0.15
830962116,9,1,8.76
830985190,7,1,0.6
830985190,8,1,0.2
831004906,8,1,0.7
831005164,4,1,5.0
831005164,7,1,0.8
831005164,8,1,0.5
831005164,10,1,23.7
831033340,1,1,0.0
831033340,2,1,0.0
831033340,3,1,0.0
831033340,4,1,0.0
831033340,5,1,0.0
831033340,6,1,0.0
831033340,7,1,0.0
831033340,8,1,0.0
831033340,9,1,0.0
831033340,10,1,0.04
831056296,8,1,0.05
831056952,1,1,0.0
831056952,2,1,0.0
831056952,3,1,0.0
831056952,4,1,0.0
831056952,5,1,0.0
831056952,6,1,0.0
831056952,7,1,0.0
831056952,8,1,0.0
831056952,9,1,0.0
831056952,10,1,0.6
831078823,2,1,0.5
831078823,7,1,2.0
831078823,8,1,1.5
831079346,8,1,0.01
831079609,10,1,25.0
831259708,1,1,0.0
831259708,2,1,0.0
831259708,3,1,0.05
831259708,4,1,0.0
831259708,5,1,0.0
831259708,6,1,0.0
831259708,7,1,0.07
831259708,8,1,0.0
831259708,9,1,0.0
831259708,10,1,0.0
831272325,6,1,2.0
831272325,7,1,2.0
831272325,8,1,4.7
831320566,4,1,0.2
831320566,8,1,0.37
831321437,4,1,0.3
831321437,10,1,0.1
831323348,7,1,0.1
831323348,9,1,6.0
831359310,7,1,0.01
831379277,1,1,0.0
831379277,2,1,0.0
831379277,3,1,1.84
831379277,4,1,0.0
831379277,5,1,0.0
831379277,6,1,0.0
831379277,7,1,0.0
831379277,8,1,1.0
831379277,9,1,0.0
831379277,10,1,14.47
831391113,1,1,0.0
831391113,2,1,0.0
831391113,3,1,0.0
831391113,4,1,0.0
831391113,5,1,0.0
831391113,6,1,0.0
831391113,7,1,0.4
831391113,8,1,0.0
831391113,9,1,0.0
831391113,10,1,0.0
831419901,7,1,0.5
831419901,8,1,0.5
831419901,9,1,0.5
831420131,8,1,0.03
831421958,5,1,1.0
831421958,6,1,1.0
831421958,7,1,1.0
831421958,10,1,9.0
831423710,8,1,2.0
831435044,4,1,2.8
831435044,6,1,1.0
831435044,9,1,115.16
831445288,8,1,0.01
831445686,1,1,0.0
831445686,2,1,0.0
831445686,3,1,0.0
831445686,4,1,0.0
831445686,5,1,0.0
831445686,6,1,0.0
831445686,7,1,0.0
831445686,8,1,0.0
831445686,9,1,0.0
831445686,10,1,0.15
831472325,10,1,12.0
831474012,8,1,0.25
831475107,8,1,0.01
831481780,8,1,1.0
831481780,10,1,0.6
831484486,7,1,0.21
831491339,6,1,1.0
831491339,8,1,1.0
831528513,1,1,0.0
831528513,2,1,0.0
831528513,3,1,0.0
831528513,4,1,0.1
831528513,5,1,0.0
831528513,6,1,0.0
831528513,7,1,5.9
831528513,8,1,10.0
831528513,9,1,0.0
831528513,10,1,0.0
831533079,7,1,0.7
831533079,8,1,0.3
831546012,7,1,0.1
831546012,8,1,0.2
831575105,8,1,0.01
831632648,6,1,0.1
831632648,7,1,0.4
831632648,8,1,3.0
831635544,8,1,0.01
831699622,1,1,0.0
831699622,2,1,0.0
831699622,3,1,0.0
831699622,4,1,0.0
831699622,5,1,0.0
831699622,6,1,0.0
831699622,7,1,0.9
831699622,8,1,0.0
831699622,9,1,0.0
831699622,10,1,0.0
831804457,1,1,0.0
831804457,2,1,0.0
831804457,3,1,0.0
831804457,4,1,0.0
831804457,5,1,0.0
831804457,6,1,0.0
831804457,7,1,0.04
831804457,8,1,0.0
831804457,9,1,0.0
831804457,10,1,0.0
831804768,1,1,0.0
831804768,2,1,0.0
831804768,3,1,0.0
831804768,4,1,0.0
831804768,5,1,0.0
831804768,6,1,0.0
831804768,7,1,0.2
831804768,8,1,0.0
831804768,9,1,0.0
831804768,10,1,0.0
831861183,6,1,0.05
831861183,7,1,0.05
831861183,8,1,0.05
831861637,8,1,0.37
831874861,7,1,0.25
831874861,8,1,0.25
831927870,7,1,0.005
831927870,8,1,0.005
831965462,8,1,0.6
831974408,7,1,2.0
831974408,8,1,8.0
831987130,1,1,0.0
831987130,2,1,0.0
831987130,3,1,0.0
831987130,4,1,0.0
831987130,5,1,0.0
831987130,6,1,0.0
831987130,7,1,5.4
831987130,8,1,0.0
831987130,9,1,0.0
831987130,10,1,0.0
832013962,6,1,0.1
832013962,7,1,0.4
832022047,8,1,0.35
832022702,1,1,1.0
832022702,2,1,0.5
832022702,6,1,2.0
832022702,7,1,1.5
832022702,9,1,8.0
832032147,8,1,0.3
832035796,7,1,0.1
832035796,8,1,0.03
832038279,1,1,0.0
832038279,2,1,0.0
832038279,3,1,0.0
832038279,4,1,0.0
832038279,5,1,0.0
832038279,6,1,0.0
832038279,7,1,0.02
832038279,8,1,0.0
832038279,9,1,0.0
832038279,10,1,0.0
832040224,7,1,0.1
832040224,8,1,0.2
832042642,7,1,0.3
832042642,8,1,0.4
832060849,10,1,2.0
832074727,1,1,0.02
832074727,7,1,0.02
832079053,4,1,1.5
832089302,8,1,1.3
832117113,1,1,0.0
832117113,2,1,0.0
832117113,3,1,0.0
832117113,4,1,0.0
832117113,5,1,0.0
832117113,6,1,0.0
832117113,7,1,0.0
832117113,8,1,0.0
832117113,9,1,0.0
832117113,10,1,0.06
832165958,1,1,0.0
832165958,2,1,0.0
832165958,3,1,0.0
832165958,4,1,0.0
832165958,5,1,0.0
832165958,6,1,0.0
832165958,7,1,0.21
832165958,8,1,0.0
832165958,9,1,0.0
832165958,10,1,0.0
832203515,7,1,2.5
832203515,10,1,2.5
832237777,7,1,0.26
832237777,8,1,0.1
832408000,8,1,0.1
832448530,6,1,0.5
832448530,7,1,0.5
832448530,8,1,2.5
832461281,8,1,0.2
832464547,1,1,2.0
832464547,2,1,0.0
832464547,3,1,0.0
832464547,4,1,0.0
832464547,5,1,0.0
832464547,6,1,0.0
832464547,7,1,2.2
832464547,8,1,1.0
832464547,9,1,0.0
832464547,10,1,0.0
832468180,4,1,0.03
832468180,8,1,0.15
832469523,7,1,0.005
832469523,8,1,0.005
832496871,7,1,1.0
832496871,8,1,3.0
832501772,7,1,0.02
832503590,7,1,0.01
832515314,7,1,0.02
832554722,4,1,20.0
832554722,7,1,10.0
832554722,8,1,10.0
832564664,7,1,0.8
832564664,8,1,0.2
832570688,7,1,0.2
832571704,8,1,0.001
832575345,4,1,0.05
832575345,7,1,0.1
832576828,7,1,1.2
832576828,8,1,0.8
832579447,4,1,0.5
832579447,7,1,1.5
832579447,8,1,4.0
832589834,7,1,0.5
832589834,8,1,0.5
832593760,7,1,0.06
832593760,10,1,0.1
832605174,10,1,12.0
832611826,4,1,0.5
832611826,7,1,1.0
832611826,8,1,1.5
832614937,6,1,0.4
832614937,7,1,0.5
832614937,8,1,0.3
832643049,8,1,0.08
832647373,4,1,0.5
832647373,8,1,1.5
832677732,4,1,1.0
832685539,1,1,0.0
832685539,2,1,0.0
832685539,3,1,0.0
832685539,4,1,0.02
832685539,5,1,0.0
832685539,6,1,0.0
832685539,7,1,0.0
832685539,8,1,0.02
832685539,9,1,0.0
832685539,10,1,0.0
832855913,8,1,0.1
832869298,6,1,0.2
832869298,8,1,0.7
832869512,8,1,1.0
832869512,10,1,2.0
832879601,8,1,0.08
832879601,10,1,0.01
832879685,7,1,0.01
832886324,7,1,0.07
832886324,8,1,0.3
832886324,10,1,0.6
832908503,7,1,0.05
832908503,8,1,0.15
832923808,7,1,0.02
832923808,8,1,0.07
832925453,5,1,0.1
832925453,8,1,0.3
832927403,7,1,0.02
832929850,4,1,0.05
832929850,10,1,0.05
832932796,7,1,0.01
832932796,8,1,0.02
832952731,2,1,0.2
832952731,8,1,1.0
832953073,4,1,0.1
832953073,7,1,0.5
832953073,9,1,3.9
832958451,4,1,1.0
832958451,7,1,0.6
832958451,10,1,0.35
832959804,6,1,0.5
832959804,8,1,0.2
832962717,1,1,0.0
832962717,2,1,0.0
832962717,3,1,0.0
832962717,4,1,0.0
832962717,5,1,0.0
832962717,6,1,0.0
832962717,7,1,0.3
832962717,8,1,4.0
832962717,9,1,0.0
832962717,10,1,0.0
832966551,7,1,0.15
832966551,9,1,1.0
832968221,7,1,0.06
832968221,8,1,0.01
832970720,7,1,0.4
832970720,8,1,0.05
832972237,7,1,1.0
832972237,8,1,4.0
832972251,7,1,0.2
832972251,8,1,0.3
832980441,4,1,0.1
832980441,7,1,0.2
832981228,4,1,3.0
832983679,7,1,0.05
832983679,8,1,0.25
832985431,1,1,0.7
832985431,4,1,4.3
832985431,6,1,0.5
832985431,7,1,3.0
832985431,8,1,8.5
832987847,4,1,1.0
832987847,7,1,2.3
832987847,8,1,1.16
832987847,9,1,4.0
832996881,8,1,0.1
833024421,7,1,0.21
833024421,8,1,0.1
833030038,8,1,0.5
833030038,10,1,0.5
833035977,6,1,0.2
833035977,7,1,0.3
833035977,8,1,1.5
833067399,10,1,5.38
833188852,4,1,1.5
833188852,7,1,1.0
833188852,8,1,2.0
833213332,1,1,0.0
833213332,2,1,0.0
833213332,3,1,0.0
833213332,4,1,0.0
833213332,5,1,0.0
833213332,6,1,0.0
833213332,7,1,0.04
833213332,8,1,0.0
833213332,9,1,0.0
833213332,10,1,0.0
833253223,1,1,0.0
833253223,2,1,0.0
833253223,3,1,0.0
833253223,4,1,0.0
833253223,5,1,0.0
833253223,6,1,0.0
833253223,7,1,0.11
833253223,8,1,0.0
833253223,9,1,0.0
833253223,10,1,0.0
833267901,7,1,1.0
833267901,8,1,2.3
833301820,7,1,0.5
833301820,8,1,1.0
833310900,7,1,0.05
833310900,8,1,0.05
833340354,6,1,0.5
833340354,7,1,2.0
833340354,8,1,2.0
833340354,10,1,0.3
833345436,4,1,0.1
833345436,8,1,0.05
833345436,10,1,0.42
833358952,6,1,3.0
833358952,7,1,5.0
833358952,8,1,1.0
833358952,10,1,0.5
833359311,8,1,2.9
833364661,6,1,0.1
833364661,7,1,0.13
833364661,8,1,0.15
833388303,8,1,2.0
833403002,6,1,0.5
833403002,7,1,0.5
833403002,8,1,1.5
833410473,6,1,0.3
833410473,7,1,2.0
833410473,8,1,0.4
833410473,10,1,0.2
833410767,10,1,0.03
833411623,7,1,0.15
833411623,8,1,0.05
833440477,6,1,0.2
833440477,7,1,0.3
833478695,6,1,0.1
833478695,7,1,0.5
833478695,8,1,0.1
833517208,8,1,0.0
833517208,10,1,0.0
833745189,8,1,0.3
833799031,7,1,0.15
833799031,8,1,0.15
833832911,7,1,0.01
833832911,8,1,0.02
833847426,6,1,0.05
833847426,8,1,0.15
833854429,1,1,0.0
833854429,2,1,0.0
833854429,3,1,0.0
833854429,4,1,0.0
833854429,5,1,0.0
833854429,6,1,0.0
833854429,7,1,1.2
833854429,8,1,0.0
833854429,9,1,0.0
833854429,10,1,0.0
833854519,1,1,0.0
833854519,2,1,0.0
833854519,3,1,0.0
833854519,4,1,0.0
833854519,5,1,0.0
833854519,6,1,0.0
833854519,7,1,1.27
833854519,8,1,0.0
833854519,9,1,0.0
833854519,10,1,0.0
833854651,1,1,0.0
833854651,2,1,0.0
833854651,3,1,0.0
833854651,4,1,0.0
833854651,5,1,0.0
833854651,6,1,0.0
833854651,7,1,5.2
833854651,8,1,0.0
833854651,9,1,0.0
833854651,10,1,0.0
833869711,1,1,0.0
833869711,2,1,0.0
833869711,3,1,0.0
833869711,4,1,0.0
833869711,5,1,0.0
833869711,6,1,0.0
833869711,7,1,0.25
833869711,8,1,0.0
833869711,9,1,0.0
833869711,10,1,0.0
833880622,8,1,0.25
833898343,7,1,0.005
833898343,8,1,0.005
833902820,8,1,0.375
833902820,10,1,0.125
833935670,5,1,5.0
833935670,8,1,15.0
834338758,7,1,5.0
834339657,8,1,0.96
834345352,7,1,0.34
834345352,8,1,1.0
834346684,6,1,0.002
834346684,7,1,0.003
834346684,8,1,0.005
834393741,1,1,0.0
834393741,2,1,0.0
834393741,3,1,0.0
834393741,4,1,0.0
834393741,5,1,0.0
834393741,6,1,0.0
834393741,7,1,0.01
834393741,8,1,0.0
834393741,9,1,0.0
834393741,10,1,0.0
834393998,7,1,0.02
834393998,8,1,0.01
834393998,10,1,0.01
834401641,7,1,0.01
834401641,8,1,0.01
834410763,8,1,0.01
834413703,10,1,1.0
834441436,1,1,0.0
834441436,2,1,0.0
834441436,3,1,0.0
834441436,4,1,0.0
834441436,5,1,0.0
834441436,6,1,0.0
834441436,7,1,4.18
834441436,8,1,0.0
834441436,9,1,0.0
834441436,10,1,0.0
834441886,1,1,0.0
834441886,2,1,0.0
834441886,3,1,0.0
834441886,4,1,0.0
834441886,5,1,0.0
834441886,6,1,0.0
834441886,7,1,0.0
834441886,8,1,0.15
834441886,9,1,0.0
834441886,10,1,0.0
834490321,8,1,0.25
834765630,4,1,0.01
834765630,7,1,0.01
834765630,8,1,0.06
834784040,7,1,0.1
834784040,8,1,0.16
834814433,10,1,0.1
834832337,7,1,0.08
834835156,7,1,0.05
834835156,10,1,2.85
834873035,8,1,0.1
834873035,10,1,2.3
834875402,4,1,0.03
834875402,7,1,0.1
834875402,8,1,1.5
834905348,10,1,0.3
834909864,8,1,0.5
834909864,10,1,2.5
834923338,1,1,0.0
834923338,2,1,0.0
834923338,3,1,0.0
834923338,4,1,0.0
834923338,5,1,0.0
834923338,6,1,0.0
834923338,7,1,0.04
834923338,8,1,5.2
834923338,9,1,0.0
834923338,10,1,0.0
834930826,7,1,0.1
834930826,8,1,0.2
834931821,7,1,5.8
834931821,8,1,23.2
834959862,10,1,0.81
835009933,7,1,0.01
835226782,8,1,0.0
835283161,7,1,0.1
835283161,8,1,0.1
835324090,1,1,0.0
835324090,2,1,0.0
835324090,3,1,0.0
835324090,4,1,0.0
835324090,5,1,0.0
835324090,6,1,0.0
835324090,7,1,0.03
835324090,8,1,0.0
835324090,9,1,0.0
835324090,10,1,0.0
835339046,6,1,0.05
835339046,7,1,0.05
835339046,8,1,0.1
835374164,7,1,0.2
835374164,10,1,4.0
835434153,6,1,5.0
835434153,7,1,10.0
835434153,8,1,3.0
835500148,8,1,0.1
835598482,1,1,0.0
835598482,2,1,0.0
835598482,3,1,0.0
835598482,4,1,0.0
835598482,5,1,0.0
835598482,6,1,0.0
835598482,7,1,0.0
835598482,8,1,0.0
835598482,9,1,0.0
835598482,10,1,0.09
835752344,5,1,0.42
835847294,8,1,0.03
835884322,8,1,0.2
836048276,10,1,10.0
836344520,7,1,14.5
836344520,8,1,14.5
836382757,8,1,5.0
836426807,8,1,1.5
836442411,4,1,0.2
836442411,7,1,0.3
836442411,8,1,1.0
836829123,1,1,0.0
836829123,2,1,0.0
836829123,3,1,0.0
836829123,4,1,0.0
836829123,5,1,0.0
836829123,6,1,0.0
836829123,7,1,0.0
836829123,8,1,0.0
836829123,9,1,0.0
836829123,10,1,0.02
836913033,4,1,0.1
836913033,8,1,0.1
836913720,7,1,0.5
836913720,8,1,1.0
837254062,6,1,0.0
837254062,7,1,0.0
837254062,8,1,0.0
837299082,8,1,0.01
837299899,6,1,0.2
837299899,9,1,2.3
837301328,7,1,0.02
837301328,8,1,3.49
837326556,10,1,0.4
837346986,7,1,0.005
837346986,8,1,0.005
837381178,7,1,0.4
837381178,8,1,0.54
837401019,7,1,0.02
837401019,8,1,0.05
837428899,8,1,0.04
837438497,10,1,0.1
837744057,10,1,0.03
837765437,8,1,0.03
837814826,7,1,0.05
837814826,8,1,0.1
837846633,4,1,0.2
837846633,8,1,0.1
837853885,8,1,0.02
837856014,8,1,1.0
837866133,8,1,0.6
837871089,6,1,0.002
837871089,7,1,0.007
837871089,8,1,0.001
837908713,1,1,0.0
837908713,2,1,0.0
837908713,3,1,0.0
837908713,4,1,0.0
837908713,5,1,0.0
837908713,6,1,0.0
837908713,7,1,0.3
837908713,8,1,0.5
837908713,9,1,0.0
837908713,10,1,0.0
837909114,7,1,0.17
837919292,8,1,0.2
837928706,1,1,0.0
837928706,2,1,0.0
837928706,3,1,0.0
837928706,4,1,0.0
837928706,5,1,0.0
837928706,6,1,0.0
837928706,7,1,0.1
837928706,8,1,0.0
837928706,9,1,0.0
837928706,10,1,0.0
837956082,6,1,0.1
837956082,10,1,0.05
838037573,6,1,0.01
838037573,7,1,0.06
838233900,1,1,0.0
838233900,2,1,0.0
838233900,3,1,0.0
838233900,4,1,0.0
838233900,5,1,0.0
838233900,6,1,0.0
838233900,7,1,0.02
838233900,8,1,0.0
838233900,9,1,0.0
838233900,10,1,0.0
838284077,7,1,0.05
838284077,8,1,0.15
838333032,8,1,0.01
838382865,8,1,0.01
838386483,7,1,0.02
838386483,8,1,0.32
838389646,8,1,0.31
838419465,7,1,0.05
838419465,8,1,0.05
838440742,7,1,2.0
838440742,8,1,3.0
838440742,10,1,0.6
838736930,1,1,0.0
838736930,2,1,0.0
838736930,3,1,0.0
838736930,4,1,0.0
838736930,5,1,0.0
838736930,6,1,0.0
838736930,7,1,0.2
838736930,8,1,0.0
838736930,9,1,0.0
838736930,10,1,0.0
838771043,7,1,0.3
838780528,8,1,0.02
838829070,5,1,0.06
838829070,8,1,3.64
838838979,4,1,0.1
838838979,8,1,0.3
838885765,4,1,0.1
838885765,8,1,0.2
838887918,7,1,0.4
838887918,8,1,0.2
838923055,7,1,0.5
838932747,1,1,0.0
838932747,2,1,0.0
838932747,3,1,0.0
838932747,4,1,0.0
838932747,5,1,0.0
838932747,6,1,0.0
838932747,7,1,0.02
838932747,8,1,0.0
838932747,9,1,0.0
838932747,10,1,0.0
838939970,7,1,0.1
838939970,8,1,0.14
838939970,10,1,0.5
838940342,8,1,0.4
839055906,6,1,0.007
839055906,8,1,0.043
839297978,7,1,0.0
839297978,8,1,0.0
839297978,10,1,0.0
839340633,7,1,1.0
839340633,8,1,3.0
839350233,8,1,3.0
839379947,8,1,13.85
839394944,7,1,0.01
839402041,10,1,0.01
839425427,1,1,0.0
839425427,2,1,0.0
839425427,3,1,0.0
839425427,4,1,0.0
839425427,5,1,0.0
839425427,6,1,0.0
839425427,7,1,1.13
839425427,8,1,0.0
839425427,9,1,0.0
839425427,10,1,0.0
839426868,4,1,0.4
839430656,1,1,0.0
839430656,2,1,0.0
839430656,3,1,0.0
839430656,4,1,0.0
839430656,5,1,0.0
839430656,6,1,0.0
839430656,7,1,0.001
839430656,8,1,0.0
839430656,9,1,0.0
839430656,10,1,0.0
839430827,8,1,0.6
839479959,7,1,0.1
839479959,8,1,0.1
839483736,4,1,0.3
839493252,8,1,1.6
839493252,10,1,2.0
839815189,4,1,0.05
839815189,7,1,0.2
839815189,8,1,0.25
839816728,8,1,0.14
839827974,7,1,0.14
839827974,8,1,12.0
839860466,7,1,0.03
839880130,7,1,0.1
839880130,8,1,0.2
839880933,7,1,0.01
839880933,8,1,0.1
839904512,1,1,0.0
839904512,2,1,0.0
839904512,3,1,0.0
839904512,4,1,0.14
839904512,5,1,0.1
839904512,6,1,0.0
839904512,7,1,0.0
839904512,8,1,0.9
839904512,9,1,0.0
839904512,10,1,0.0
839908747,7,1,2.0
839908747,8,1,45.6
839909283,4,1,0.1
839909283,7,1,0.05
839909283,8,1,0.05
839913066,7,1,0.01
839913066,8,1,0.01
839930671,7,1,0.08
840047433,6,1,0.02
840047433,7,1,0.03
840262853,7,1,1.5
840262853,8,1,0.5
840263756,1,1,0.0
840263756,2,1,0.0
840263756,3,1,0.0
840263756,4,1,0.0
840263756,5,1,0.0
840263756,6,1,0.0
840263756,7,1,0.12
840263756,8,1,0.0
840263756,9,1,0.0
840263756,10,1,0.0
840294668,8,1,0.01
840294668,10,1,0.01
840343822,1,1,0.1
840343822,4,1,0.1
840343822,7,1,0.4
840343822,8,1,0.7
840357189,10,1,0.01
840387426,8,1,6.0
840387426,9,1,2.0
840389574,1,1,0.0
840389574,2,1,0.0
840389574,3,1,0.0
840389574,4,1,0.2
840389574,5,1,0.0
840389574,6,1,0.0
840389574,7,1,4.4
840389574,8,1,0.0
840389574,9,1,0.0
840389574,10,1,0.0
840400882,7,1,0.01
840402741,7,1,0.06
840402741,8,1,0.2
840433734,7,1,0.3
840433734,8,1,1.5
840441690,6,1,0.01
840469677,7,1,0.1
840469677,8,1,0.06
840473302,4,1,0.8
840473302,7,1,0.2
840473302,10,1,8.0
840484434,8,1,0.01
840517717,7,1,0.06
840653367,6,1,0.575
840653367,7,1,0.575
840776756,7,1,0.07
840788320,7,1,1.3
840788320,8,1,5.0
840795124,6,1,1.0
840795124,7,1,3.0
840795124,8,1,1.0
840829121,7,1,0.1
840829121,8,1,0.9
840839464,7,1,0.4
840839464,8,1,1.0
840846109,7,1,1.5
840846109,8,1,6.5
840846109,10,1,1.4
840846706,7,1,0.07
840846706,8,1,0.13
840850417,7,1,0.01
840850417,8,1,0.04
840873907,9,1,0.001
840875521,4,1,0.2
840875652,3,1,0.5
840875652,7,1,3.0
840875652,8,1,0.5
840879005,1,1,0.02
840879005,7,1,0.5
840879005,8,1,0.5
840881179,1,1,0.0
840881179,2,1,0.0
840881179,3,1,0.0
840881179,4,1,0.0
840881179,5,1,0.0
840881179,6,1,0.0
840881179,7,1,0.0
840881179,8,1,0.0
840881179,9,1,0.0
840881179,10,1,0.66
840893348,4,1,0.05
840894450,4,1,0.4
840894451,6,1,0.1
840894451,7,1,0.2
840897361,7,1,0.2
840897361,8,1,0.5
840905223,4,1,0.6
840905223,7,1,0.1
840905223,8,1,0.2
840931597,7,1,0.1
840931597,8,1,0.8
840934623,2,1,0.2
841325633,6,1,0.01
841325633,7,1,0.01
841325633,8,1,0.01
841329610,7,1,0.4
841329610,8,1,1.0
841345824,1,1,0.9
841345824,7,1,0.1
841345824,8,1,0.6
841348923,6,1,0.05
841348923,7,1,0.05
841374073,8,1,0.2
841383015,7,1,0.2
841383015,8,1,0.6
841383471,4,1,0.3
841383471,7,1,0.7
841422487,6,1,0.2
841422487,7,1,0.2
841422487,8,1,0.1
841429560,8,1,0.35
841429560,10,1,0.05
841468076,7,1,0.04
841468076,8,1,0.01
841479601,7,1,0.2
841479601,8,1,0.6
841720439,1,1,0.0
841720439,2,1,0.0
841720439,3,1,0.0
841720439,4,1,0.0
841720439,5,1,0.0
841720439,6,1,0.0
841720439,7,1,0.18
841720439,8,1,0.0
841720439,9,1,0.0
841720439,10,1,0.0
841744600,4,1,2.21
841744600,8,1,2.0
841787309,8,1,0.18
841793725,7,1,0.001
841822235,4,1,1.0
841826286,1,1,0.0
841826286,2,1,0.0
841826286,3,1,0.0
841826286,4,1,0.0
841826286,5,1,0.0
841826286,6,1,0.0
841826286,7,1,0.25
841826286,8,1,0.0
841826286,9,1,0.0
841826286,10,1,0.0
841873853,7,1,0.02
841893143,1,1,0.0
841893143,2,1,0.0
841893143,3,1,0.0
841893143,4,1,0.0
841893143,5,1,0.0
841893143,6,1,0.0
841893143,7,1,0.45
841893143,8,1,0.0
841893143,9,1,0.0
841893143,10,1,0.0
841959374,7,1,2.0
842225075,8,1,0.01
842259907,10,1,0.5
842274138,4,1,0.15
842274138,7,1,0.2
842274138,8,1,0.7
842303319,4,1,0.3
842315395,5,1,0.1
842315395,10,1,0.13
842352820,6,1,0.2
842352820,7,1,0.8
842354291,7,1,0.03
842354291,8,1,0.05
842368893,7,1,0.04
842368893,8,1,0.15
842372380,1,1,0.0
842372380,2,1,0.0
842372380,3,1,1.0
842372380,4,1,0.0
842372380,5,1,0.0
842372380,6,1,0.0
842372380,7,1,0.0
842372380,8,1,0.0
842372380,9,1,0.0
842372380,10,1,0.0
842372460,7,1,0.9
842372460,8,1,1.0
842373372,6,1,1.4
842373372,7,1,1.46
842373372,8,1,3.6
842397781,6,1,0.07
842397781,7,1,0.18
842412935,4,1,1.0
842412935,7,1,2.0
842412935,8,1,1.0
842416950,7,1,0.02
842416950,8,1,0.04
842453609,4,1,0.4
842453609,7,1,0.2
842453609,8,1,0.1
842686818,1,1,0.0
842686818,2,1,0.0
842686818,3,1,0.0
842686818,4,1,0.0
842686818,5,1,0.0
842686818,6,1,0.0
842686818,7,1,0.2
842686818,8,1,0.0
842686818,9,1,0.0
842686818,10,1,0.0
842735351,8,1,0.02
842747732,7,1,0.1
842747732,8,1,0.15
842747828,8,1,0.01
842781355,1,1,2.0
842781355,2,1,0.0
842781355,3,1,0.0
842781355,4,1,0.0
842781355,5,1,0.0
842781355,6,1,0.0
842781355,7,1,2.0
842781355,8,1,2.0
842781355,9,1,0.0
842781355,10,1,0.0
842793160,8,1,2.0
842794332,7,1,0.1
842795501,7,1,0.05
842795501,8,1,0.05
842798685,7,1,0.04
842798685,8,1,0.2
842799407,7,1,0.1
842799407,8,1,0.03
842822858,7,1,0.02
842830380,4,1,1.0
842830380,7,1,2.0
842831058,7,1,0.1
842845288,4,1,0.8
842845288,7,1,1.5
842882213,6,1,1.7
842882213,7,1,1.7
842882213,8,1,11.0
842882387,4,1,1.0
842882387,7,1,3.0
842918142,6,1,0.01
842918142,7,1,0.01
842918142,8,1,0.18
842920484,7,1,0.02
842920484,8,1,0.02
842962468,1,1,0.0
842962468,2,1,0.0
842962468,3,1,0.0
842962468,4,1,0.0
842962468,5,1,0.0
842962468,6,1,0.0
842962468,7,1,0.33
842962468,8,1,0.0
842962468,9,1,0.0
842962468,10,1,0.0
843127087,6,1,0.0005
843127087,7,1,0.0005
843142987,10,1,0.08
843165513,1,1,0.0
843165513,2,1,0.0
843165513,3,1,0.0
843165513,4,1,0.0
843165513,5,1,0.0
843165513,6,1,0.0
843165513,7,1,0.95
843165513,8,1,0.0
843165513,9,1,0.0
843165513,10,1,0.0
843213439,1,1,0.0
843213439,2,1,0.0
843213439,3,1,0.0
843213439,4,1,0.0
843213439,5,1,0.0
843213439,6,1,0.0
843213439,7,1,0.035
843213439,8,1,0.0
843213439,9,1,0.0
843213439,10,1,0.0
843231194,8,1,0.2
843231194,10,1,0.1
843231854,7,1,0.005
843231854,8,1,0.005
843263815,8,1,0.1
843264728,8,1,0.1
843277299,7,1,0.2
843277299,8,1,1.8
843280844,7,1,2.0
843280844,8,1,1.0
843302065,2,1,0.3
843302065,7,1,1.0
843302065,8,1,0.2
843305181,7,1,0.01
843307810,6,1,3.38
843307810,7,1,4.96
843309744,7,1,0.1
843319289,1,1,0.5
843319289,4,1,1.0
843319289,5,1,0.0
843319289,7,1,5.0
843319289,8,1,0.6
843322398,7,1,0.1
843322398,10,1,0.4
843351642,7,1,2.0
843351642,8,1,2.0
843351642,10,1,2.0
843364448,8,1,0.03
843392885,8,1,7.38
843403923,10,1,0.01
843406461,4,1,2.0
843406461,7,1,0.5
843605414,1,1,0.0
843605414,2,1,0.0
843605414,3,1,0.0
843605414,4,1,0.0
843605414,5,1,0.0
843605414,6,1,0.0
843605414,7,1,0.1
843605414,8,1,0.0
843605414,9,1,0.0
843605414,10,1,0.0
843657677,1,1,0.0
843657677,2,1,0.0
843657677,3,1,0.0
843657677,4,1,0.0
843657677,5,1,0.0
843657677,6,1,0.0
843657677,7,1,0.02
843657677,8,1,0.0
843657677,9,1,0.0
843657677,10,1,0.0
843657763,1,1,0.0
843657763,2,1,0.0
843657763,3,1,0.0
843657763,4,1,0.0
843657763,5,1,0.0
843657763,6,1,0.0
843657763,7,1,0.1
843657763,8,1,0.0
843657763,9,1,0.0
843657763,10,1,0.0
843657836,1,1,0.0
843657836,2,1,0.0
843657836,3,1,0.0
843657836,4,1,0.0
843657836,5,1,0.0
843657836,6,1,0.0
843657836,7,1,0.02
843657836,8,1,0.0
843657836,9,1,0.0
843657836,10,1,0.0
843689958,4,1,0.25
843689958,7,1,0.25
843726666,6,1,0.005
843726666,8,1,0.015
843731225,4,1,0.15
843731225,8,1,0.13
843732189,10,1,0.2
843773092,8,1,0.16
843776325,7,1,0.01
843783050,7,1,0.06
843783050,8,1,2.0
843785387,6,1,0.1
843785387,8,1,0.5
843785387,10,1,1.3
843787694,6,1,0.1
843787694,7,1,0.8
843825511,6,1,0.06
843825511,7,1,0.1
843825511,8,1,0.2
843929407,7,1,0.01
843929407,8,1,0.04
844146529,7,1,0.7
844146529,8,1,0.09
844146529,10,1,6.0
844156632,1,1,0.0
844156632,2,1,0.0
844156632,3,1,0.0
844156632,4,1,7.8
844156632,5,1,0.0
844156632,6,1,0.0
844156632,7,1,0.0
844156632,8,1,0.0
844156632,9,1,0.0
844156632,10,1,0.0
844195453,1,1,0.5
844195453,5,1,0.1
844195453,7,1,0.5
844195453,8,1,1.0
844200143,4,1,0.1
844206679,7,1,0.01
844209219,7,1,0.08
844209219,8,1,0.3
844209762,7,1,0.25
844212181,6,1,0.2
844212181,7,1,0.5
844218858,1,1,0.0
844218858,2,1,0.0
844218858,3,1,0.0
844218858,4,1,0.0
844218858,5,1,0.0
844218858,6,1,0.0
844218858,7,1,0.1
844218858,8,1,0.0
844218858,9,1,0.0
844218858,10,1,0.0
844243731,8,1,0.1
844243731,10,1,0.1
844244188,7,1,1.0
844244188,8,1,0.5
844244188,10,1,2.37
844249424,7,1,0.12
844249424,8,1,0.18
844254103,7,1,0.4
844254103,8,1,1.0
844256693,10,1,0.1
844304013,7,1,0.05
844304013,8,1,0.15
844316255,3,1,0.4
844316255,8,1,0.1
844348089,7,1,0.155
844348089,8,1,0.045
844617755,7,1,0.01
844617755,8,1,0.05
844660576,8,1,0.01
844679872,7,1,0.01
844679872,8,1,0.02
844724496,7,1,0.03
844725755,7,1,0.06
844725755,10,1,0.07
844726405,7,1,0.5
844726405,8,1,0.2
844753969,8,1,0.02
844756203,7,1,0.37
844756203,8,1,0.6
844763869,8,1,0.4
844776941,6,1,0.2
844779285,8,1,0.001
845124235,4,1,0.5
845156612,7,1,0.2
845156612,8,1,0.8
845193349,1,1,0.0
845193349,2,1,0.0
845193349,3,1,0.0
845193349,4,1,0.0
845193349,5,1,0.0
845193349,6,1,0.0
845193349,7,1,0.1
845193349,8,1,0.0
845193349,9,1,0.0
845193349,10,1,0.0
845199999,6,1,0.27
845199999,7,1,0.55
845199999,8,1,1.9
845205753,7,1,0.5
845205753,10,1,0.6
845247326,1,1,0.0
845247326,2,1,0.0
845247326,3,1,0.0
845247326,4,1,0.0
845247326,5,1,0.0
845247326,6,1,0.0
845247326,7,1,0.02
845247326,8,1,0.0
845247326,9,1,0.0
845247326,10,1,0.0
845249149,1,1,0.0
845249149,2,1,0.0
845249149,3,1,0.0
845249149,4,1,0.0
845249149,5,1,0.0
845249149,6,1,0.0
845249149,7,1,0.44
845249149,8,1,0.0
845249149,9,1,0.0
845249149,10,1,0.0
845250859,10,1,0.03
845253421,4,1,0.6
845253421,7,1,0.1
845254360,4,1,0.2
845254360,7,1,0.3
845270429,7,1,0.6
845270429,10,1,0.1
845350853,7,1,0.17
845350853,8,1,0.1
845693873,8,1,0.02
845694453,7,1,1.12
845697303,7,1,0.2
845697303,8,1,0.1
845738134,1,1,1.0
845738134,4,1,7.0
845738134,7,1,5.0
845738134,8,1,3.0
845741148,8,1,0.5
845744268,7,1,0.3
845757649,4,1,0.9
845757649,7,1,0.4
845757649,8,1,0.1
845760731,8,1,0.2
845760731,10,1,0.4
845789710,8,1,0.02
845835860,4,1,0.6
845835860,6,1,0.4
845837907,7,1,0.005
845837907,8,1,0.003
845837907,10,1,0.002
845872031,4,1,4.0
845872031,8,1,0.1
846042827,1,1,0.0
846042827,2,1,0.0
846042827,3,1,0.0
846042827,4,1,0.0
846042827,5,1,0.0
846042827,6,1,0.0
846042827,7,1,0.09
846042827,8,1,0.0
846042827,9,1,0.0
846042827,10,1,0.0
846059293,6,1,0.03
846059293,7,1,0.2
846108841,10,1,0.03
846198887,4,1,0.6
846198887,7,1,0.53
846198887,10,1,3.0
846205608,7,1,0.04
846205608,8,1,0.01
846231699,4,1,1.0
846231699,7,1,0.14
846232175,7,1,0.2
846232175,8,1,0.08
846255792,4,1,0.8
846255792,7,1,0.2
846257067,7,1,0.04
846257067,8,1,0.02
846361011,7,1,0.15
846361011,8,1,0.05
846408800,4,1,0.5
846408800,10,1,0.5
846577429,1,1,0.0
846577429,2,1,0.0
846577429,3,1,0.0
846577429,4,1,0.0
846577429,5,1,0.0
846577429,6,1,0.0
846577429,7,1,0.23
846577429,8,1,0.0
846577429,9,1,0.0
846577429,10,1,0.0
846590137,1,1,0.0
846590137,2,1,0.0
846590137,3,1,0.0
846590137,4,1,0.0
846590137,5,1,0.0
846590137,6,1,0.0
846590137,7,1,0.38
846590137,8,1,0.0
846590137,9,1,0.0
846590137,10,1,0.0
846597220,7,1,1.0
846597220,8,1,0.5
846631105,8,1,0.42
846639058,8,1,5.0
846668688,3,1,1.5
846668688,8,1,3.5
846673769,4,1,0.1
846673769,7,1,0.2
846685221,8,1,2.4
846685221,10,1,0.1
846711263,4,1,0.15
846711263,10,1,1.0
846718042,7,1,0.2
846718042,8,1,0.1
846728354,7,1,0.2
846728354,8,1,0.2
846730012,7,1,0.5
846730012,8,1,1.0
846758715,6,1,0.15
846758715,8,1,0.8
846758715,10,1,0.5
846761934,4,1,0.85
846761934,8,1,0.85
846773827,1,1,0.0
846773827,2,1,0.0
846773827,3,1,0.0
846773827,4,1,1.21
846773827,5,1,0.0
846773827,6,1,0.0
846773827,7,1,0.0
846773827,8,1,0.0
846773827,9,1,0.0
846773827,10,1,0.0
847094851,2,1,0.1
847094851,7,1,0.8
847106048,8,1,0.03
847106928,8,1,0.01
847111746,1,1,0.2
847111746,4,1,0.5
847111746,7,1,2.5
847111746,8,1,0.1
847137814,7,1,0.5
847137814,8,1,0.5
847153369,1,1,0.01
847180718,8,1,0.1
847242551,1,1,0.1
847242551,7,1,0.2
847242551,8,1,0.3
847242551,10,1,0.9
847269688,10,1,0.001
847521576,1,1,0.0
847521576,2,1,0.0
847521576,3,1,0.0
847521576,4,1,0.0
847521576,5,1,0.0
847521576,6,1,0.0
847521576,7,1,0.23
847521576,8,1,0.0
847521576,9,1,0.0
847521576,10,1,0.0
847523954,8,1,0.6
847539097,8,1,0.1
847542499,1,1,0.0
847542499,2,1,0.0
847542499,3,1,0.0
847542499,4,1,0.0
847542499,5,1,0.0
847542499,6,1,0.0
847542499,7,1,0.0015
847542499,8,1,0.0
847542499,9,1,0.0
847542499,10,1,0.0
847586347,5,1,0.01
847586347,8,1,0.29
847589497,7,1,0.002
847589497,8,1,0.008
847610416,5,1,0.02
847610416,7,1,0.02
847610416,8,1,0.04
847620705,8,1,0.1
847633825,7,1,0.1
847633825,8,1,0.1
847635256,6,1,0.1
847635256,8,1,0.4
847637788,7,1,0.12
847637788,8,1,0.12
847663414,7,1,0.005
847663414,8,1,0.005
847665888,10,1,0.22
847666683,4,1,0.1
847666683,8,1,0.27
847671312,7,1,0.4
847671312,8,1,0.2
847683147,4,1,0.1
847683147,7,1,0.1
847683147,10,1,0.1
847730817,4,1,0.1
847730817,7,1,0.3
847730817,8,1,0.1
847794315,10,1,0.03
848030252,8,1,1.1
848073241,7,1,0.05
848073241,8,1,0.15
848148997,4,1,0.05
848148997,7,1,0.05
848475605,4,1,0.01
848475605,8,1,0.19
848541967,4,1,0.003
848541967,7,1,0.007
848542729,8,1,0.02
848544542,8,1,0.5
848570936,6,1,0.05
848570936,7,1,0.1
848571754,2,1,0.88
848571754,8,1,0.4
848574047,8,1,0.3
848588483,8,1,0.15
848588775,3,1,0.15
848588775,8,1,0.5
848649267,8,1,0.01
848649509,6,1,0.05
848649509,7,1,0.15
848693661,6,1,0.5
848693661,7,1,0.1
848693661,8,1,0.1
849004138,7,1,0.2
849004138,8,1,0.2
849006178,8,1,0.16
849032101,1,1,0.0
849032101,2,1,0.0
849032101,3,1,0.0
849032101,4,1,0.0
849032101,5,1,0.0
849032101,6,1,0.0
849032101,7,1,0.05
849032101,8,1,0.0
849032101,9,1,0.0
849032101,10,1,0.0
849039168,7,1,0.01
849057449,10,1,0.15
849057554,1,1,0.0
849057554,2,1,0.0
849057554,3,1,0.0
849057554,4,1,0.0
849057554,5,1,0.0
849057554,6,1,0.0
849057554,7,1,0.03
849057554,8,1,0.0
849057554,9,1,0.0
849057554,10,1,0.0
849081260,1,1,0.0
849081260,2,1,0.0
849081260,3,1,0.0
849081260,4,1,0.0
849081260,5,1,0.0
849081260,6,1,1.49
849081260,7,1,0.0
849081260,8,1,0.0
849081260,9,1,0.0
849081260,10,1,0.0
849081968,7,1,0.03
849081968,8,1,0.7
849098592,4,1,0.01
849098592,8,1,0.02
849107312,3,1,0.1
849107312,7,1,0.2
849107312,8,1,0.2
849108797,1,1,0.1
849135667,7,1,0.15
849154238,8,1,0.07
849155171,6,1,0.04
849155171,7,1,0.04
849155171,8,1,0.1
849527209,7,1,0.01
849527209,8,1,0.07
849544955,7,1,0.005
849544955,8,1,0.005
849547138,1,1,0.0
849547138,2,1,0.0
849547138,3,1,0.0
849547138,4,1,0.0
849547138,5,1,0.0
849547138,6,1,0.0
849547138,7,1,0.0
849547138,8,1,0.7
849547138,9,1,0.0
849547138,10,1,0.0
849588348,7,1,0.1
849588348,8,1,0.3
849667302,7,1,0.125
849667302,8,1,0.125
849946904,1,1,0.0
849946904,2,1,0.0
849946904,3,1,0.0
849946904,4,1,0.0
849946904,5,1,0.0
849946904,6,1,0.0
849946904,7,1,0.0
849946904,8,1,0.0
849946904,9,1,0.0
849946904,10,1,0.01
849959187,8,1,0.01
849996151,2,1,1.1
849996151,4,1,0.02
849996151,7,1,1.0
849996151,8,1,2.0
850068149,8,1,0.04
850070314,7,1,0.01
850070314,8,1,0.01
850110959,4,1,0.08
850110959,7,1,0.1
850110959,8,1,0.2
850321008,4,1,0.01
850321008,8,1,0.03
850395440,3,1,0.1
850395440,7,1,0.15
850395440,8,1,0.01
850395440,10,1,0.1
850398450,8,1,0.3
850428611,7,1,0.01
850428611,8,1,0.02
850483298,5,1,0.03
850547181,7,1,0.05
850547181,8,1,0.05
850615273,8,1,0.01
850898214,1,1,0.0
850898214,2,1,0.0
850898214,3,1,0.0
850898214,4,1,0.0
850898214,5,1,0.0
850898214,6,1,0.0
850898214,7,1,0.58
850898214,8,1,0.0
850898214,9,1,0.0
850898214,10,1,0.0
850898451,1,1,0.0
850898451,2,1,0.0
850898451,3,1,0.0
850898451,4,1,0.0
850898451,5,1,0.0
850898451,6,1,0.0
850898451,7,1,0.2
850898451,8,1,0.0
850898451,9,1,0.0
850898451,10,1,0.0
850898818,1,1,0.0
850898818,2,1,0.0
850898818,3,1,0.0
850898818,4,1,0.0
850898818,5,1,0.4
850898818,6,1,0.0
850898818,7,1,0.0
850898818,8,1,0.0
850898818,9,1,0.0
850898818,10,1,0.0
850899339,1,1,0.0
850899339,2,1,0.0
850899339,3,1,0.0
850899339,4,1,0.0
850899339,5,1,0.0
850899339,6,1,0.0
850899339,7,1,0.1
850899339,8,1,0.0
850899339,9,1,0.0
850899339,10,1,0.0
850899582,1,1,0.0
850899582,2,1,0.0
850899582,3,1,0.0
850899582,4,1,0.0
850899582,5,1,0.0
850899582,6,1,0.0
850899582,7,1,0.18
850899582,8,1,0.0
850899582,9,1,0.0
850899582,10,1,0.0
850900293,1,1,0.0
850900293,2,1,0.0
850900293,3,1,0.0
850900293,4,1,0.0
850900293,5,1,0.0
850900293,6,1,0.0
850900293,7,1,0.08
850900293,8,1,0.0
850900293,9,1,0.0
850900293,10,1,0.0
850969347,3,1,0.12
850969347,7,1,0.2
851264957,7,1,0.4
851291604,8,1,0.1
851291604,10,1,0.22
851390411,8,1,0.17
851407383,4,1,0.01
851407383,7,1,0.02
851414293,10,1,0.01
851417238,7,1,0.01
851417238,10,1,0.01
851442458,7,1,0.8
851442458,8,1,3.0
851443439,1,1,0.0
851443439,2,1,0.0
851443439,3,1,0.0
851443439,4,1,0.0
851443439,5,1,0.0
851443439,6,1,0.0
851443439,7,1,0.01
851443439,8,1,0.0
851443439,9,1,0.0
851443439,10,1,0.0
851461849,1,1,0.0
851461849,2,1,0.0
851461849,3,1,0.0
851461849,4,1,0.0
851461849,5,1,0.0
851461849,6,1,0.0
851461849,7,1,0.0025
851461849,8,1,0.0
851461849,9,1,0.0
851461849,10,1,0.0
851462779,7,1,3.0
851462779,8,1,5.0
851464552,1,1,0.0
851464552,2,1,0.0
851464552,3,1,0.0
851464552,4,1,0.0
851464552,5,1,0.0
851464552,6,1,0.0
851464552,7,1,0.006
851464552,8,1,0.0
851464552,9,1,0.0
851464552,10,1,0.0
851505327,1,1,0.0
851505327,2,1,0.0
851505327,3,1,0.0
851505327,4,1,0.0
851505327,5,1,0.0
851505327,6,1,0.0
851505327,7,1,0.15
851505327,8,1,0.0
851505327,9,1,0.0
851505327,10,1,0.0
851505990,1,1,0.0
851505990,2,1,0.0
851505990,3,1,0.0
851505990,4,1,0.0
851505990,5,1,0.0
851505990,6,1,0.0
851505990,7,1,0.02
851505990,8,1,0.0
851505990,9,1,0.0
851505990,10,1,0.0
851511331,1,1,0.0
851511331,2,1,0.0
851511331,3,1,0.0
851511331,4,1,0.0
851511331,5,1,0.0
851511331,6,1,0.0
851511331,7,1,0.74
851511331,8,1,0.0
851511331,9,1,0.0
851511331,10,1,0.0
851852756,7,1,0.048
851852756,8,1,0.012
851852782,7,1,0.1
851852782,8,1,0.08
851909476,7,1,2.0
851909476,8,1,5.0
852000089,2,1,0.5
852143114,4,1,0.05
852143114,7,1,0.01
852143114,8,1,0.01
852255573,7,1,0.3
852255573,8,1,0.04
852291788,5,1,0.17
852291788,7,1,0.01
852291788,8,1,0.02
852328366,9,1,0.9
852378618,10,1,4.0
852379800,8,1,0.15
852379800,9,1,0.06
852391759,6,1,0.05
852391759,8,1,0.15
852393944,3,1,0.01
852393944,10,1,2.0
852395193,8,1,0.3
852418434,8,1,0.2
852434184,10,1,4.5
852434840,7,1,0.1
852434840,8,1,0.2
852807264,7,1,0.19
852824778,7,1,0.1
852824778,8,1,0.9
852852588,7,1,0.1
852852588,8,1,0.3
852874169,6,1,0.15
852874169,8,1,0.22
852875069,8,1,144.5
852877181,7,1,0.2
852877181,8,1,0.5
852904183,7,1,0.2
852904183,8,1,1.4
852910622,8,1,2.6
852952271,2,1,0.1
852952271,10,1,0.1
852990566,10,1,0.2
853198637,1,1,0.2
853198637,4,1,0.15
853271597,7,1,0.001
853271597,8,1,0.009
853284171,8,1,0.6
853311582,10,1,1.2
853315680,7,1,0.2
853315680,8,1,0.3
853315680,10,1,1.0
853325684,4,1,0.25
853325684,7,1,1.0
853325684,8,1,3.0
853325684,9,1,0.05
853353012,10,1,0.05
853366829,7,1,0.15
853371554,10,1,0.01
853396649,3,1,0.1
853644859,4,1,0.01
853644859,8,1,0.01
853667837,6,1,0.007
853667837,7,1,0.021
853667837,8,1,0.112
853713055,7,1,0.05
853713055,8,1,0.45
853720491,7,1,0.1
853720491,8,1,0.4
853722542,8,1,0.3
853750259,8,1,0.1
853753077,7,1,0.15
853792132,8,1,1.0
853792132,9,1,0.2
853792132,10,1,2.6
853793049,1,1,0.0
853793049,2,1,0.4
853793049,3,1,0.0
853793049,4,1,0.0
853793049,5,1,0.0
853793049,6,1,0.0
853793049,7,1,0.1
853793049,8,1,0.2
853793049,9,1,0.0
853793049,10,1,0.0
853832418,3,1,0.3
853832418,4,1,0.3
853834255,7,1,0.05
853834255,8,1,0.25
854159109,1,1,0.0
854159109,2,1,0.0
854159109,3,1,0.0
854159109,4,1,0.0
854159109,5,1,0.0
854159109,6,1,0.0
854159109,7,1,0.0025
854159109,8,1,0.0
854159109,9,1,0.0
854159109,10,1,0.0
854173314,7,1,0.18
854173314,8,1,0.3
854210269,1,1,0.0
854210269,2,1,0.0
854210269,3,1,0.0
854210269,4,1,0.0
854210269,5,1,0.0
854210269,6,1,0.0
854210269,7,1,0.01
854210269,8,1,0.0
854210269,9,1,0.0
854210269,10,1,0.0
854212585,7,1,0.02
854212585,8,1,0.03
854254003,8,1,0.015
854255382,4,1,0.8
854255382,8,1,0.4
854299785,6,1,0.2
854299785,7,1,0.28
854299785,8,1,0.4
854388475,7,1,0.005
854388475,8,1,0.015
854569144,4,1,0.2
854569144,7,1,0.3
854569144,10,1,0.6
854617758,6,1,0.1
854617758,7,1,0.7
854617758,8,1,0.2
854659368,1,1,0.005
854659368,7,1,0.005
854659368,8,1,0.01
854709598,1,1,0.08
854709598,10,1,0.04
854709830,7,1,0.01
854738597,6,1,0.002
854738597,7,1,0.002
854738597,8,1,0.006
854972601,3,1,0.15
854972601,6,1,0.81
854972601,7,1,0.76
854972601,10,1,3.0
855165955,8,1,1.0
855550222,1,1,0.0
855550222,2,1,0.0
855550222,3,1,0.0
855550222,4,1,0.0
855550222,5,1,0.0
855550222,6,1,0.0
855550222,7,1,0.0
855550222,8,1,0.0
855550222,9,1,0.0
855550222,10,1,0.01
855687064,7,1,0.01
855687064,8,1,0.0038
855696789,7,1,0.07
855696789,8,1,0.1
856027533,8,1,0.3
856034991,7,1,0.03
856034991,10,1,1.0
856037574,4,1,0.03
856037574,10,1,0.07
856146729,7,1,0.04
856146729,8,1,0.1
856153293,8,1,0.01
856442502,4,1,0.044
856442502,8,1,0.01
856493917,8,1,0.057
856495127,8,1,0.29
856520560,7,1,0.1
856520560,8,1,0.4
856822757,7,1,0.01
856822757,8,1,0.01
856822757,10,1,0.01
856857455,7,1,0.3
856857455,8,1,0.2
856858618,7,1,0.1
856858618,8,1,0.3
856858708,4,1,0.02
856858708,8,1,0.08
856868106,8,1,1.15
856870013,7,1,0.02
856870779,4,1,0.15
856870779,7,1,0.35
856905658,7,1,0.2
856905658,8,1,0.5
856932909,6,1,0.17
856932909,8,1,0.4
856945835,8,1,0.03
857106249,7,1,0.03
857106249,8,1,0.05
857290516,4,1,0.01
857290516,7,1,0.05
857290516,8,1,0.07
857331225,8,1,1.55
857642154,6,1,0.16
857642154,8,1,0.01
857714370,8,1,0.01
857757728,6,1,0.3
857757728,7,1,1.0
857757728,8,1,1.39
857758214,1,1,0.0
857758214,2,1,0.0
857758214,3,1,0.0
857758214,4,1,0.0
857758214,5,1,0.0
857758214,6,1,0.0
857758214,7,1,0.0
857758214,8,1,0.0
857758214,9,1,0.0
857758214,10,1,0.06
857762892,8,1,0.05
858151297,8,1,0.06
858154820,8,1,0.01
858528723,7,1,1.3825
858528723,8,1,3.3975
858607263,8,1,0.1
858613467,8,1,0.2
858664311,7,1,0.4
858664311,8,1,0.49
859000003,7,1,0.08
859000003,8,1,0.16
859466896,8,1,0.01
859503044,5,1,0.17
859504081,8,1,0.02
859504081,10,1,0.01
859864200,10,1,4.0
859899987,6,1,0.04
859899987,8,1,0.06
860215877,1,1,0.0
860215877,2,1,0.0
860215877,3,1,0.0
860215877,4,1,0.0
860215877,5,1,0.0
860215877,6,1,0.0
860215877,7,1,0.7
860215877,8,1,0.0
860215877,9,1,0.0
860215877,10,1,0.0
860298667,10,1,0.12
860300164,8,1,0.02
860332018,6,1,3.0
860332018,7,1,1.0
860332018,8,1,2.0
860647316,6,1,0.015
860647316,8,1,0.015
860686125,8,1,0.2
861527899,7,1,0.2
861527899,8,1,0.2
861561489,8,1,0.02
861603548,7,1,0.15
861603548,8,1,0.6
861984839,3,1,0.4
862025022,1,1,0.05
862025022,2,1,0.0
862025022,3,1,0.0
862025022,4,1,0.0
862025022,5,1,0.0
862025022,6,1,0.0
862025022,7,1,0.0
862025022,8,1,0.0
862025022,9,1,0.0
862025022,10,1,0.0
862026843,8,1,9.0
862297854,8,1,0.01
862362419,8,1,0.01
862398550,6,1,0.05
862398550,7,1,0.05
862398550,8,1,0.1
862479521,7,1,0.1
862479521,8,1,0.2
862809822,8,1,0.03
862817301,8,1,2.0
862817802,10,1,2.5
862818550,7,1,0.01
862818550,8,1,0.01
862844692,5,1,0.025
862844692,8,1,0.025
862846958,7,1,0.2
862846958,8,1,0.1
862855504,6,1,0.4
862855504,8,1,0.6
862881827,4,1,0.1
862881827,8,1,0.05
862881827,10,1,0.05
863108329,1,1,0.0
863108329,2,1,0.0
863108329,3,1,0.0
863108329,4,1,0.0
863108329,5,1,0.0
863108329,6,1,0.0
863108329,7,1,0.0
863108329,8,1,0.0
863108329,9,1,0.0
863108329,10,1,0.16
863192856,6,1,2.0
863192856,7,1,1.2
863239218,7,1,1.0
863260425,6,1,0.1
863260425,7,1,0.2
863260425,8,1,0.4
863329530,7,1,0.01
863631037,1,1,0.0
863631037,2,1,0.0
863631037,3,1,0.0
863631037,4,1,0.0
863631037,5,1,0.0
863631037,6,1,0.0
863631037,7,1,0.02
863631037,8,1,0.0
863631037,9,1,0.0
863631037,10,1,0.0
863671924,6,1,227.113
863671924,8,1,20.503
863684668,8,1,0.02
863686244,7,1,0.3
863686244,8,1,0.7
863755931,7,1,0.1
863852787,7,1,0.1
863852787,8,1,0.9
863953032,1,1,3.55
863953032,3,1,6.8
863953032,7,1,39.13
863953032,10,1,32.86
863995004,1,1,0.0
863995004,2,1,0.0
863995004,3,1,11.57
863995004,4,1,0.08
863995004,5,1,0.0
863995004,6,1,28.06
863995004,7,1,63.43
863995004,8,1,0.0
863995004,9,1,0.0
863995004,10,1,193.9
864026085,7,1,0.1
864113831,7,1,0.25
864113831,8,1,0.25
864156537,6,1,2.0
864156537,7,1,2.0
864156537,8,1,1.0
864160257,7,1,0.2
864161732,4,1,0.3
864161732,8,1,0.2
864171647,6,1,636.17
864171647,7,1,0.6
864171647,8,1,3.34
864175403,8,1,0.01
864451217,3,1,7.157
864451217,6,1,78.742
864537607,8,1,0.01
864570338,7,1,0.01
864570338,8,1,0.01
864581294,1,1,0.0
864581294,2,1,0.0
864581294,3,1,0.0
864581294,4,1,0.0
864581294,5,1,0.0
864581294,6,1,0.0
864581294,7,1,24.0
864581294,8,1,0.0
864581294,9,1,0.0
864581294,10,1,0.0
864614494,8,1,0.1
864890600,7,1,2.5
864953226,7,1,0.13
864958417,1,1,0.0
864958417,2,1,0.0
864958417,3,1,0.0
864958417,4,1,0.0
864958417,5,1,0.0
864958417,6,1,0.0
864958417,7,1,0.04
864958417,8,1,0.0
864958417,9,1,0.0
864958417,10,1,0.0
864983417,6,1,0.2
864983417,7,1,1.1
865003850,8,1,0.02
865030080,6,1,0.02
865030080,7,1,0.06
865030080,8,1,0.01
865391395,1,1,0.0
865391395,2,1,0.0
865391395,3,1,0.0
865391395,4,1,0.0
865391395,5,1,0.0
865391395,6,1,0.0
865391395,7,1,10.0
865391395,8,1,0.0
865391395,9,1,0.0
865391395,10,1,0.0
865444108,7,1,0.02
865444108,8,1,0.1
865567347,8,1,0.2
865879139,6,1,0.05
865931013,7,1,0.01
865931013,8,1,0.02
866201341,1,1,0.0
866201341,2,1,0.0
866201341,3,1,0.0
866201341,4,1,0.0
866201341,5,1,0.0
866201341,6,1,0.0
866201341,7,1,0.02
866201341,8,1,0.0
866201341,9,1,0.0
866201341,10,1,0.0
866273202,8,1,0.63
866312771,1,1,0.0
866312771,2,1,0.0
866312771,3,1,0.0
866312771,4,1,0.0
866312771,5,1,0.0
866312771,6,1,0.0
866312771,7,1,4.08
866312771,8,1,0.0
866312771,9,1,0.0
866312771,10,1,0.0
866365921,1,1,0.2
866365921,8,1,0.3
866370076,7,1,0.1
866370076,8,1,0.4
866402387,1,1,0.0
866402387,2,1,0.0
866402387,3,1,0.0
866402387,4,1,0.0
866402387,5,1,0.0
866402387,6,1,0.0
866402387,7,1,0.5
866402387,8,1,0.0
866402387,9,1,0.0
866402387,10,1,0.0
866713585,4,1,0.4
866713585,7,1,1.29
866713585,8,1,0.6
866715796,6,1,12.0
866715796,7,1,5.0
866715796,8,1,15.0
866769771,7,1,0.02
866769771,10,1,0.03
866800186,6,1,39.4
866815020,8,1,0.02
866818255,4,1,0.1
866818255,7,1,0.3
866818255,8,1,1.6
866890920,1,1,0.0
866890920,2,1,0.0
866890920,3,1,0.0
866890920,4,1,0.0
866890920,5,1,0.0
866890920,6,1,0.0
866890920,7,1,4.74
866890920,8,1,0.0
866890920,9,1,0.0
866890920,10,1,0.0
867117035,7,1,0.1
867117035,8,1,0.1
867117035,10,1,0.8
867129872,1,1,0.0
867129872,2,1,0.0
867129872,3,1,0.0
867129872,4,1,0.0
867129872,5,1,0.0
867129872,6,1,0.0
867129872,7,1,0.4
867129872,8,1,0.0
867129872,9,1,0.0
867129872,10,1,0.0
867133423,7,1,0.02
867133423,8,1,0.01
867330452,7,1,0.015
867330452,8,1,0.02
867594950,8,1,19.0
867597954,1,1,0.0
867597954,2,1,0.0
867597954,3,1,0.0
867597954,4,1,0.0
867597954,5,1,0.0
867597954,6,1,0.0
867597954,7,1,0.04
867597954,8,1,0.0
867597954,9,1,0.0
867597954,10,1,0.0
867637216,4,1,0.16
868174635,4,1,0.1
868174635,7,1,0.2
868174635,8,1,0.2
868542446,6,1,0.16
868628340,10,1,0.6
869318394,6,1,0.025
870068009,1,1,0.0
870068009,2,1,0.0
870068009,3,1,0.0
870068009,4,1,0.0
870068009,5,1,0.0
870068009,6,1,0.0
870068009,7,1,0.0
870068009,8,1,0.0
870068009,9,1,0.0
870068009,10,1,0.03
870212193,8,1,1.0
870573449,7,1,0.02
870573449,8,1,0.08
870926228,7,1,0.12
870934697,1,1,0.0
870934697,2,1,0.0
870934697,3,1,0.0
870934697,4,1,0.0
870934697,5,1,0.0
870934697,6,1,0.0
870934697,7,1,0.0
870934697,8,1,0.03
870934697,9,1,0.0
870934697,10,1,0.0
872964981,6,1,0.03
872964981,7,1,0.02
872964981,8,1,0.05
873614896,8,1,0.008
873689555,1,1,0.0
873689555,2,1,0.0
873689555,3,1,0.0
873689555,4,1,0.0
873689555,5,1,0.0
873689555,6,1,0.0
873689555,7,1,0.01
873689555,8,1,0.0
873689555,9,1,0.0
873689555,10,1,0.0
874732953,1,1,0.0
874732953,2,1,0.0
874732953,3,1,0.0
874732953,4,1,0.0
874732953,5,1,2.75
874732953,6,1,0.0
874732953,7,1,0.0
874732953,8,1,0.0
874732953,9,1,0.0
874732953,10,1,0.0
874733023,1,1,0.0
874733023,2,1,0.0
874733023,3,1,0.0
874733023,4,1,0.0
874733023,5,1,0.01
874733023,6,1,0.0
874733023,7,1,0.0
874733023,8,1,0.0
874733023,9,1,0.0
874733023,10,1,0.0
874733143,1,1,0.0
874733143,2,1,0.0
874733143,3,1,0.0
874733143,4,1,0.0
874733143,5,1,0.0
874733143,6,1,0.0
874733143,7,1,0.7
874733143,8,1,0.0
874733143,9,1,0.0
874733143,10,1,0.0
874866250,1,1,0.0
874866250,2,1,0.0
874866250,3,1,0.0
874866250,4,1,0.0
874866250,5,1,0.0
874866250,6,1,0.0
874866250,7,1,0.0
874866250,8,1,0.0
874866250,9,1,0.0
874866250,10,1,0.0096
874945603,8,1,0.0
874977924,8,1,0.01
875240172,7,1,1.0
875240172,8,1,0.4
875316319,10,1,0.7
875589330,10,1,0.01
875663031,1,1,0.0
875663031,2,1,0.0
875663031,3,1,0.0
875663031,4,1,0.0
875663031,5,1,0.0
875663031,6,1,0.0
875663031,7,1,0.46
875663031,8,1,0.0
875663031,9,1,0.0
875663031,10,1,0.0
876034373,8,1,0.003
876183672,8,1,0.02
876248558,8,1,0.1
877667033,8,1,0.01
877739742,8,1,0.01
878049440,7,1,0.015
878049440,8,1,0.005
878086642,7,1,0.2
878086642,8,1,0.4
878114006,4,1,0.3
878114006,8,1,0.4
878122142,6,1,0.2
878122142,7,1,0.1
878122142,8,1,0.04
878497902,7,1,0.08
878497902,8,1,0.12
878536009,10,1,0.0
878564912,8,1,0.1
878909129,8,1,0.01
878937188,4,1,15.0
878937188,7,1,15.0
878937188,8,1,2.5
879387845,8,1,0.15
880116323,4,1,0.67
880116323,6,1,3.56
880116323,7,1,10.94
880116323,8,1,5.18
880116323,10,1,10.76
880512890,7,1,0.2
880512890,8,1,0.3
880574472,6,1,17.98
880574472,7,1,350.58
880574472,8,1,31.46
880835709,1,1,0.0
880835709,2,1,0.0
880835709,3,1,0.0
880835709,4,1,0.0
880835709,5,1,0.0
880835709,6,1,0.0
880835709,7,1,0.1
880835709,8,1,0.0
880835709,9,1,0.0
880835709,10,1,0.0
880835896,1,1,0.0
880835896,2,1,0.0
880835896,3,1,0.0
880835896,4,1,0.0
880835896,5,1,0.0
880835896,6,1,0.0
880835896,7,1,0.04
880835896,8,1,0.0
880835896,9,1,0.0
880835896,10,1,0.0
880930916,1,1,0.0
880930916,2,1,0.0
880930916,3,1,0.0
880930916,4,1,0.0
880930916,5,1,0.0
880930916,6,1,0.0
880930916,7,1,5.56
880930916,8,1,0.0
880930916,9,1,0.0
880930916,10,1,0.0
880931188,1,1,0.0
880931188,2,1,0.0
880931188,3,1,0.0
880931188,4,1,0.0
880931188,5,1,0.0
880931188,6,1,0.0
880931188,7,1,2.6
880931188,8,1,0.0
880931188,9,1,0.0
880931188,10,1,0.0
880993989,1,1,0.0541
880993989,2,1,0.0
880993989,3,1,0.0
880993989,4,1,0.0
880993989,5,1,0.0
880993989,6,1,0.0
880993989,7,1,0.0
880993989,8,1,0.0
880993989,9,1,0.0
880993989,10,1,0.0
